{"type":"FeatureCollection","features":[{"type":"Feature","properties":{"id":"d90e34a8-3486-c442-5d16-c6d483586785","name":"Macquarie Street Clinic","category":"clinic","category_label":"Abortion clinic","service_type":"Pregnancy termination","suburb":"SYDNEY","state":"NSW","postcode":"2000","appointment_required":true,"geometry_source":"openstreetmap","boundary_status":"matched","zone_basis":"osm-containing-building","zone_confidence":"building-match","legal_note":"Public Health Act 2010 (NSW) s 98A covers the clinic premises and every place within 150 m of any part of those premises or a pedestrian access point to the building. This map buffers the mapped building and does not separately model pedestrian access points.","osm_url":"https://www.openstreetmap.org/way/1451599956","data_source":"Healthdirect National Health Services Directory (NHSD)","data_source_url":"https://www.healthdirect.gov.au/australian-health-services","source_synced_at":"2026-09-16T00:09:42Z","source":"openstreetmap"},"geometry":{"type":"Polygon","coordinates":[[[151.2115855,-33.8671216],[151.2115813,-33.8671576],[151.2118343,-33.8671797],[151.2118373,-33.8671661],[151.2118504,-33.8671674],[151.2119044,-33.8671712],[151.2119003,-33.8672108],[151.2120005,-33.8672178],[151.2120043,-33.8671813],[151.2120558,-33.867185],[151.2120521,-33.8672218],[151.2120923,-33.8672246],[151.2120897,-33.8672452],[151.2117992,-33.8672213],[151.2118036,-33.8671883],[151.2114204,-33.8671529],[151.2114335,-33.8670639],[151.2115537,-33.8670741],[151.2115549,-33.8670646],[151.2115922,-33.8670678],[151.2115855,-33.8671216]]]}},{"type":"Feature","properties":{"id":"6bf7cdfa-f718-4938-b33a-6c015b323485","name":"MSI Sydney CBD Abortion & Contraception Clinic","category":"clinic","category_label":"Abortion clinic","service_type":"Pregnancy termination","suburb":"SYDNEY","state":"NSW","postcode":"2000","appointment_required":true,"geometry_source":"openstreetmap","boundary_status":"matched","zone_basis":"osm-containing-building","zone_confidence":"building-match","legal_note":"Public Health Act 2010 (NSW) s 98A covers the clinic premises and every place within 150 m of any part of those premises or a pedestrian access point to the building. This map buffers the mapped building and does not separately model pedestrian access points.","osm_url":"https://www.openstreetmap.org/way/588857921","data_source":"Healthdirect National Health Services Directory (NHSD)","data_source_url":"https://www.healthdirect.gov.au/australian-health-services","source_synced_at":"2026-09-16T00:09:42Z","source":"openstreetmap"},"geometry":{"type":"Polygon","coordinates":[[[151.2119744,-33.8668818],[151.2119602,-33.8669918],[151.211882,-33.8669849],[151.2118731,-33.8670546],[151.2118923,-33.8670605],[151.2120107,-33.8670703],[151.2122057,-33.8670865],[151.2122322,-33.8669046],[151.2119744,-33.8668818]]]}},{"type":"Feature","properties":{"id":"37d7a483-8aa3-4c27-b1bc-c80942fe05da","name":"The Private Clinic","category":"clinic","category_label":"Abortion clinic","service_type":"Pregnancy termination","suburb":"SURRY HILLS","state":"NSW","postcode":"2010","appointment_required":true,"geometry_source":"openstreetmap","boundary_status":"matched","zone_basis":"osm-containing-building","zone_confidence":"building-match","legal_note":"Public Health Act 2010 (NSW) s 98A covers the clinic premises and every place within 150 m of any part of those premises or a pedestrian access point to the building. This map buffers the mapped building and does not separately model pedestrian access points.","osm_url":"https://www.openstreetmap.org/way/586315155","data_source":"Healthdirect National Health Services Directory (NHSD)","data_source_url":"https://www.healthdirect.gov.au/australian-health-services","source_synced_at":"2026-09-16T00:09:42Z","source":"openstreetmap"},"geometry":{"type":"Polygon","coordinates":[[[151.2092642,-33.886842],[151.2092535,-33.8868625],[151.2091615,-33.8868259],[151.2090695,-33.8867893],[151.2092039,-33.8865638],[151.2092255,-33.8865276],[151.2094062,-33.8865999],[151.2093944,-33.8866223],[151.2092642,-33.886842]]]}},{"type":"Feature","properties":{"id":"601c9353-c05f-490c-8321-99b8b786dd8a","name":"Double Bay Doctors","category":"doctor","category_label":"Doctor / general practice","service_type":"Pregnancy termination","suburb":"DOUBLE BAY","state":"NSW","postcode":"2028","appointment_required":true,"geometry_source":"openstreetmap","boundary_status":"matched","zone_basis":"osm-containing-building","zone_confidence":"building-match","legal_note":"Public Health Act 2010 (NSW) s 98A covers the clinic premises and every place within 150 m of any part of those premises or a pedestrian access point to the building. This map buffers the mapped building and does not separately model pedestrian access points.","osm_url":"https://www.openstreetmap.org/way/831631766","data_source":"Healthdirect National Health Services Directory (NHSD)","data_source_url":"https://www.healthdirect.gov.au/australian-health-services","source_synced_at":"2026-09-16T00:09:42Z","source":"openstreetmap"},"geometry":{"type":"Polygon","coordinates":[[[151.2449604,-33.8768916],[151.244864,-33.8768386],[151.2448463,-33.8768288],[151.2448303,-33.8768447],[151.2448079,-33.8768359],[151.2447236,-33.8769873],[151.2447759,-33.8770076],[151.2448015,-33.8770112],[151.2448335,-33.8770094],[151.2448591,-33.8769979],[151.2448783,-33.8769811],[151.2449604,-33.8768916]]]}},{"type":"Feature","properties":{"id":"4cc90c9f-f709-4b77-9871-afbc316f008c","name":"Bondi Doctors","category":"doctor","category_label":"Doctor / general practice","service_type":"Pregnancy termination","suburb":"BONDI BEACH","state":"NSW","postcode":"2026","appointment_required":true,"geometry_source":"openstreetmap","boundary_status":"matched","zone_basis":"osm-containing-building","zone_confidence":"building-match","legal_note":"Public Health Act 2010 (NSW) s 98A covers the clinic premises and every place within 150 m of any part of those premises or a pedestrian access point to the building. This map buffers the mapped building and does not separately model pedestrian access points.","osm_url":"https://www.openstreetmap.org/way/623987597","data_source":"Healthdirect National Health Services Directory (NHSD)","data_source_url":"https://www.healthdirect.gov.au/australian-health-services","source_synced_at":"2026-09-16T00:09:42Z","source":"openstreetmap"},"geometry":{"type":"Polygon","coordinates":[[[151.2697327,-33.8890208],[151.2698392,-33.8890261],[151.2698398,-33.8890183],[151.2698828,-33.8890208],[151.2698828,-33.8890251],[151.2699421,-33.8890281],[151.2699425,-33.8890242],[151.269975,-33.8890254],[151.269975,-33.8890298],[151.2700637,-33.8890342],[151.2700638,-33.8890301],[151.2700973,-33.889032],[151.2700973,-33.8890359],[151.2702242,-33.8890423],[151.2702242,-33.8890379],[151.2702365,-33.8890388],[151.2702648,-33.8890085],[151.2702689,-33.8890115],[151.2702984,-33.8889792],[151.2701536,-33.8888815],[151.2701238,-33.8888808],[151.2701241,-33.888872],[151.2701148,-33.8888714],[151.2700806,-33.8888477],[151.2700806,-33.8888372],[151.2700106,-33.8888337],[151.2700086,-33.8888552],[151.2699558,-33.888853],[151.2699558,-33.8888485],[151.2699219,-33.8888483],[151.2699212,-33.8888535],[151.2699126,-33.8888538],[151.269909,-33.888859],[151.2698509,-33.8888651],[151.2698409,-33.8888593],[151.2698007,-33.8889012],[151.2698007,-33.8889056],[151.2697781,-33.8889056],[151.2697761,-33.8889403],[151.2697483,-33.8889401],[151.2697473,-33.8889591],[151.2697356,-33.8889591],[151.2697327,-33.8890208]]]}},{"type":"Feature","properties":{"id":"5cbea1be-ced0-49f9-9cc1-5383f8fd3903","name":"SK Medical Centre","category":"doctor","category_label":"Doctor / general practice","service_type":"Pregnancy termination","suburb":"CAMPSIE","state":"NSW","postcode":"2194","appointment_required":true,"geometry_source":"manual","boundary_status":"manual","zone_basis":"manual-premises","zone_confidence":"reviewed","legal_note":"Public Health Act 2010 (NSW) s 98A covers the clinic premises and every place within 150 m of any part of those premises or a pedestrian access point to the building. This map buffers the mapped building and does not separately model pedestrian access points.","osm_url":"","data_source":"Healthdirect National Health Services Directory (NHSD)","data_source_url":"https://www.healthdirect.gov.au/australian-health-services","source_synced_at":"2026-09-16T00:09:42Z","source":"manual"},"geometry":{"type":"Polygon","coordinates":[[[151.10396042990357,-33.91318967799514],[151.10400870966657,-33.91344788455471],[151.10343471693557,-33.913637087140756],[151.103327428576,-33.913452336385575],[151.10396042990357,-33.91318967799514]]]}},{"type":"Feature","properties":{"id":"89271310-858b-4eeb-8163-2753dd07e1cb","name":"Rhodes Family Practice","category":"doctor","category_label":"Doctor / general practice","service_type":"Pregnancy termination","suburb":"RHODES","state":"NSW","postcode":"2138","appointment_required":true,"geometry_source":"openstreetmap","boundary_status":"matched","zone_basis":"osm-containing-building","zone_confidence":"building-match","legal_note":"Public Health Act 2010 (NSW) s 98A covers the clinic premises and every place within 150 m of any part of those premises or a pedestrian access point to the building. This map buffers the mapped building and does not separately model pedestrian access points.","osm_url":"https://www.openstreetmap.org/way/564840907","data_source":"Healthdirect National Health Services Directory (NHSD)","data_source_url":"https://www.healthdirect.gov.au/australian-health-services","source_synced_at":"2026-09-16T00:09:42Z","source":"openstreetmap"},"geometry":{"type":"Polygon","coordinates":[[[151.0869506,-33.827641],[151.0870894,-33.8276621],[151.0870993,-33.8276145],[151.0871422,-33.8276191],[151.0871389,-33.8276392],[151.0872326,-33.8276548],[151.0872434,-33.8275608],[151.0872706,-33.8274761],[151.0872759,-33.827435],[151.0872842,-33.8273696],[151.0873153,-33.8272616],[151.0872182,-33.8272487],[151.0872143,-33.8272672],[151.0871716,-33.8272616],[151.0871813,-33.8272132],[151.0870454,-33.827193],[151.0869506,-33.827641]]]}},{"type":"Feature","properties":{"id":"c3b84b15-0ba4-46b6-a726-5cad58e3dd88","name":"Vivant Medical Olympic Park","category":"doctor","category_label":"Doctor / general practice","service_type":"Pregnancy termination","suburb":"LIDCOMBE","state":"NSW","postcode":"2141","appointment_required":true,"geometry_source":"openstreetmap","boundary_status":"matched","zone_basis":"osm-containing-building","zone_confidence":"building-match","legal_note":"Public Health Act 2010 (NSW) s 98A covers the clinic premises and every place within 150 m of any part of those premises or a pedestrian access point to the building. This map buffers the mapped building and does not separately model pedestrian access points.","osm_url":"https://www.openstreetmap.org/way/1364957532","data_source":"Healthdirect National Health Services Directory (NHSD)","data_source_url":"https://www.healthdirect.gov.au/australian-health-services","source_synced_at":"2026-09-16T00:09:42Z","source":"openstreetmap"},"geometry":{"type":"Polygon","coordinates":[[[151.0613115,-33.85096],[151.0618055,-33.8503539],[151.0616124,-33.8499673],[151.0610473,-33.8501771],[151.0610717,-33.8503328],[151.0608725,-33.8502391],[151.0605838,-33.8506122],[151.0613115,-33.85096]]]}},{"type":"Feature","properties":{"id":"2e6f8ddf-8f1b-4fd9-980d-7071219611a2","name":"Family Planning Australia","category":"clinic","category_label":"Abortion clinic","service_type":"Pregnancy termination","suburb":"NEWINGTON","state":"NSW","postcode":"2127","appointment_required":true,"geometry_source":"manual","boundary_status":"manual","zone_basis":"manual-premises","zone_confidence":"reviewed","legal_note":"Public Health Act 2010 (NSW) s 98A covers the clinic premises and every place within 150 m of any part of those premises or a pedestrian access point to the building. This map buffers the mapped building and does not separately model pedestrian access points.","osm_url":"","data_source":"Healthdirect National Health Services Directory (NHSD)","data_source_url":"https://www.healthdirect.gov.au/australian-health-services","source_synced_at":"2026-09-16T00:09:42Z","source":"manual"},"geometry":{"type":"Polygon","coordinates":[[[151.0557583683414,-33.83190112852235],[151.056276034681,-33.83201921471582],[151.05602927145196,-33.83266757184993],[151.0558066481044,-33.83261409928282],[151.05591393646404,-33.83227543891311],[151.05568058428105,-33.83222642216945],[151.0557583683414,-33.83190112852235]]]}},{"type":"Feature","properties":{"id":"1940d9ae-37a3-4843-a5ae-d3ce9410eb6e","name":"Family Planning Australia Day Surgery Unit","category":"clinic","category_label":"Abortion clinic","service_type":"Pregnancy termination","suburb":"NEWINGTON","state":"NSW","postcode":"2127","appointment_required":true,"geometry_source":"manual","boundary_status":"manual","zone_basis":"manual-premises","zone_confidence":"reviewed","legal_note":"Public Health Act 2010 (NSW) s 98A covers the clinic premises and every place within 150 m of any part of those premises or a pedestrian access point to the building. This map buffers the mapped building and does not separately model pedestrian access points.","osm_url":"","data_source":"Healthdirect National Health Services Directory (NHSD)","data_source_url":"https://www.healthdirect.gov.au/australian-health-services","source_synced_at":"2026-09-16T00:09:42Z","source":"manual"},"geometry":{"type":"Polygon","coordinates":[[[151.0557583683414,-33.83190112852235],[151.056276034681,-33.83201921471582],[151.05602927145196,-33.83266757184993],[151.0558066481044,-33.83261409928282],[151.05591393646404,-33.83227543891311],[151.05568058428105,-33.83222642216945],[151.0557583683414,-33.83190112852235]]]}},{"type":"Feature","properties":{"id":"6a06038f-b4f5-4f3f-afa9-65a9097e51a9","name":"MSI Westmead (Sydney West) Abortion & Contraception Clinic","category":"clinic","category_label":"Abortion clinic","service_type":"Pregnancy termination","suburb":"WESTMEAD","state":"NSW","postcode":"2145","appointment_required":true,"geometry_source":"openstreetmap","boundary_status":"matched","zone_basis":"osm-containing-building","zone_confidence":"building-match","legal_note":"Public Health Act 2010 (NSW) s 98A covers the clinic premises and every place within 150 m of any part of those premises or a pedestrian access point to the building. This map buffers the mapped building and does not separately model pedestrian access points.","osm_url":"https://www.openstreetmap.org/way/965302314","data_source":"Healthdirect National Health Services Directory (NHSD)","data_source_url":"https://www.healthdirect.gov.au/australian-health-services","source_synced_at":"2026-09-16T00:09:42Z","source":"openstreetmap"},"geometry":{"type":"Polygon","coordinates":[[[150.9876274,-33.8078395],[150.9877843,-33.8079091],[150.9879449,-33.8076595],[150.9879151,-33.8076462],[150.9879333,-33.8076178],[150.9878061,-33.8075614],[150.9876274,-33.8078395]]]}},{"type":"Feature","properties":{"id":"eb037bbc-b6ef-4909-a334-e94ab7ba46b9","name":"Family Planning Australia - Fairfield Clinic","category":"clinic","category_label":"Abortion clinic","service_type":"Pregnancy termination","suburb":"FAIRFIELD","state":"NSW","postcode":"2165","appointment_required":true,"geometry_source":"manual","boundary_status":"manual","zone_basis":"manual-premises","zone_confidence":"reviewed","legal_note":"Public Health Act 2010 (NSW) s 98A covers the clinic premises and every place within 150 m of any part of those premises or a pedestrian access point to the building. This map buffers the mapped building and does not separately model pedestrian access points.","osm_url":"","data_source":"Healthdirect National Health Services Directory (NHSD)","data_source_url":"https://www.healthdirect.gov.au/australian-health-services","source_synced_at":"2026-09-16T00:09:42Z","source":"manual"},"geometry":{"type":"Polygon","coordinates":[[[150.95445943802628,-33.86890647857737],[150.95483226507986,-33.86873499340215],[150.9545989128959,-33.86839647620216],[150.95426631897806,-33.868556826621656],[150.95425022572272,-33.868561280795525],[150.95445943802628,-33.86890647857737]]]}},{"type":"Feature","properties":{"id":"860a0440-ff6f-4e93-aa5e-72be70fb3af3","name":"Family Planning NSW Penrith","category":"clinic","category_label":"Abortion clinic","service_type":"Pregnancy termination","suburb":"PENRITH","state":"NSW","postcode":"2750","appointment_required":true,"geometry_source":"openstreetmap","boundary_status":"matched","zone_basis":"osm-containing-building","zone_confidence":"reviewed","legal_note":"Public Health Act 2010 (NSW) s 98A covers the clinic premises and every place within 150 m of any part of those premises or a pedestrian access point to the building. This map buffers the mapped building and does not separately model pedestrian access points.","osm_url":"https://www.openstreetmap.org/way/1500246918","data_source":"Healthdirect National Health Services Directory (NHSD)","data_source_url":"https://www.healthdirect.gov.au/australian-health-services","source_synced_at":"2026-09-16T00:09:42Z","source":"openstreetmap"},"geometry":{"type":"Polygon","coordinates":[[[150.6936357,-33.7559363],[150.6938503,-33.7560702],[150.6937827,-33.7561451],[150.6937578,-33.7561295],[150.6937444,-33.7561253],[150.693726,-33.7561244],[150.6937096,-33.7561208],[150.6935558,-33.7560249],[150.6936357,-33.7559363]]]}},{"type":"Feature","properties":{"id":"beb84181-7e55-48ef-b7d7-c3e8d686b971","name":"Family Planning Australia - Hunter Clinic","category":"clinic","category_label":"Abortion clinic","service_type":"Pregnancy termination","suburb":"NEWCASTLE","state":"NSW","postcode":"2300","appointment_required":true,"geometry_source":"openstreetmap","boundary_status":"matched","zone_basis":"osm-containing-building","zone_confidence":"building-match","legal_note":"Public Health Act 2010 (NSW) s 98A covers the clinic premises and every place within 150 m of any part of those premises or a pedestrian access point to the building. This map buffers the mapped building and does not separately model pedestrian access points.","osm_url":"https://www.openstreetmap.org/way/571092627","data_source":"Healthdirect National Health Services Directory (NHSD)","data_source_url":"https://www.healthdirect.gov.au/australian-health-services","source_synced_at":"2026-09-16T00:09:42Z","source":"openstreetmap"},"geometry":{"type":"Polygon","coordinates":[[[151.7731004,-32.926557],[151.7738199,-32.9264812],[151.7738485,-32.9266787],[151.7731284,-32.9267506],[151.7731004,-32.926557]]]}},{"type":"Feature","properties":{"id":"502824f5-96e2-4711-90eb-d6d7d632f82a","name":"New Lambton Family Practice","category":"doctor","category_label":"Doctor / general practice","service_type":"Pregnancy termination","suburb":"NEW LAMBTON","state":"NSW","postcode":"2305","appointment_required":true,"geometry_source":"manual","boundary_status":"manual","zone_basis":"manual-premises","zone_confidence":"reviewed","legal_note":"Public Health Act 2010 (NSW) s 98A covers the clinic premises and every place within 150 m of any part of those premises or a pedestrian access point to the building. This map buffers the mapped building and does not separately model pedestrian access points.","osm_url":"","data_source":"Healthdirect National Health Services Directory (NHSD)","data_source_url":"https://www.healthdirect.gov.au/australian-health-services","source_synced_at":"2026-09-16T00:09:42Z","source":"manual"},"geometry":{"type":"Polygon","coordinates":[[[151.71542681508475,-32.92255449015183],[151.715552878908,-32.922570250385924],[151.7154965525187,-32.922824665213746],[151.71538389974012,-32.922822413758354],[151.71542681508475,-32.92255449015183]]]}},{"type":"Feature","properties":{"id":"0fb7638c-60bf-4346-9215-4303df027811","name":"Elmwood Medical Centre","category":"doctor","category_label":"Doctor / general practice","service_type":"Pregnancy termination","suburb":"WODONGA","state":"VIC","postcode":"3690","appointment_required":true,"geometry_source":"openstreetmap","boundary_status":"matched","zone_basis":"osm-containing-building","zone_confidence":"building-match","legal_note":"Public Health and Wellbeing Act 2008 (Vic) s 185B defines the safe access zone as the area within a 150 m radius of premises where abortions are provided, excluding pharmacies. This map uses the mapped building as a proxy for the legal premises.","osm_url":"https://www.openstreetmap.org/way/672581277","data_source":"Healthdirect National Health Services Directory (NHSD)","data_source_url":"https://www.healthdirect.gov.au/australian-health-services","source_synced_at":"2026-09-16T00:09:42Z","source":"openstreetmap"},"geometry":{"type":"Polygon","coordinates":[[[146.8693032,-36.1365339],[146.869289,-36.1366597],[146.8696257,-36.1366845],[146.8696756,-36.1366359],[146.869598,-36.1366302],[146.8696064,-36.1365562],[146.8695042,-36.1365487],[146.8693032,-36.1365339]]]}},{"type":"Feature","properties":{"id":"061ae48c-30bf-44b6-9e8c-3bb7b77de9a5","name":"MSI Canberra Abortion & Contraception Clinic","category":"clinic","category_label":"Abortion clinic","service_type":"Pregnancy termination","suburb":"CITY","state":"ACT","postcode":"2601","appointment_required":true,"geometry_source":"openstreetmap","boundary_status":"matched","zone_basis":"osm-containing-building","zone_confidence":"building-match","legal_note":"Health Act 1993 (ACT) s 86 requires a ministerially declared area that is at least 50 m at every point from the protected facility, sufficient for privacy and access, and no larger than necessary. This map shows a generic 150 m building buffer, not the legal declaration.","osm_url":"https://www.openstreetmap.org/way/28399169","data_source":"Healthdirect National Health Services Directory (NHSD)","data_source_url":"https://www.healthdirect.gov.au/australian-health-services","source_synced_at":"2026-09-16T00:09:42Z","source":"openstreetmap"},"geometry":{"type":"Polygon","coordinates":[[[149.1276161,-35.2780634],[149.1276144,-35.2780822],[149.1270567,-35.2780222],[149.1271506,-35.2775035],[149.1277671,-35.2775692],[149.127712,-35.2778855],[149.127613,-35.2779384],[149.1275723,-35.2779601],[149.1275583,-35.2780155],[149.1276161,-35.2780634]]]}},{"type":"Feature","properties":{"id":"b9a99261-e552-4bde-bb6b-1fdf0ca48bac","name":"MSI Richmond","category":"clinic","category_label":"Abortion clinic","service_type":"Pregnancy termination","suburb":"RICHMOND","state":"VIC","postcode":"3121","appointment_required":true,"geometry_source":"openstreetmap","boundary_status":"matched","zone_basis":"osm-containing-building","zone_confidence":"building-match","legal_note":"Public Health and Wellbeing Act 2008 (Vic) s 185B defines the safe access zone as the area within a 150 m radius of premises where abortions are provided, excluding pharmacies. This map uses the mapped building as a proxy for the legal premises.","osm_url":"https://www.openstreetmap.org/way/260406951","data_source":"Healthdirect National Health Services Directory (NHSD)","data_source_url":"https://www.healthdirect.gov.au/australian-health-services","source_synced_at":"2026-09-16T00:09:42Z","source":"openstreetmap"},"geometry":{"type":"Polygon","coordinates":[[[145.0140836,-37.8121874],[145.0141076,-37.8121756],[145.0141346,-37.8121689],[145.0141628,-37.8121679],[145.014194,-37.8121735],[145.0142218,-37.8121859],[145.014261,-37.8122078],[145.0142654,-37.8122028],[145.0143557,-37.8122534],[145.0143513,-37.8122583],[145.0144538,-37.8123157],[145.0144444,-37.8123262],[145.0144767,-37.8123296],[145.0145073,-37.812305],[145.0145443,-37.8122866],[145.0145856,-37.8122755],[145.0146291,-37.8122722],[145.0146723,-37.8122769],[145.014713,-37.8122893],[145.0147491,-37.8123088],[145.0147784,-37.8123344],[145.0147995,-37.8123646],[145.0148112,-37.8123978],[145.0148131,-37.8124308],[145.0148057,-37.8124633],[145.0147893,-37.8124938],[145.0147649,-37.8125206],[145.0147336,-37.8125425],[145.0146969,-37.8125584],[145.0146567,-37.8125675],[145.0146149,-37.8125693],[145.0145737,-37.8125638],[145.0145789,-37.8125328],[145.0140998,-37.812482],[145.0140951,-37.8125098],[145.0138275,-37.8124815],[145.0138323,-37.8124537],[145.013385,-37.8124063],[145.013391,-37.8123705],[145.0133682,-37.8123681],[145.0133922,-37.8122269],[145.013415,-37.8122293],[145.0134209,-37.8121946],[145.0134648,-37.8121993],[145.0134842,-37.8120847],[145.0136829,-37.8121058],[145.0136847,-37.8120953],[145.0137961,-37.8121071],[145.0137942,-37.8121187],[145.0139413,-37.812197],[145.0139529,-37.8121287],[145.0140911,-37.8121433],[145.0140836,-37.8121874]]]}},{"type":"Feature","properties":{"id":"7e003232-4104-4c8a-a4d6-fa26056de275","name":"MyHealth Medical Centre - Carlton","category":"doctor","category_label":"Doctor / general practice","service_type":"Pregnancy termination","suburb":"CARLTON","state":"VIC","postcode":"3053","appointment_required":true,"geometry_source":"openstreetmap","boundary_status":"matched","zone_basis":"osm-containing-building","zone_confidence":"building-match","legal_note":"Public Health and Wellbeing Act 2008 (Vic) s 185B defines the safe access zone as the area within a 150 m radius of premises where abortions are provided, excluding pharmacies. This map uses the mapped building as a proxy for the legal premises.","osm_url":"https://www.openstreetmap.org/way/27521827","data_source":"Healthdirect National Health Services Directory (NHSD)","data_source_url":"https://www.healthdirect.gov.au/australian-health-services","source_synced_at":"2026-09-16T00:09:42Z","source":"openstreetmap"},"geometry":{"type":"Polygon","coordinates":[[[144.9679024,-37.7977254],[144.9682056,-37.7977577],[144.9682117,-37.7977224],[144.9682402,-37.7977255],[144.9682484,-37.7976775],[144.9683333,-37.7976865],[144.9683251,-37.7977345],[144.9684384,-37.7977466],[144.968551,-37.7977586],[144.9687775,-37.7977828],[144.9687223,-37.7981059],[144.968698,-37.7982484],[144.9686857,-37.7983204],[144.9685537,-37.7983063],[144.9683229,-37.7982817],[144.9681301,-37.7982612],[144.9681027,-37.7982582],[144.9680034,-37.7982476],[144.9679779,-37.7983973],[144.9677885,-37.7983771],[144.9678141,-37.7982274],[144.9677225,-37.7982177],[144.9675442,-37.7981987],[144.9675595,-37.7981094],[144.9676059,-37.7978378],[144.9678474,-37.7978636],[144.9678782,-37.7978669],[144.9679024,-37.7977254]]]}},{"type":"Feature","properties":{"id":"66547b30-8da7-40e4-8d14-5455f12aa58f","name":"MSI St Kilda (Melbourne) Abortion & Contraception Clinic","category":"clinic","category_label":"Abortion clinic","service_type":"Pregnancy termination","suburb":"ELWOOD","state":"VIC","postcode":"3184","appointment_required":true,"geometry_source":"openstreetmap","boundary_status":"matched","zone_basis":"osm-containing-building","zone_confidence":"reviewed","legal_note":"Public Health and Wellbeing Act 2008 (Vic) s 185B defines the safe access zone as the area within a 150 m radius of premises where abortions are provided, excluding pharmacies. This map uses the mapped building as a proxy for the legal premises.","osm_url":"https://www.openstreetmap.org/way/409011952","data_source":"Healthdirect National Health Services Directory (NHSD)","data_source_url":"https://www.healthdirect.gov.au/australian-health-services","source_synced_at":"2026-09-16T00:09:42Z","source":"openstreetmap"},"geometry":{"type":"Polygon","coordinates":[[[144.9818761,-37.8731101],[144.9819584,-37.8732528],[144.9818432,-37.8732943],[144.9817608,-37.8731515],[144.9818761,-37.8731101]]]}},{"type":"Feature","properties":{"id":"dcac0ab0-e1d4-415d-94d9-1681e46e79d6","name":"Supernova Medical Centre","category":"doctor","category_label":"Doctor / general practice","service_type":"Pregnancy termination","suburb":"TARNEIT","state":"VIC","postcode":"3029","appointment_required":true,"geometry_source":"manual","boundary_status":"manual","zone_basis":"manual-premises","zone_confidence":"reviewed","legal_note":"Public Health and Wellbeing Act 2008 (Vic) s 185B defines the safe access zone as the area within a 150 m radius of premises where abortions are provided, excluding pharmacies. This map uses the mapped building as a proxy for the legal premises.","osm_url":"","data_source":"Healthdirect National Health Services Directory (NHSD)","data_source_url":"https://www.healthdirect.gov.au/australian-health-services","source_synced_at":"2026-09-16T00:09:42Z","source":"manual"},"geometry":{"type":"Polygon","coordinates":[[[144.70293681189497,-37.84985394868283],[144.7031060227755,-37.849084220284205],[144.70265724609345,-37.849014508635385],[144.7024990707052,-37.849804570121826],[144.70293681189497,-37.84985394868283]]]}},{"type":"Feature","properties":{"id":"7848de12-d72f-429f-8be0-f525ebdf1e7c","name":"MSI Gold Coast Abortion & Contraception Clinic","category":"clinic","category_label":"Abortion clinic","service_type":"Pregnancy termination","suburb":"VARSITY LAKES","state":"QLD","postcode":"4227","appointment_required":true,"geometry_source":"openstreetmap","boundary_status":"matched","zone_basis":"osm-containing-building","zone_confidence":"building-match","legal_note":"Termination of Pregnancy Act 2018 (Qld) s 14 covers the premises and places no more than 150 m from an entrance, unless another distance is prescribed. This map instead buffers the entire mapped building, so its boundary can differ from the legal zone.","osm_url":"https://www.openstreetmap.org/way/544073292","data_source":"Healthdirect National Health Services Directory (NHSD)","data_source_url":"https://www.healthdirect.gov.au/australian-health-services","source_synced_at":"2026-09-16T00:09:42Z","source":"openstreetmap"},"geometry":{"type":"Polygon","coordinates":[[[153.4096482,-28.079191],[153.4098936,-28.078965],[153.4101243,-28.0791697],[153.4099272,-28.0793874],[153.409891,-28.0793614],[153.4098695,-28.0793809],[153.4096482,-28.079191]]]}},{"type":"Feature","properties":{"id":"89cb7ece-0ec3-422c-8e12-0483ed1e5eec","name":"Myhealth Benowa Village","category":"doctor","category_label":"Doctor / general practice","service_type":"Pregnancy termination","suburb":"BENOWA","state":"QLD","postcode":"4217","appointment_required":true,"geometry_source":"openstreetmap","boundary_status":"matched","zone_basis":"osm-containing-building","zone_confidence":"building-match","legal_note":"Termination of Pregnancy Act 2018 (Qld) s 14 covers the premises and places no more than 150 m from an entrance, unless another distance is prescribed. This map instead buffers the entire mapped building, so its boundary can differ from the legal zone.","osm_url":"https://www.openstreetmap.org/way/673306833","data_source":"Healthdirect National Health Services Directory (NHSD)","data_source_url":"https://www.healthdirect.gov.au/australian-health-services","source_synced_at":"2026-09-16T00:09:42Z","source":"openstreetmap"},"geometry":{"type":"Polygon","coordinates":[[[153.375946,-27.9993272],[153.3760058,-27.9993465],[153.3764323,-27.9994839],[153.3765095,-27.9993291],[153.376691,-27.9993862],[153.3762799,-28.0004125],[153.3762048,-28.0003886],[153.3762111,-28.0003591],[153.3761005,-28.0002891],[153.3761505,-28.0001325],[153.3756852,-27.999974],[153.3757707,-27.9997695],[153.3756455,-27.9997289],[153.3757833,-27.9993936],[153.3759022,-27.9994267],[153.375946,-27.9993272]]]}},{"type":"Feature","properties":{"id":"9987039c-8515-4816-b447-0690a4c615f0","name":"Gynaehealth","category":"clinic","category_label":"Abortion clinic","service_type":"Pregnancy termination","suburb":"SPRINGWOOD","state":"QLD","postcode":"4127","appointment_required":true,"geometry_source":"manual","boundary_status":"manual","zone_basis":"manual-premises","zone_confidence":"reviewed","legal_note":"Termination of Pregnancy Act 2018 (Qld) s 14 covers the premises and places no more than 150 m from an entrance, unless another distance is prescribed. This map instead buffers the entire mapped building, so its boundary can differ from the legal zone.","osm_url":"","data_source":"Healthdirect National Health Services Directory (NHSD)","data_source_url":"https://www.healthdirect.gov.au/australian-health-services","source_synced_at":"2026-09-16T00:09:42Z","source":"manual"},"geometry":{"type":"Polygon","coordinates":[[[153.12585628577386,-27.617439542404405],[153.12637931653296,-27.61727080332745],[153.12647319384826,-27.617541736366128],[153.12592602320944,-27.617715228223283],[153.12585628577386,-27.617439542404405]]]}},{"type":"Feature","properties":{"id":"756b93ea-944c-4289-910f-907613094ad3","name":"MSI Brisbane Abortion & Contraception Clinic","category":"clinic","category_label":"Abortion clinic","service_type":"Pregnancy termination","suburb":"BOWEN HILLS","state":"QLD","postcode":"4006","appointment_required":true,"geometry_source":"openstreetmap","boundary_status":"matched","zone_basis":"osm-containing-building","zone_confidence":"building-match","legal_note":"Termination of Pregnancy Act 2018 (Qld) s 14 covers the premises and places no more than 150 m from an entrance, unless another distance is prescribed. This map instead buffers the entire mapped building, so its boundary can differ from the legal zone.","osm_url":"https://www.openstreetmap.org/way/551871973","data_source":"Healthdirect National Health Services Directory (NHSD)","data_source_url":"https://www.healthdirect.gov.au/australian-health-services","source_synced_at":"2026-09-16T00:09:42Z","source":"openstreetmap"},"geometry":{"type":"Polygon","coordinates":[[[153.0369918,-27.4478134],[153.0371502,-27.4478369],[153.0371559,-27.4478067],[153.0373064,-27.447829],[153.0373227,-27.4478476],[153.0373274,-27.4478849],[153.0372877,-27.4481004],[153.037255,-27.4481232],[153.0370568,-27.4480922],[153.0370623,-27.448063],[153.036948,-27.4480461],[153.0369918,-27.4478134]]]}},{"type":"Feature","properties":{"id":"f5318dd4-75ef-48e9-80af-d8855b99490c","name":"Brewer Street Medical Centre","category":"doctor","category_label":"Doctor / general practice","service_type":"Pregnancy termination","suburb":"KALLANGUR","state":"QLD","postcode":"4503","appointment_required":true,"geometry_source":"manual","boundary_status":"manual","zone_basis":"manual-premises","zone_confidence":"reviewed","legal_note":"Termination of Pregnancy Act 2018 (Qld) s 14 covers the premises and places no more than 150 m from an entrance, unless another distance is prescribed. This map instead buffers the entire mapped building, so its boundary can differ from the legal zone.","osm_url":"","data_source":"Healthdirect National Health Services Directory (NHSD)","data_source_url":"https://www.healthdirect.gov.au/australian-health-services","source_synced_at":"2026-09-16T00:09:42Z","source":"manual"},"geometry":{"type":"Polygon","coordinates":[[[152.99650006634954,-27.249206704682322],[152.99584520754388,-27.249120162003464],[152.9957161037438,-27.249810715569723],[152.99618460234967,-27.249888139114127],[152.99638226674466,-27.249835932889113],[152.99650006634954,-27.249206704682322]]]}},{"type":"Feature","properties":{"id":"098c0872-7bf7-47ad-8f65-a5835e6610ed","name":"Hyde Park Medical Centre","category":"doctor","category_label":"Doctor / general practice","service_type":"Pregnancy termination","suburb":"HYDE PARK","state":"QLD","postcode":"4812","appointment_required":true,"geometry_source":"openstreetmap","boundary_status":"matched","zone_basis":"osm-containing-building","zone_confidence":"reviewed","legal_note":"Termination of Pregnancy Act 2018 (Qld) s 14 covers the premises and places no more than 150 m from an entrance, unless another distance is prescribed. This map instead buffers the entire mapped building, so its boundary can differ from the legal zone.","osm_url":"https://www.openstreetmap.org/way/600714515","data_source":"Healthdirect National Health Services Directory (NHSD)","data_source_url":"https://www.healthdirect.gov.au/australian-health-services","source_synced_at":"2026-09-16T00:09:42Z","source":"openstreetmap"},"geometry":{"type":"Polygon","coordinates":[[[146.7976845,-19.2774397],[146.7976724,-19.2775853],[146.7981512,-19.2776372],[146.79817,-19.2774853],[146.7976845,-19.2774397]]]}},{"type":"Feature","properties":{"id":"12b8df52-0190-4296-f330-e8867dfb10df","name":"Nanyara Clinic","category":"clinic","category_label":"Abortion clinic","service_type":"Pregnancy termination","suburb":"RIVERVALE","state":"WA","postcode":"6103","appointment_required":true,"geometry_source":"openstreetmap","boundary_status":"matched","zone_basis":"osm-containing-building","zone_confidence":"building-match","legal_note":"Public Health Act 2016 (WA) s 202O includes the abortion premises and the area within 150 m outside its boundary. This map buffers the mapped building, which may not exactly match the legal premises boundary.","osm_url":"https://www.openstreetmap.org/way/882598058","data_source":"Healthdirect National Health Services Directory (NHSD)","data_source_url":"https://www.healthdirect.gov.au/australian-health-services","source_synced_at":"2026-09-16T00:09:42Z","source":"openstreetmap"},"geometry":{"type":"Polygon","coordinates":[[[115.9154097,-31.9555665],[115.9155333,-31.9554707],[115.9156123,-31.955544],[115.9154888,-31.9556399],[115.9154097,-31.9555665]]]}},{"type":"Feature","properties":{"id":"f6ee1077-09f4-4c26-9edf-99e2341a73cc","name":"MSI Perth Abortion & Contraception Clinic","category":"clinic","category_label":"Abortion clinic","service_type":"Pregnancy termination","suburb":"MIDLAND","state":"WA","postcode":"6056","appointment_required":true,"geometry_source":"openstreetmap","boundary_status":"matched","zone_basis":"osm-containing-building","zone_confidence":"reviewed","legal_note":"Public Health Act 2016 (WA) s 202O includes the abortion premises and the area within 150 m outside its boundary. This map buffers the mapped building, which may not exactly match the legal premises boundary.","osm_url":"https://www.openstreetmap.org/way/161783678","data_source":"Healthdirect National Health Services Directory (NHSD)","data_source_url":"https://www.healthdirect.gov.au/australian-health-services","source_synced_at":"2026-09-16T00:09:42Z","source":"openstreetmap"},"geometry":{"type":"Polygon","coordinates":[[[116.0108301,-31.8926047],[116.0108075,-31.8927172],[116.0107889,-31.8927141],[116.0107792,-31.8927556],[116.0106564,-31.8927344],[116.0106572,-31.8927251],[116.0105305,-31.8926995],[116.0105356,-31.8926746],[116.0105196,-31.8926696],[116.0105297,-31.8926218],[116.010544,-31.892624],[116.0105549,-31.8925556],[116.0106598,-31.8925705],[116.0106581,-31.8925773],[116.0107151,-31.8925873],[116.0107164,-31.8925819],[116.0108301,-31.8926047]]]}},{"type":"Feature","properties":{"id":"e9b237c4-65ba-9db5-4498-34795e8073af","name":"Pregnancy Advisory Centre","category":"clinic","category_label":"Abortion clinic","service_type":"Pregnancy termination","suburb":"WOODVILLE PARK","state":"SA","postcode":"5011","appointment_required":true,"geometry_source":"manual","boundary_status":"manual","zone_basis":"manual-premises","zone_confidence":"reviewed","legal_note":"Health Care Act 2008 (SA) s 48B defines the health access zone as the protected premises plus public areas within 150 m. This map shows the full building buffer, including land that may not be a public area.","osm_url":"","data_source":"Healthdirect National Health Services Directory (NHSD)","data_source_url":"https://www.healthdirect.gov.au/australian-health-services","source_synced_at":"2026-09-16T00:09:42Z","source":"manual"},"geometry":{"type":"Polygon","coordinates":[[[138.54211333558152,-34.8847392988028],[138.54229572579447,-34.88455887995592],[138.54257735774223,-34.88474149903003],[138.54238155648324,-34.88493291858798],[138.54211333558152,-34.8847392988028]]]}},{"type":"Feature","properties":{"id":"e40324eb-f974-4ad3-aa19-e0ee90461952","name":"Pandanus Medical NT","category":"doctor","category_label":"Doctor / general practice","service_type":"Pregnancy termination","suburb":"MILLNER","state":"NT","postcode":"0810","appointment_required":true,"geometry_source":"openstreetmap","boundary_status":"matched","zone_basis":"osm-containing-building","zone_confidence":"building-match","legal_note":"Termination of Pregnancy Law Reform Act 2017 (NT) s 4 includes the premises for terminations and the area within 150 m outside its boundary. This map buffers the mapped building, which may not exactly match the legal premises boundary.","osm_url":"https://www.openstreetmap.org/way/233928611","data_source":"Healthdirect National Health Services Directory (NHSD)","data_source_url":"https://www.healthdirect.gov.au/australian-health-services","source_synced_at":"2026-09-16T00:09:42Z","source":"openstreetmap"},"geometry":{"type":"Polygon","coordinates":[[[130.8567067,-12.3911985],[130.8562687,-12.3912028],[130.8562412,-12.3912094],[130.8562177,-12.3912225],[130.8562102,-12.3912327],[130.8562023,-12.3912461],[130.8561965,-12.3912661],[130.8562133,-12.3918939],[130.8562155,-12.3922519],[130.8562228,-12.3922829],[130.8562429,-12.3923074],[130.8562751,-12.3923248],[130.8563143,-12.3923254],[130.8567698,-12.3923275],[130.8567689,-12.3920438],[130.8567551,-12.3920266],[130.8567093,-12.3919693],[130.8567106,-12.3917663],[130.8574629,-12.3917714],[130.857472,-12.3913417],[130.8573583,-12.3913414],[130.8573587,-12.3912],[130.8567067,-12.3911985]]]}},{"type":"Feature","properties":{"id":"supplemental-act-d1340fd4a5c53889","name":"Conder Surgery","category":"doctor","category_label":"Doctor / general practice","service_type":"Pregnancy termination","suburb":"Conder","state":"ACT","postcode":"2906","appointment_required":false,"geometry_source":"openstreetmap","boundary_status":"matched","zone_basis":"osm-containing-building","zone_confidence":"building-match","legal_note":"Health Act 1993 (ACT) s 86 requires a ministerially declared area that is at least 50 m at every point from the protected facility, sufficient for privacy and access, and no larger than necessary. This map shows a generic 150 m building buffer, not the legal declaration.","osm_url":"https://www.openstreetmap.org/way/976638990","source":"openstreetmap"},"geometry":{"type":"Polygon","coordinates":[[[149.0924175,-35.4579794],[149.0924166,-35.4580695],[149.0926086,-35.4580695],[149.0926095,-35.4579737],[149.0928351,-35.4579737],[149.0928334,-35.4579607],[149.0928873,-35.4579585],[149.0928891,-35.457911],[149.0928546,-35.4579095],[149.0928564,-35.4578432],[149.0928838,-35.4578425],[149.0928873,-35.4577949],[149.0928546,-35.4577935],[149.0928531,-35.4577245],[149.0928856,-35.4577249],[149.0928851,-35.4576769],[149.0928536,-35.4576764],[149.0928531,-35.4575999],[149.0929161,-35.4575995],[149.0929166,-35.4575543],[149.0930106,-35.4575519],[149.0930167,-35.4575556],[149.0930984,-35.4574932],[149.0931219,-35.4574782],[149.0930284,-35.4574016],[149.0930345,-35.4573954],[149.0929944,-35.457361],[149.0928196,-35.4573643],[149.0927311,-35.4573648],[149.092659,-35.457301],[149.0925868,-35.4572426],[149.0925751,-35.4572356],[149.0925457,-35.4572364],[149.0925512,-35.4572195],[149.0925451,-35.457195],[149.0925309,-35.4571801],[149.0925096,-35.4571768],[149.0924837,-35.4571814],[149.0924842,-35.4571586],[149.0923246,-35.4570295],[149.0922504,-35.4570299],[149.0919191,-35.4572969],[149.0919201,-35.4573457],[149.091944,-35.4573486],[149.091978,-35.4573797],[149.0919511,-35.4573991],[149.0919938,-35.4574326],[149.092009,-35.4574252],[149.0920415,-35.4574521],[149.0920405,-35.4574956],[149.0919729,-35.457496],[149.0919653,-35.4575187],[149.0919714,-35.4575456],[149.0920197,-35.457544],[149.0920182,-35.4576611],[149.0919709,-35.4576603],[149.0919618,-35.4576885],[149.0919694,-35.4577083],[149.0920192,-35.4577096],[149.0920182,-35.4578168],[149.0919724,-35.4578172],[149.0919628,-35.4578437],[149.0919709,-35.4578635],[149.0919643,-35.45789],[149.0919709,-35.4579132],[149.0920268,-35.4579136],[149.0920288,-35.4579774],[149.0924175,-35.4579794]]]}},{"type":"Feature","properties":{"id":"supplemental-act-959d1abf97e3068f","name":"Ochre Medical Centre Bruce","category":"doctor","category_label":"Doctor / general practice","service_type":"Pregnancy termination","suburb":"Bruce","state":"ACT","postcode":"2617","appointment_required":false,"geometry_source":"openstreetmap","boundary_status":"matched","zone_basis":"osm-containing-building","zone_confidence":"building-match","legal_note":"Health Act 1993 (ACT) s 86 requires a ministerially declared area that is at least 50 m at every point from the protected facility, sufficient for privacy and access, and no larger than necessary. This map shows a generic 150 m building buffer, not the legal declaration.","osm_url":"https://www.openstreetmap.org/way/336023262","source":"openstreetmap"},"geometry":{"type":"Polygon","coordinates":[[[149.0873438,-35.2347913],[149.0880475,-35.2347966],[149.0880455,-35.2346284],[149.0873427,-35.2346263],[149.0873438,-35.2347913]]]}},{"type":"Feature","properties":{"id":"supplemental-act-24696a32d5ae9036","name":"The Surgery in Manuka Terrace","category":"doctor","category_label":"Doctor / general practice","service_type":"Pregnancy termination","suburb":"Griffith","state":"ACT","postcode":"2603","appointment_required":false,"geometry_source":"openstreetmap","boundary_status":"matched","zone_basis":"osm-containing-building","zone_confidence":"building-match","legal_note":"Health Act 1993 (ACT) s 86 requires a ministerially declared area that is at least 50 m at every point from the protected facility, sufficient for privacy and access, and no larger than necessary. This map shows a generic 150 m building buffer, not the legal declaration.","osm_url":"https://www.openstreetmap.org/way/28994904","source":"openstreetmap"},"geometry":{"type":"Polygon","coordinates":[[[149.1336598,-35.3213855],[149.1343597,-35.3214862],[149.1343767,-35.3214875],[149.1343919,-35.3214863],[149.1344029,-35.3214786],[149.134408,-35.3214656],[149.1344429,-35.3212985],[149.1345894,-35.320598],[149.134585,-35.320597],[149.1345856,-35.3205822],[149.1345832,-35.3205724],[149.1345779,-35.3205647],[149.1345571,-35.3205572],[149.1344592,-35.3205323],[149.1341147,-35.3204456],[149.1340502,-35.3204558],[149.1340486,-35.3204764],[149.1340408,-35.3204958],[149.1340268,-35.3205259],[149.1340128,-35.3205495],[149.133966,-35.3206035],[149.13392,-35.3206373],[149.1338772,-35.3206637],[149.1338118,-35.3206872],[149.1336664,-35.3213529],[149.1336598,-35.3213855]]]}},{"type":"Feature","properties":{"id":"supplemental-nsw-86027dc64bdbc607","name":"Armajun Aboriginal Health Service-Armidale","category":"doctor","category_label":"Doctor / general practice","service_type":"Pregnancy termination","suburb":"Armidale","state":"NSW","postcode":"2350","appointment_required":false,"geometry_source":"openstreetmap","boundary_status":"matched","zone_basis":"osm-containing-building","zone_confidence":"building-match","legal_note":"Public Health Act 2010 (NSW) s 98A covers the clinic premises and every place within 150 m of any part of those premises or a pedestrian access point to the building. This map buffers the mapped building and does not separately model pedestrian access points.","osm_url":"https://www.openstreetmap.org/way/554591156","source":"openstreetmap"},"geometry":{"type":"Polygon","coordinates":[[[151.6580448,-30.5119803],[151.6581144,-30.5119992],[151.6581012,-30.5120354],[151.6581575,-30.5120507],[151.6581595,-30.5120451],[151.6582572,-30.5120716],[151.6581623,-30.5123315],[151.6581138,-30.5123184],[151.6581092,-30.5123309],[151.6580867,-30.5123248],[151.658075,-30.5123217],[151.6580685,-30.5123395],[151.6580029,-30.5123217],[151.6580094,-30.5123038],[151.6579805,-30.512296],[151.6579851,-30.5122835],[151.6579386,-30.5122709],[151.6580448,-30.5119803]]]}},{"type":"Feature","properties":{"id":"supplemental-nsw-357fd91a07990c0d","name":"Berry Medical Centre","category":"doctor","category_label":"Doctor / general practice","service_type":"Pregnancy termination","suburb":"Berry","state":"NSW","postcode":"2535","appointment_required":false,"geometry_source":"openstreetmap","boundary_status":"matched","zone_basis":"osm-containing-building","zone_confidence":"building-match","legal_note":"Public Health Act 2010 (NSW) s 98A covers the clinic premises and every place within 150 m of any part of those premises or a pedestrian access point to the building. This map buffers the mapped building and does not separately model pedestrian access points.","osm_url":"https://www.openstreetmap.org/way/679218979","source":"openstreetmap"},"geometry":{"type":"Polygon","coordinates":[[[150.6991989,-34.7762844],[150.6990109,-34.7762598],[150.6990244,-34.77619],[150.6990102,-34.7761881],[150.6990147,-34.7761646],[150.699029,-34.7761665],[150.6990347,-34.7761366],[150.6991031,-34.7761455],[150.6990955,-34.7761851],[150.6991082,-34.7761867],[150.6991109,-34.7761731],[150.6992177,-34.776187],[150.6991989,-34.7762844]]]}},{"type":"Feature","properties":{"id":"supplemental-nsw-7c1f1c178c3c8a95","name":"Blackbutt Doctors Surgery","category":"doctor","category_label":"Doctor / general practice","service_type":"Pregnancy termination","suburb":"New Lambton","state":"NSW","postcode":"2305","appointment_required":false,"geometry_source":"openstreetmap","boundary_status":"matched","zone_basis":"osm-containing-building","zone_confidence":"building-match","legal_note":"Public Health Act 2010 (NSW) s 98A covers the clinic premises and every place within 150 m of any part of those premises or a pedestrian access point to the building. This map buffers the mapped building and does not separately model pedestrian access points.","osm_url":"https://www.openstreetmap.org/way/442037227","source":"openstreetmap"},"geometry":{"type":"Polygon","coordinates":[[[151.7076984,-32.9338937],[151.7077336,-32.9337528],[151.7077575,-32.9337366],[151.707902,-32.933758],[151.7080727,-32.9337846],[151.7080917,-32.9338073],[151.7080612,-32.933954],[151.7076984,-32.9338937]]]}},{"type":"Feature","properties":{"id":"supplemental-nsw-08ffc7bbd9ff3863","name":"Blacktown Women's and Girls Health Centre","category":"doctor","category_label":"Doctor / general practice","service_type":"Pregnancy termination","suburb":"BLACKTOWN","state":"NSW","postcode":"2148","appointment_required":false,"geometry_source":"openstreetmap","boundary_status":"matched","zone_basis":"osm-containing-building","zone_confidence":"building-match","legal_note":"Public Health Act 2010 (NSW) s 98A covers the clinic premises and every place within 150 m of any part of those premises or a pedestrian access point to the building. This map buffers the mapped building and does not separately model pedestrian access points.","osm_url":"https://www.openstreetmap.org/way/614191562","source":"openstreetmap"},"geometry":{"type":"Polygon","coordinates":[[[150.9108777,-33.7649394],[150.9109723,-33.7649522],[150.9109996,-33.7648125],[150.910905,-33.7647998],[150.9108777,-33.7649394]]]}},{"type":"Feature","properties":{"id":"supplemental-nsw-85c21462730152f3","name":"Blamey Street Surgery","category":"doctor","category_label":"Doctor / general practice","service_type":"Pregnancy termination","suburb":"Wagga Wagga","state":"NSW","postcode":"2650","appointment_required":false,"geometry_source":"openstreetmap","boundary_status":"matched","zone_basis":"osm-containing-building","zone_confidence":"building-match","legal_note":"Public Health Act 2010 (NSW) s 98A covers the clinic premises and every place within 150 m of any part of those premises or a pedestrian access point to the building. This map buffers the mapped building and does not separately model pedestrian access points.","osm_url":"https://www.openstreetmap.org/way/1115189868","source":"openstreetmap"},"geometry":{"type":"Polygon","coordinates":[[[147.3593946,-35.1304324],[147.3594097,-35.1304347],[147.3594125,-35.130422],[147.3594397,-35.130426],[147.3594431,-35.1304104],[147.3594846,-35.1304165],[147.3594819,-35.1304289],[147.3595156,-35.1304339],[147.35949,-35.1305505],[147.3594695,-35.1305475],[147.359464,-35.1305723],[147.3594853,-35.1305754],[147.3594734,-35.1306296],[147.3593551,-35.1306122],[147.3593946,-35.1304324]]]}},{"type":"Feature","properties":{"id":"supplemental-nsw-4d76add56ce31c49","name":"Brightwell Health","category":"doctor","category_label":"Doctor / general practice","service_type":"Pregnancy termination","suburb":"Newcastle","state":"NSW","postcode":"2302","appointment_required":false,"geometry_source":"openstreetmap","boundary_status":"matched","zone_basis":"osm-containing-building","zone_confidence":"building-match","legal_note":"Public Health Act 2010 (NSW) s 98A covers the clinic premises and every place within 150 m of any part of those premises or a pedestrian access point to the building. This map buffers the mapped building and does not separately model pedestrian access points.","osm_url":"https://www.openstreetmap.org/way/327694639","source":"openstreetmap"},"geometry":{"type":"Polygon","coordinates":[[[151.7625327,-32.9262751],[151.7625144,-32.926337],[151.7628727,-32.9264117],[151.7629363,-32.9261951],[151.7627072,-32.9261478],[151.7626679,-32.9260416],[151.7627889,-32.9260087],[151.7627375,-32.9258646],[151.7626708,-32.9258828],[151.7626471,-32.9258138],[151.7625871,-32.9258278],[151.762569,-32.9257734],[151.7623745,-32.9258248],[151.7625327,-32.9262751]]]}},{"type":"Feature","properties":{"id":"supplemental-nsw-d4ce37432917a7f1","name":"Busby Medical Practice","category":"doctor","category_label":"Doctor / general practice","service_type":"Pregnancy termination","suburb":"Bathurst","state":"NSW","postcode":"2795","appointment_required":false,"geometry_source":"openstreetmap","boundary_status":"matched","zone_basis":"osm-containing-building","zone_confidence":"building-match","legal_note":"Public Health Act 2010 (NSW) s 98A covers the clinic premises and every place within 150 m of any part of those premises or a pedestrian access point to the building. This map buffers the mapped building and does not separately model pedestrian access points.","osm_url":"https://www.openstreetmap.org/way/227935603","source":"openstreetmap"},"geometry":{"type":"Polygon","coordinates":[[[149.5825763,-33.4180733],[149.5826724,-33.418006],[149.5826963,-33.4179901],[149.582715,-33.4180094],[149.5826923,-33.4180265],[149.5827627,-33.4180954],[149.5827844,-33.4180809],[149.5828762,-33.4181756],[149.5827619,-33.4182557],[149.5827561,-33.41825],[149.5827519,-33.4182458],[149.5827376,-33.4182546],[149.5827133,-33.4182299],[149.58269,-33.4182445],[149.5826719,-33.4182255],[149.5827075,-33.4182023],[149.5825763,-33.4180733]]]}},{"type":"Feature","properties":{"id":"supplemental-nsw-ed0e7926b6f6e4b5","name":"Central Coast Community Women's health Centre","category":"doctor","category_label":"Doctor / general practice","service_type":"Pregnancy termination","suburb":"WYOMING","state":"NSW","postcode":"2250","appointment_required":false,"geometry_source":"openstreetmap","boundary_status":"matched","zone_basis":"osm-containing-building","zone_confidence":"building-match","legal_note":"Public Health Act 2010 (NSW) s 98A covers the clinic premises and every place within 150 m of any part of those premises or a pedestrian access point to the building. This map buffers the mapped building and does not separately model pedestrian access points.","osm_url":"https://www.openstreetmap.org/way/598542445","source":"openstreetmap"},"geometry":{"type":"Polygon","coordinates":[[[151.3549599,-33.4102437],[151.3549198,-33.4102755],[151.3548713,-33.4102329],[151.3547846,-33.4103019],[151.3549125,-33.4104141],[151.3550393,-33.4103133],[151.3549599,-33.4102437]]]}},{"type":"Feature","properties":{"id":"supplemental-nsw-e20109183fcfe9ed","name":"Central Coast Community Women's health Centre","category":"doctor","category_label":"Doctor / general practice","service_type":"Pregnancy termination","suburb":"Wyong","state":"NSW","postcode":"2259","appointment_required":false,"geometry_source":"openstreetmap","boundary_status":"matched","zone_basis":"osm-containing-building","zone_confidence":"building-match","legal_note":"Public Health Act 2010 (NSW) s 98A covers the clinic premises and every place within 150 m of any part of those premises or a pedestrian access point to the building. This map buffers the mapped building and does not separately model pedestrian access points.","osm_url":"https://www.openstreetmap.org/way/954089301","source":"openstreetmap"},"geometry":{"type":"Polygon","coordinates":[[[151.4272627,-33.2844287],[151.42731,-33.2844355],[151.4273134,-33.2844192],[151.4273851,-33.2844296],[151.4273822,-33.2844437],[151.4274176,-33.2844488],[151.4274108,-33.2844818],[151.4274377,-33.2844857],[151.4274271,-33.2845369],[151.4272807,-33.2845157],[151.4272786,-33.2845262],[151.4272436,-33.2845211],[151.4272627,-33.2844287]]]}},{"type":"Feature","properties":{"id":"supplemental-nsw-7c4c6516d034bed8","name":"Choices Reproductive & Sexual health Clinic","category":"clinic","category_label":"Abortion clinic","service_type":"Pregnancy termination","suburb":"Lismore","state":"NSW","postcode":"2480","appointment_required":false,"geometry_source":"openstreetmap","boundary_status":"matched","zone_basis":"osm-containing-building","zone_confidence":"building-match","legal_note":"Public Health Act 2010 (NSW) s 98A covers the clinic premises and every place within 150 m of any part of those premises or a pedestrian access point to the building. This map buffers the mapped building and does not separately model pedestrian access points.","osm_url":"https://www.openstreetmap.org/way/1212161497","source":"openstreetmap"},"geometry":{"type":"Polygon","coordinates":[[[153.2749632,-28.812815],[153.2747983,-28.8127263],[153.2746966,-28.8128714],[153.2748641,-28.8129615],[153.2749632,-28.812815]]]}},{"type":"Feature","properties":{"id":"supplemental-nsw-90f43cada0f88e49","name":"Coffs Harbour Women's health Centre","category":"doctor","category_label":"Doctor / general practice","service_type":"Pregnancy termination","suburb":"COFFS HARBOUR","state":"NSW","postcode":"2450","appointment_required":false,"geometry_source":"openstreetmap","boundary_status":"matched","zone_basis":"osm-containing-building","zone_confidence":"building-match","legal_note":"Public Health Act 2010 (NSW) s 98A covers the clinic premises and every place within 150 m of any part of those premises or a pedestrian access point to the building. This map buffers the mapped building and does not separately model pedestrian access points.","osm_url":"https://www.openstreetmap.org/way/830636074","source":"openstreetmap"},"geometry":{"type":"Polygon","coordinates":[[[153.1128991,-30.2982129],[153.1130331,-30.2982256],[153.1130433,-30.2984204],[153.1129072,-30.2984257],[153.112903,-30.2983134],[153.1128991,-30.2982129]]]}},{"type":"Feature","properties":{"id":"supplemental-nsw-1ab83013be996191","name":"Cooks Hill Family Practice","category":"doctor","category_label":"Doctor / general practice","service_type":"Pregnancy termination","suburb":"Cooks Hill","state":"NSW","postcode":"2300","appointment_required":false,"geometry_source":"openstreetmap","boundary_status":"matched","zone_basis":"osm-containing-building","zone_confidence":"building-match","legal_note":"Public Health Act 2010 (NSW) s 98A covers the clinic premises and every place within 150 m of any part of those premises or a pedestrian access point to the building. This map buffers the mapped building and does not separately model pedestrian access points.","osm_url":"https://www.openstreetmap.org/way/32776967","source":"openstreetmap"},"geometry":{"type":"Polygon","coordinates":[[[151.7682574,-32.9355097],[151.7686777,-32.9357847],[151.76902,-32.9360061],[151.7685131,-32.9365584],[151.767748,-32.9360581],[151.7682574,-32.9355097]]]}},{"type":"Feature","properties":{"id":"supplemental-nsw-1353e5e523e3047b","name":"Cootamundra Community Health Centre","category":"doctor","category_label":"Doctor / general practice","service_type":"Pregnancy termination","suburb":"COOTAMUNDRA","state":"NSW","postcode":"2590","appointment_required":false,"geometry_source":"openstreetmap","boundary_status":"matched","zone_basis":"osm-containing-building","zone_confidence":"building-match","legal_note":"Public Health Act 2010 (NSW) s 98A covers the clinic premises and every place within 150 m of any part of those premises or a pedestrian access point to the building. This map buffers the mapped building and does not separately model pedestrian access points.","osm_url":"https://www.openstreetmap.org/way/1371668735","source":"openstreetmap"},"geometry":{"type":"Polygon","coordinates":[[[148.0140003,-34.6352011],[148.0140743,-34.6352504],[148.0140587,-34.6352999],[148.0140752,-34.6353101],[148.014063,-34.6353223],[148.0141203,-34.6353597],[148.014168,-34.6353136],[148.0141835,-34.6352981],[148.0142845,-34.6353659],[148.014296,-34.6353734],[148.0141874,-34.6354832],[148.0140584,-34.6353987],[148.0139817,-34.6354762],[148.0139918,-34.6354834],[148.0139854,-34.6354895],[148.0139684,-34.6355073],[148.0139259,-34.6355515],[148.0138413,-34.6354968],[148.0139001,-34.6354374],[148.0138685,-34.6354154],[148.0138725,-34.6354099],[148.0138145,-34.6353706],[148.013929,-34.6352542],[148.0139635,-34.6352771],[148.0139097,-34.6353337],[148.0139329,-34.6353484],[148.0139983,-34.6352825],[148.0139704,-34.6352131],[148.0139811,-34.6352202],[148.0140003,-34.6352011]]]}},{"type":"Feature","properties":{"id":"supplemental-nsw-638c6a94eb6edf7e","name":"Cowra Medical Associates","category":"doctor","category_label":"Doctor / general practice","service_type":"Pregnancy termination","suburb":"Cowra","state":"NSW","postcode":"2794","appointment_required":false,"geometry_source":"openstreetmap","boundary_status":"matched","zone_basis":"osm-containing-building","zone_confidence":"building-match","legal_note":"Public Health Act 2010 (NSW) s 98A covers the clinic premises and every place within 150 m of any part of those premises or a pedestrian access point to the building. This map buffers the mapped building and does not separately model pedestrian access points.","osm_url":"https://www.openstreetmap.org/way/758734181","source":"openstreetmap"},"geometry":{"type":"Polygon","coordinates":[[[148.6950724,-33.8358327],[148.6952935,-33.8358625],[148.6952955,-33.8358558],[148.6954317,-33.8358762],[148.695509,-33.8354913],[148.6951968,-33.8354462],[148.6951745,-33.8355631],[148.6951282,-33.835557],[148.6950724,-33.8358327]]]}},{"type":"Feature","properties":{"id":"supplemental-nsw-a98bc8536d6e633c","name":"Crown West Medical","category":"doctor","category_label":"Doctor / general practice","service_type":"Pregnancy termination","suburb":"Wollongong","state":"NSW","postcode":"2500","appointment_required":false,"geometry_source":"openstreetmap","boundary_status":"matched","zone_basis":"osm-containing-building","zone_confidence":"building-match","legal_note":"Public Health Act 2010 (NSW) s 98A covers the clinic premises and every place within 150 m of any part of those premises or a pedestrian access point to the building. This map buffers the mapped building and does not separately model pedestrian access points.","osm_url":"https://www.openstreetmap.org/way/293183640","source":"openstreetmap"},"geometry":{"type":"Polygon","coordinates":[[[150.8865101,-34.4250186],[150.8866671,-34.4250418],[150.8866359,-34.4251852],[150.8866015,-34.4251801],[150.8866068,-34.4251554],[150.8865207,-34.4251427],[150.886515,-34.4251689],[150.8864786,-34.4251635],[150.8865101,-34.4250186]]]}},{"type":"Feature","properties":{"id":"supplemental-nsw-84f0c43fe644c9fd","name":"Cumberland Street Clinic","category":"clinic","category_label":"Abortion clinic","service_type":"Pregnancy termination","suburb":"Cessnock","state":"NSW","postcode":"2325","appointment_required":false,"geometry_source":"openstreetmap","boundary_status":"matched","zone_basis":"osm-containing-building","zone_confidence":"building-match","legal_note":"Public Health Act 2010 (NSW) s 98A covers the clinic premises and every place within 150 m of any part of those premises or a pedestrian access point to the building. This map buffers the mapped building and does not separately model pedestrian access points.","osm_url":"https://www.openstreetmap.org/way/674050765","source":"openstreetmap"},"geometry":{"type":"Polygon","coordinates":[[[151.3566934,-32.8372806],[151.3564051,-32.8372435],[151.3564307,-32.8371027],[151.356719,-32.8371397],[151.3566934,-32.8372806]]]}},{"type":"Feature","properties":{"id":"supplemental-nsw-d9f64fbf51b599a3","name":"East Sydney Doctors","category":"doctor","category_label":"Doctor / general practice","service_type":"Pregnancy termination","suburb":"Darlinghurst","state":"NSW","postcode":"2010","appointment_required":false,"geometry_source":"openstreetmap","boundary_status":"matched","zone_basis":"osm-containing-building","zone_confidence":"building-match","legal_note":"Public Health Act 2010 (NSW) s 98A covers the clinic premises and every place within 150 m of any part of those premises or a pedestrian access point to the building. This map buffers the mapped building and does not separately model pedestrian access points.","osm_url":"https://www.openstreetmap.org/way/606268308","source":"openstreetmap"},"geometry":{"type":"Polygon","coordinates":[[[151.2186262,-33.8788287],[151.2187486,-33.8788483],[151.2188177,-33.878551],[151.2186953,-33.8785314],[151.2186262,-33.8788287]]]}},{"type":"Feature","properties":{"id":"supplemental-nsw-e1415aea6fe2492b","name":"Edgeworth Family Practice","category":"doctor","category_label":"Doctor / general practice","service_type":"Pregnancy termination","suburb":"Edgeworth","state":"NSW","postcode":"2285","appointment_required":false,"geometry_source":"openstreetmap","boundary_status":"matched","zone_basis":"osm-containing-building","zone_confidence":"building-match","legal_note":"Public Health Act 2010 (NSW) s 98A covers the clinic premises and every place within 150 m of any part of those premises or a pedestrian access point to the building. This map buffers the mapped building and does not separately model pedestrian access points.","osm_url":"https://www.openstreetmap.org/way/59581971","source":"openstreetmap"},"geometry":{"type":"Polygon","coordinates":[[[151.6227914,-32.9250153],[151.6227994,-32.9249461],[151.6221647,-32.924839],[151.622119,-32.9250823],[151.6224805,-32.9251448],[151.6228666,-32.9252115],[151.6229016,-32.9250414],[151.6227914,-32.9250153]]]}},{"type":"Feature","properties":{"id":"supplemental-nsw-8ccefce287a1540a","name":"Family Planning Australia - Dubbo","category":"clinic","category_label":"Abortion clinic","service_type":"Pregnancy termination","suburb":"Dubbo","state":"NSW","postcode":"2830","appointment_required":false,"geometry_source":"openstreetmap","boundary_status":"matched","zone_basis":"osm-containing-building","zone_confidence":"building-match","legal_note":"Public Health Act 2010 (NSW) s 98A covers the clinic premises and every place within 150 m of any part of those premises or a pedestrian access point to the building. This map buffers the mapped building and does not separately model pedestrian access points.","osm_url":"https://www.openstreetmap.org/way/607994608","source":"openstreetmap"},"geometry":{"type":"Polygon","coordinates":[[[148.6007404,-32.2494837],[148.6007818,-32.2492627],[148.600023,-32.2491612],[148.6000146,-32.2492059],[148.600066,-32.2492128],[148.6000331,-32.249389],[148.6007404,-32.2494837]]]}},{"type":"Feature","properties":{"id":"supplemental-nsw-315a4ed67376bc9f","name":"Green Square Health","category":"doctor","category_label":"Doctor / general practice","service_type":"Pregnancy termination","suburb":"Waterloo","state":"NSW","postcode":"2017","appointment_required":false,"geometry_source":"openstreetmap","boundary_status":"matched","zone_basis":"osm-containing-building","zone_confidence":"building-match","legal_note":"Public Health Act 2010 (NSW) s 98A covers the clinic premises and every place within 150 m of any part of those premises or a pedestrian access point to the building. This map buffers the mapped building and does not separately model pedestrian access points.","osm_url":"https://www.openstreetmap.org/way/554365846","source":"openstreetmap"},"geometry":{"type":"Polygon","coordinates":[[[151.20705,-33.9026476],[151.2075595,-33.9021956],[151.2075808,-33.9022176],[151.2076531,-33.9022252],[151.2076796,-33.9022068],[151.2077219,-33.9022392],[151.2077556,-33.9022438],[151.2077853,-33.9022196],[151.2079253,-33.9023247],[151.2074203,-33.9027772],[151.2073495,-33.9027306],[151.2072868,-33.9027797],[151.2072473,-33.9027488],[151.2072105,-33.9027445],[151.2071797,-33.9027738],[151.2071289,-33.902735],[151.2070306,-33.9027235],[151.20705,-33.9026476]]]}},{"type":"Feature","properties":{"id":"supplemental-nsw-c6fcd70e1868f228","name":"Gwydir Medical Centre","category":"doctor","category_label":"Doctor / general practice","service_type":"Pregnancy termination","suburb":"Moree","state":"NSW","postcode":"2400","appointment_required":false,"geometry_source":"openstreetmap","boundary_status":"matched","zone_basis":"osm-containing-building","zone_confidence":"building-match","legal_note":"Public Health Act 2010 (NSW) s 98A covers the clinic premises and every place within 150 m of any part of those premises or a pedestrian access point to the building. This map buffers the mapped building and does not separately model pedestrian access points.","osm_url":"https://www.openstreetmap.org/way/1396740665","source":"openstreetmap"},"geometry":{"type":"Polygon","coordinates":[[[149.8411929,-29.4642054],[149.8414496,-29.4641969],[149.8414606,-29.4644487],[149.8413065,-29.4644538],[149.8413048,-29.4644138],[149.8412022,-29.4644172],[149.8411929,-29.4642054]]]}},{"type":"Feature","properties":{"id":"supplemental-nsw-5ca780750f76dc25","name":"Gynaecology Centres Australia - Gosford","category":"doctor","category_label":"Doctor / general practice","service_type":"Pregnancy termination","suburb":"Gosford","state":"NSW","postcode":"2250","appointment_required":false,"geometry_source":"openstreetmap","boundary_status":"matched","zone_basis":"osm-containing-building","zone_confidence":"building-match","legal_note":"Public Health Act 2010 (NSW) s 98A covers the clinic premises and every place within 150 m of any part of those premises or a pedestrian access point to the building. This map buffers the mapped building and does not separately model pedestrian access points.","osm_url":"https://www.openstreetmap.org/way/147456078","source":"openstreetmap"},"geometry":{"type":"Polygon","coordinates":[[[151.3443745,-33.4199125],[151.3443466,-33.4200559],[151.3440585,-33.4200169],[151.344096,-33.4198241],[151.3442786,-33.4198488],[151.344269,-33.4198982],[151.3443745,-33.4199125]]]}},{"type":"Feature","properties":{"id":"supplemental-nsw-173a65d7899a2464","name":"Gynaecology Centres Australia - Hurstville","category":"doctor","category_label":"Doctor / general practice","service_type":"Pregnancy termination","suburb":"Hurstville","state":"NSW","postcode":"2220","appointment_required":false,"geometry_source":"openstreetmap","boundary_status":"matched","zone_basis":"osm-containing-building","zone_confidence":"building-match","legal_note":"Public Health Act 2010 (NSW) s 98A covers the clinic premises and every place within 150 m of any part of those premises or a pedestrian access point to the building. This map buffers the mapped building and does not separately model pedestrian access points.","osm_url":"https://www.openstreetmap.org/way/610211565","source":"openstreetmap"},"geometry":{"type":"Polygon","coordinates":[[[151.1020225,-33.9653066],[151.1021395,-33.9653924],[151.1021541,-33.965403],[151.1021246,-33.9654307],[151.1021688,-33.9654631],[151.1021983,-33.9654349],[151.1022914,-33.9655022],[151.102307,-33.9655136],[151.1021622,-33.9656496],[151.1021385,-33.9656323],[151.1021493,-33.9656222],[151.1018893,-33.9654318],[151.1020225,-33.9653066]]]}},{"type":"Feature","properties":{"id":"supplemental-nsw-73edaf38f7e6757d","name":"Gynaecology Centres Australia - Wollongong","category":"doctor","category_label":"Doctor / general practice","service_type":"Pregnancy termination","suburb":"Wollongong","state":"NSW","postcode":"2500","appointment_required":false,"geometry_source":"openstreetmap","boundary_status":"matched","zone_basis":"osm-containing-building","zone_confidence":"building-match","legal_note":"Public Health Act 2010 (NSW) s 98A covers the clinic premises and every place within 150 m of any part of those premises or a pedestrian access point to the building. This map buffers the mapped building and does not separately model pedestrian access points.","osm_url":"https://www.openstreetmap.org/way/232400170","source":"openstreetmap"},"geometry":{"type":"Polygon","coordinates":[[[150.8928547,-34.4236134],[150.8928977,-34.4234115],[150.8933032,-34.4234702],[150.8932598,-34.423674],[150.8931146,-34.423653],[150.8931235,-34.4236111],[150.8930085,-34.4235944],[150.893,-34.4236344],[150.8928547,-34.4236134]]]}},{"type":"Feature","properties":{"id":"supplemental-nsw-9c06ae178b37436b","name":"Illawarra Family Medical Centre","category":"doctor","category_label":"Doctor / general practice","service_type":"Pregnancy termination","suburb":"Wollongong","state":"NSW","postcode":"2500","appointment_required":false,"geometry_source":"openstreetmap","boundary_status":"matched","zone_basis":"osm-containing-building","zone_confidence":"building-match","legal_note":"Public Health Act 2010 (NSW) s 98A covers the clinic premises and every place within 150 m of any part of those premises or a pedestrian access point to the building. This map buffers the mapped building and does not separately model pedestrian access points.","osm_url":"https://www.openstreetmap.org/way/260264147","source":"openstreetmap"},"geometry":{"type":"Polygon","coordinates":[[[150.8857319,-34.425089],[150.8858381,-34.4251043],[150.8858307,-34.42514],[150.8858236,-34.4251526],[150.8858109,-34.4251614],[150.8857924,-34.4251636],[150.8857541,-34.4251594],[150.885738,-34.4251522],[150.8857294,-34.4251431],[150.8857242,-34.4251241],[150.8857319,-34.425089]]]}},{"type":"Feature","properties":{"id":"supplemental-nsw-2a68814394fcc5f7","name":"Jetty Medical Centre","category":"doctor","category_label":"Doctor / general practice","service_type":"Pregnancy termination","suburb":"Long Jetty","state":"NSW","postcode":"2261","appointment_required":false,"geometry_source":"openstreetmap","boundary_status":"matched","zone_basis":"osm-containing-building","zone_confidence":"building-match","legal_note":"Public Health Act 2010 (NSW) s 98A covers the clinic premises and every place within 150 m of any part of those premises or a pedestrian access point to the building. This map buffers the mapped building and does not separately model pedestrian access points.","osm_url":"https://www.openstreetmap.org/way/837066799","source":"openstreetmap"},"geometry":{"type":"Polygon","coordinates":[[[151.4840895,-33.3595949],[151.4839102,-33.3595691],[151.4838984,-33.3596265],[151.4839135,-33.3596286],[151.4839066,-33.3596621],[151.483803,-33.3596473],[151.4837395,-33.3597074],[151.483914,-33.3597322],[151.4840064,-33.3597458],[151.4840172,-33.3596931],[151.4840678,-33.3597003],[151.4840895,-33.3595949]]]}},{"type":"Feature","properties":{"id":"supplemental-nsw-212696627cff56db","name":"Manning Base Hospital Antenatal Clinic/Early Pregnancy Assessment Service","category":"hospital","category_label":"Hospital","service_type":"Pregnancy termination","suburb":"Taree","state":"NSW","postcode":"2430","appointment_required":false,"geometry_source":"openstreetmap","boundary_status":"matched","zone_basis":"osm-containing-building","zone_confidence":"building-match","legal_note":"Public Health Act 2010 (NSW) s 98A covers the clinic premises and every place within 150 m of any part of those premises or a pedestrian access point to the building. This map buffers the mapped building and does not separately model pedestrian access points.","osm_url":"https://www.openstreetmap.org/way/391304287","source":"openstreetmap"},"geometry":{"type":"Polygon","coordinates":[[[152.4548296,-31.9103841],[152.4548874,-31.9103477],[152.4548222,-31.9102687],[152.4548853,-31.9102279],[152.454922,-31.9102776],[152.4549982,-31.910196],[152.4550616,-31.9100837],[152.4551264,-31.9100598],[152.4552326,-31.9100335],[152.4552718,-31.9101344],[152.4552508,-31.9101488],[152.4554318,-31.9103661],[152.455382,-31.9103954],[152.4554331,-31.9104547],[152.4550817,-31.9106756],[152.4548296,-31.9103841]]]}},{"type":"Feature","properties":{"id":"supplemental-nsw-c45df5a28a1e73ce","name":"Smith Street Practice","category":"doctor","category_label":"Doctor / general practice","service_type":"Pregnancy termination","suburb":"Tamworth","state":"NSW","postcode":"2340","appointment_required":false,"geometry_source":"openstreetmap","boundary_status":"matched","zone_basis":"osm-containing-building","zone_confidence":"building-match","legal_note":"Public Health Act 2010 (NSW) s 98A covers the clinic premises and every place within 150 m of any part of those premises or a pedestrian access point to the building. This map buffers the mapped building and does not separately model pedestrian access points.","osm_url":"https://www.openstreetmap.org/way/974335602","source":"openstreetmap"},"geometry":{"type":"Polygon","coordinates":[[[150.9266239,-31.0760628],[150.9266521,-31.075919],[150.9267432,-31.0759321],[150.9267368,-31.0759649],[150.9269095,-31.0759899],[150.9268877,-31.0761009],[150.9266239,-31.0760628]]]}},{"type":"Feature","properties":{"id":"supplemental-nsw-d1629b0865edf40d","name":"The Health Centre","category":"doctor","category_label":"Doctor / general practice","service_type":"Pregnancy termination","suburb":"Port Macquarie","state":"NSW","postcode":"2444","appointment_required":false,"geometry_source":"openstreetmap","boundary_status":"matched","zone_basis":"osm-containing-building","zone_confidence":"building-match","legal_note":"Public Health Act 2010 (NSW) s 98A covers the clinic premises and every place within 150 m of any part of those premises or a pedestrian access point to the building. This map buffers the mapped building and does not separately model pedestrian access points.","osm_url":"https://www.openstreetmap.org/way/933213784","source":"openstreetmap"},"geometry":{"type":"Polygon","coordinates":[[[152.9177826,-31.4357733],[152.9181072,-31.4357534],[152.9181257,-31.4359741],[152.9178011,-31.4359939],[152.9177826,-31.4357733]]]}},{"type":"Feature","properties":{"id":"supplemental-nsw-82c648b7409e0a04","name":"Wagga Wagga Community Health - Women's health Clinic","category":"clinic","category_label":"Abortion clinic","service_type":"Pregnancy termination","suburb":"Wagga Wagga","state":"NSW","postcode":"2650","appointment_required":false,"geometry_source":"openstreetmap","boundary_status":"matched","zone_basis":"osm-containing-building","zone_confidence":"building-match","legal_note":"Public Health Act 2010 (NSW) s 98A covers the clinic premises and every place within 150 m of any part of those premises or a pedestrian access point to the building. This map buffers the mapped building and does not separately model pedestrian access points.","osm_url":"https://www.openstreetmap.org/way/948317436","source":"openstreetmap"},"geometry":{"type":"Polygon","coordinates":[[[147.3574665,-35.1179653],[147.3573762,-35.1183943],[147.3573557,-35.1184862],[147.3572622,-35.1184736],[147.3572674,-35.1184464],[147.3571382,-35.1184297],[147.3571319,-35.1184561],[147.3570635,-35.1184469],[147.3571127,-35.1182058],[147.3571168,-35.1181855],[147.3563211,-35.1180788],[147.3564124,-35.1176822],[147.3565612,-35.1177041],[147.3570956,-35.1177826],[147.3571905,-35.1177966],[147.357202,-35.1177361],[147.357502,-35.117778],[147.3574665,-35.1179653]]]}},{"type":"Feature","properties":{"id":"supplemental-nsw-6aff377ccc2ea39f","name":"Woonona Medical Practice","category":"doctor","category_label":"Doctor / general practice","service_type":"Pregnancy termination","suburb":"Woonona","state":"NSW","postcode":"2517","appointment_required":false,"geometry_source":"openstreetmap","boundary_status":"matched","zone_basis":"osm-containing-building","zone_confidence":"building-match","legal_note":"Public Health Act 2010 (NSW) s 98A covers the clinic premises and every place within 150 m of any part of those premises or a pedestrian access point to the building. This map buffers the mapped building and does not separately model pedestrian access points.","osm_url":"https://www.openstreetmap.org/way/104116084","source":"openstreetmap"},"geometry":{"type":"Polygon","coordinates":[[[150.9089628,-34.3391767],[150.9088543,-34.339372],[150.9088323,-34.3394115],[150.9091052,-34.3394504],[150.909095,-34.3395027],[150.9092451,-34.3395242],[150.9092892,-34.3392942],[150.9092196,-34.3392839],[150.9092339,-34.3392164],[150.9089628,-34.3391767]]]}},{"type":"Feature","properties":{"id":"supplemental-nsw-7abdee1d41109741","name":"Your Health Griffith","category":"doctor","category_label":"Doctor / general practice","service_type":"Pregnancy termination","suburb":"Griffith","state":"NSW","postcode":"2680","appointment_required":false,"geometry_source":"openstreetmap","boundary_status":"matched","zone_basis":"osm-containing-building","zone_confidence":"building-match","legal_note":"Public Health Act 2010 (NSW) s 98A covers the clinic premises and every place within 150 m of any part of those premises or a pedestrian access point to the building. This map buffers the mapped building and does not separately model pedestrian access points.","osm_url":"https://www.openstreetmap.org/way/1396501736","source":"openstreetmap"},"geometry":{"type":"Polygon","coordinates":[[[146.0416282,-34.2838623],[146.0417408,-34.2837673],[146.0417805,-34.2837995],[146.0418395,-34.2837497],[146.0415987,-34.2835547],[146.0415411,-34.2836033],[146.0414754,-34.2835502],[146.0413789,-34.2836316],[146.0414404,-34.2836814],[146.0413868,-34.2837266],[146.0414675,-34.283792],[146.0415037,-34.2837615],[146.0416282,-34.2838623]]]}},{"type":"Feature","properties":{"id":"supplemental-nt-72c14689a42a2e34","name":"Family Planning NT — Palmerston clinic","category":"clinic","category_label":"Abortion clinic","service_type":"Pregnancy termination","suburb":"Farrar","state":"NT","postcode":"0830","appointment_required":false,"geometry_source":"openstreetmap","boundary_status":"matched","zone_basis":"osm-containing-building","zone_confidence":"building-match","legal_note":"Termination of Pregnancy Law Reform Act 2017 (NT) s 4 includes the premises for terminations and the area within 150 m outside its boundary. This map buffers the mapped building, which may not exactly match the legal premises boundary.","osm_url":"https://www.openstreetmap.org/way/557898853","source":"openstreetmap"},"geometry":{"type":"Polygon","coordinates":[[[130.9898494,-12.4789935],[130.9899594,-12.4788835],[130.9901076,-12.4790184],[130.9901471,-12.4790157],[130.9902363,-12.4791022],[130.9902383,-12.4791447],[130.9904422,-12.4793981],[130.9900694,-12.4793981],[130.9900694,-12.4792357],[130.9900184,-12.4791846],[130.9898494,-12.479186],[130.9898494,-12.4789935]]]}},{"type":"Feature","properties":{"id":"supplemental-qld-f07edbcd42fa48d9","name":"Algester Star Doctors","category":"doctor","category_label":"Doctor / general practice","service_type":"Pregnancy termination","suburb":"","state":"QLD","postcode":"4115","appointment_required":false,"geometry_source":"openstreetmap","boundary_status":"matched","zone_basis":"osm-containing-building","zone_confidence":"building-match","legal_note":"Termination of Pregnancy Act 2018 (Qld) s 14 covers the premises and places no more than 150 m from an entrance, unless another distance is prescribed. This map instead buffers the entire mapped building, so its boundary can differ from the legal zone.","osm_url":"https://www.openstreetmap.org/way/548661468","source":"openstreetmap"},"geometry":{"type":"Polygon","coordinates":[[[153.0327614,-27.6101247],[153.0328446,-27.6101175],[153.0329894,-27.6101829],[153.0329961,-27.6105287],[153.0328915,-27.6105941],[153.0329774,-27.6107248],[153.0328017,-27.6108246],[153.0326381,-27.6106202],[153.0325911,-27.6106909],[153.032626,-27.6107064],[153.0326589,-27.6106897],[153.0326837,-27.6107212],[153.0326287,-27.6107509],[153.0325683,-27.6107248],[153.0325469,-27.6107581],[153.0321378,-27.6105798],[153.0322196,-27.6104336],[153.032622,-27.6106036],[153.0327802,-27.6105156],[153.0327614,-27.6101247]]]}},{"type":"Feature","properties":{"id":"supplemental-qld-c70459b3c70a51da","name":"Arana Hills Medical Centre","category":"doctor","category_label":"Doctor / general practice","service_type":"Pregnancy termination","suburb":"","state":"QLD","postcode":"4054","appointment_required":false,"geometry_source":"openstreetmap","boundary_status":"matched","zone_basis":"osm-containing-building","zone_confidence":"building-match","legal_note":"Termination of Pregnancy Act 2018 (Qld) s 14 covers the premises and places no more than 150 m from an entrance, unless another distance is prescribed. This map instead buffers the entire mapped building, so its boundary can differ from the legal zone.","osm_url":"https://www.openstreetmap.org/way/501691708","source":"openstreetmap"},"geometry":{"type":"Polygon","coordinates":[[[152.9578735,-27.4000751],[152.9577886,-27.4000623],[152.957793,-27.4000394],[152.9578131,-27.3999346],[152.9577384,-27.3999233],[152.9577582,-27.3998203],[152.9578328,-27.3998316],[152.9578843,-27.3995629],[152.9579691,-27.3995757],[152.9581509,-27.3996032],[152.9581618,-27.3996048],[152.9581086,-27.3998829],[152.9581591,-27.3998906],[152.9581212,-27.4000889],[152.9581169,-27.4000977],[152.9581062,-27.4001096],[152.9580901,-27.4001144],[152.9580753,-27.4001144],[152.9580532,-27.4001132],[152.9578714,-27.4000858],[152.9578735,-27.4000751]]]}},{"type":"Feature","properties":{"id":"supplemental-qld-34398f8f03b57ef8","name":"Ashgrove Clinic","category":"clinic","category_label":"Abortion clinic","service_type":"Pregnancy termination","suburb":"","state":"QLD","postcode":"4060","appointment_required":false,"geometry_source":"openstreetmap","boundary_status":"matched","zone_basis":"osm-containing-building","zone_confidence":"building-match","legal_note":"Termination of Pregnancy Act 2018 (Qld) s 14 covers the premises and places no more than 150 m from an entrance, unless another distance is prescribed. This map instead buffers the entire mapped building, so its boundary can differ from the legal zone.","osm_url":"https://www.openstreetmap.org/way/953688344","source":"openstreetmap"},"geometry":{"type":"Polygon","coordinates":[[[152.9939855,-27.4448455],[152.9939788,-27.4446693],[152.994204,-27.4446761],[152.9942099,-27.4448501],[152.9939855,-27.4448455]]]}},{"type":"Feature","properties":{"id":"supplemental-qld-97ed7afa194e2389","name":"ATSICHS Brisbane - Woolloongabba","category":"doctor","category_label":"Doctor / general practice","service_type":"Pregnancy termination","suburb":"","state":"QLD","postcode":"4102","appointment_required":false,"geometry_source":"openstreetmap","boundary_status":"matched","zone_basis":"osm-containing-building","zone_confidence":"building-match","legal_note":"Termination of Pregnancy Act 2018 (Qld) s 14 covers the premises and places no more than 150 m from an entrance, unless another distance is prescribed. This map instead buffers the entire mapped building, so its boundary can differ from the legal zone.","osm_url":"https://www.openstreetmap.org/way/66289859","source":"openstreetmap"},"geometry":{"type":"Polygon","coordinates":[[[153.0281137,-27.4878768],[153.0280342,-27.4882921],[153.0282023,-27.488317],[153.0282385,-27.4883087],[153.0282653,-27.4882873],[153.0284974,-27.4879054],[153.0283726,-27.4878864],[153.0283672,-27.4879101],[153.0282291,-27.4878911],[153.0282358,-27.4878661],[153.0281433,-27.4878519],[153.0281379,-27.4878768],[153.0281137,-27.4878768]]]}},{"type":"Feature","properties":{"id":"supplemental-qld-1d844111814876f5","name":"Barcaldine Medical Centre","category":"doctor","category_label":"Doctor / general practice","service_type":"Pregnancy termination","suburb":"","state":"QLD","postcode":"4725","appointment_required":false,"geometry_source":"openstreetmap","boundary_status":"matched","zone_basis":"osm-containing-building","zone_confidence":"reviewed","legal_note":"Termination of Pregnancy Act 2018 (Qld) s 14 covers the premises and places no more than 150 m from an entrance, unless another distance is prescribed. This map instead buffers the entire mapped building, so its boundary can differ from the legal zone.","osm_url":"https://www.openstreetmap.org/way/1496341236","source":"openstreetmap"},"geometry":{"type":"Polygon","coordinates":[[[145.293298,-23.5535716],[145.2932864,-23.5537082],[145.2935963,-23.5537304],[145.2936079,-23.5535939],[145.293298,-23.5535716]]]}},{"type":"Feature","properties":{"id":"supplemental-qld-6aeb38481ad8ec93","name":"Beerwah Surgery","category":"doctor","category_label":"Doctor / general practice","service_type":"Pregnancy termination","suburb":"","state":"QLD","postcode":"4519","appointment_required":false,"geometry_source":"openstreetmap","boundary_status":"matched","zone_basis":"osm-containing-building","zone_confidence":"building-match","legal_note":"Termination of Pregnancy Act 2018 (Qld) s 14 covers the premises and places no more than 150 m from an entrance, unless another distance is prescribed. This map instead buffers the entire mapped building, so its boundary can differ from the legal zone.","osm_url":"https://www.openstreetmap.org/way/833381921","source":"openstreetmap"},"geometry":{"type":"Polygon","coordinates":[[[152.9574828,-26.8589654],[152.9578528,-26.858967],[152.9578535,-26.8591844],[152.9574828,-26.8591864],[152.9574828,-26.8589654]]]}},{"type":"Feature","properties":{"id":"supplemental-qld-586c2d673e1a8a70","name":"Berkley Medical Centre","category":"doctor","category_label":"Doctor / general practice","service_type":"Pregnancy termination","suburb":"","state":"QLD","postcode":"4069","appointment_required":false,"geometry_source":"openstreetmap","boundary_status":"matched","zone_basis":"osm-containing-building","zone_confidence":"building-match","legal_note":"Termination of Pregnancy Act 2018 (Qld) s 14 covers the premises and places no more than 150 m from an entrance, unless another distance is prescribed. This map instead buffers the entire mapped building, so its boundary can differ from the legal zone.","osm_url":"https://www.openstreetmap.org/way/20290086","source":"openstreetmap"},"geometry":{"type":"Polygon","coordinates":[[[152.9478124,-27.5065634],[152.9478787,-27.5065646],[152.9478797,-27.5065234],[152.9482206,-27.5065294],[152.9482195,-27.5065799],[152.9484082,-27.5065832],[152.9484014,-27.5068834],[152.9483749,-27.5068829],[152.9483732,-27.506958],[152.9484561,-27.5069595],[152.948457,-27.5069206],[152.9487055,-27.506925],[152.9487047,-27.5069613],[152.9487426,-27.5069609],[152.9487712,-27.506934],[152.9487708,-27.5068862],[152.9487095,-27.5068853],[152.9487196,-27.5064356],[152.9482208,-27.5064268],[152.9482218,-27.5063786],[152.9480374,-27.5063754],[152.9480384,-27.5063286],[152.9477873,-27.5063242],[152.9477766,-27.5068033],[152.947807,-27.5068038],[152.9478124,-27.5065634]]]}},{"type":"Feature","properties":{"id":"supplemental-qld-55369024206e7dc0","name":"Birkdale Medical","category":"doctor","category_label":"Doctor / general practice","service_type":"Pregnancy termination","suburb":"","state":"QLD","postcode":"4159","appointment_required":false,"geometry_source":"openstreetmap","boundary_status":"matched","zone_basis":"osm-containing-building","zone_confidence":"building-match","legal_note":"Termination of Pregnancy Act 2018 (Qld) s 14 covers the premises and places no more than 150 m from an entrance, unless another distance is prescribed. This map instead buffers the entire mapped building, so its boundary can differ from the legal zone.","osm_url":"https://www.openstreetmap.org/way/329130350","source":"openstreetmap"},"geometry":{"type":"Polygon","coordinates":[[[153.2130092,-27.4941668],[153.2131249,-27.4941833],[153.2131279,-27.4941666],[153.2133458,-27.4941977],[153.2133277,-27.4942974],[153.2133125,-27.4942952],[153.2132961,-27.4943474],[153.2132778,-27.4943808],[153.2132325,-27.4944295],[153.2130952,-27.4944102],[153.2131005,-27.494381],[153.213061,-27.4943755],[153.2130655,-27.4943507],[153.2129582,-27.4943355],[153.2129749,-27.4942422],[153.2129951,-27.494245],[153.2130092,-27.4941668]]]}},{"type":"Feature","properties":{"id":"supplemental-qld-a815ceb8e36467e0","name":"Blood Borne Virus & Sexual Health Service","category":"doctor","category_label":"Doctor / general practice","service_type":"Pregnancy termination","suburb":"","state":"QLD","postcode":"4700","appointment_required":false,"geometry_source":"openstreetmap","boundary_status":"matched","zone_basis":"osm-containing-building","zone_confidence":"building-match","legal_note":"Termination of Pregnancy Act 2018 (Qld) s 14 covers the premises and places no more than 150 m from an entrance, unless another distance is prescribed. This map instead buffers the entire mapped building, so its boundary can differ from the legal zone.","osm_url":"https://www.openstreetmap.org/way/1147276080","source":"openstreetmap"},"geometry":{"type":"Polygon","coordinates":[[[150.5089881,-23.3746933],[150.5089344,-23.374727],[150.5088827,-23.3747595],[150.5087981,-23.3748127],[150.5086863,-23.3746628],[150.5088763,-23.3745434],[150.5089255,-23.3745125],[150.5090373,-23.3746624],[150.5089881,-23.3746933]]]}},{"type":"Feature","properties":{"id":"supplemental-qld-356224b261b0f1fd","name":"Brightwater Medical Centre","category":"doctor","category_label":"Doctor / general practice","service_type":"Pregnancy termination","suburb":"","state":"QLD","postcode":"4557","appointment_required":false,"geometry_source":"openstreetmap","boundary_status":"matched","zone_basis":"osm-containing-building","zone_confidence":"building-match","legal_note":"Termination of Pregnancy Act 2018 (Qld) s 14 covers the premises and places no more than 150 m from an entrance, unless another distance is prescribed. This map instead buffers the entire mapped building, so its boundary can differ from the legal zone.","osm_url":"https://www.openstreetmap.org/way/1103374635","source":"openstreetmap"},"geometry":{"type":"Polygon","coordinates":[[[153.1081828,-26.7108155],[153.1082912,-26.7109351],[153.1082555,-26.7109609],[153.1082816,-26.7109898],[153.1083214,-26.7109611],[153.1083855,-26.7110319],[153.1083552,-26.7110538],[153.1085228,-26.7112391],[153.108591,-26.7111898],[153.1086326,-26.7112359],[153.1087617,-26.7111428],[153.1087699,-26.7111519],[153.1086345,-26.7112492],[153.1087228,-26.7113474],[153.108858,-26.7112503],[153.1088742,-26.7112684],[153.1090048,-26.7111748],[153.109023,-26.711195],[153.1093414,-26.7109668],[153.1092958,-26.7109162],[153.1092752,-26.7109309],[153.1092001,-26.7108474],[153.1091819,-26.7108604],[153.1091333,-26.7108065],[153.1091686,-26.7107812],[153.1090646,-26.7106657],[153.1090401,-26.7106833],[153.1090249,-26.7106666],[153.1090188,-26.710671],[153.1089167,-26.7105582],[153.1088284,-26.710622],[153.1088202,-26.7106129],[153.1088504,-26.710591],[153.1087088,-26.7104348],[153.1081828,-26.7108155]]]}},{"type":"Feature","properties":{"id":"supplemental-qld-9876d3d6399ea37b","name":"Broadbeach Medical Centre & Gold Coast Women's Health","category":"doctor","category_label":"Doctor / general practice","service_type":"Pregnancy termination","suburb":"","state":"QLD","postcode":"4218","appointment_required":false,"geometry_source":"openstreetmap","boundary_status":"matched","zone_basis":"osm-containing-building","zone_confidence":"building-match","legal_note":"Termination of Pregnancy Act 2018 (Qld) s 14 covers the premises and places no more than 150 m from an entrance, unless another distance is prescribed. This map instead buffers the entire mapped building, so its boundary can differ from the legal zone.","osm_url":"https://www.openstreetmap.org/way/313636555","source":"openstreetmap"},"geometry":{"type":"Polygon","coordinates":[[[153.4308144,-28.0309182],[153.4310504,-28.030876],[153.4310967,-28.0310774],[153.4310697,-28.0310822],[153.4310757,-28.0311087],[153.4308668,-28.0311461],[153.4308144,-28.0309182]]]}},{"type":"Feature","properties":{"id":"supplemental-qld-7e304c96b7cc92ac","name":"Brookside Family Clinic","category":"clinic","category_label":"Abortion clinic","service_type":"Pregnancy termination","suburb":"","state":"QLD","postcode":"4053","appointment_required":false,"geometry_source":"openstreetmap","boundary_status":"matched","zone_basis":"osm-containing-building","zone_confidence":"building-match","legal_note":"Termination of Pregnancy Act 2018 (Qld) s 14 covers the premises and places no more than 150 m from an entrance, unless another distance is prescribed. This map instead buffers the entire mapped building, so its boundary can differ from the legal zone.","osm_url":"https://www.openstreetmap.org/way/21534675","source":"openstreetmap"},"geometry":{"type":"Polygon","coordinates":[[[152.9794876,-27.4103698],[152.9795252,-27.4103751],[152.979681,-27.4103968],[152.9798309,-27.4104178],[152.9799887,-27.4104399],[152.9800319,-27.4104459],[152.9800437,-27.4103792],[152.9801579,-27.4103952],[152.9801846,-27.4103989],[152.9801942,-27.4103447],[152.98026,-27.4103538],[152.9802684,-27.4103065],[152.980289,-27.4101901],[152.9803953,-27.410205],[152.980413,-27.4101048],[152.9805054,-27.4101177],[152.9805324,-27.4099651],[152.9805546,-27.4098393],[152.9805787,-27.4097031],[152.9806668,-27.4097154],[152.9807182,-27.4097225],[152.9807302,-27.4097242],[152.9807745,-27.409473],[152.9807829,-27.4094253],[152.9807063,-27.4094147],[152.9806521,-27.4094071],[152.980669,-27.4093116],[152.980694,-27.4091696],[152.9806805,-27.4091319],[152.9806429,-27.409105],[152.9806244,-27.4091025],[152.9804897,-27.4090847],[152.980492,-27.4090711],[152.980451,-27.4090656],[152.9804642,-27.4089874],[152.9804509,-27.4089856],[152.9804591,-27.4089378],[152.9806396,-27.4089621],[152.980687,-27.4086847],[152.9807141,-27.4085263],[152.9806267,-27.4085145],[152.9806311,-27.4084893],[152.9805435,-27.4084774],[152.9805471,-27.408457],[152.9800056,-27.4083827],[152.9799932,-27.4084542],[152.9799043,-27.408442],[152.9798716,-27.4086295],[152.9796551,-27.4085998],[152.9794784,-27.4085737],[152.9793577,-27.4085574],[152.9793617,-27.4085341],[152.9792627,-27.4085208],[152.9791265,-27.4085025],[152.9791231,-27.4085225],[152.9790644,-27.4085146],[152.9790136,-27.408509],[152.9789662,-27.4087797],[152.9788399,-27.4087623],[152.9787995,-27.4087567],[152.9788178,-27.4086522],[152.9788468,-27.4084865],[152.9788631,-27.4083936],[152.9785026,-27.4083438],[152.9784958,-27.4083827],[152.9780655,-27.4083232],[152.9778938,-27.4093179],[152.9784235,-27.409389],[152.9784121,-27.4094561],[152.9784997,-27.4095209],[152.9785228,-27.4095521],[152.9785509,-27.4095901],[152.9785966,-27.4095636],[152.9786809,-27.4096777],[152.9787635,-27.4096889],[152.9787518,-27.4097571],[152.9787849,-27.4097616],[152.9787654,-27.409876],[152.9790678,-27.4099167],[152.9791193,-27.4099236],[152.9791455,-27.4099271],[152.9792924,-27.4099469],[152.9793273,-27.4099516],[152.9793917,-27.4100259],[152.9794449,-27.4100333],[152.9796236,-27.4100583],[152.9796026,-27.4101767],[152.9795238,-27.4101657],[152.9794876,-27.4103698]]]}},{"type":"Feature","properties":{"id":"supplemental-qld-830cd99e389e762e","name":"Buderim Marketplace Medical Centre","category":"doctor","category_label":"Doctor / general practice","service_type":"Pregnancy termination","suburb":"","state":"QLD","postcode":"4556","appointment_required":false,"geometry_source":"openstreetmap","boundary_status":"matched","zone_basis":"osm-containing-building","zone_confidence":"reviewed","legal_note":"Termination of Pregnancy Act 2018 (Qld) s 14 covers the premises and places no more than 150 m from an entrance, unless another distance is prescribed. This map instead buffers the entire mapped building, so its boundary can differ from the legal zone.","osm_url":"https://www.openstreetmap.org/way/271421595","source":"openstreetmap"},"geometry":{"type":"Polygon","coordinates":[[[153.0494144,-26.6870707],[153.0496691,-26.687239],[153.049491,-26.6874542],[153.0494546,-26.6874981],[153.0491788,-26.6878313],[153.0489241,-26.687663],[153.0494144,-26.6870707]]]}},{"type":"Feature","properties":{"id":"supplemental-qld-641d048146f6df80","name":"Buderim Medical Centre","category":"doctor","category_label":"Doctor / general practice","service_type":"Pregnancy termination","suburb":"","state":"QLD","postcode":"4556","appointment_required":false,"geometry_source":"manual","boundary_status":"manual","zone_basis":"manual-premises","zone_confidence":"reviewed","legal_note":"Termination of Pregnancy Act 2018 (Qld) s 14 covers the premises and places no more than 150 m from an entrance, unless another distance is prescribed. This map instead buffers the entire mapped building, so its boundary can differ from the legal zone.","osm_url":"","source":"manual"},"geometry":{"type":"Polygon","coordinates":[[[153.06083226108257,-26.68267249522571],[153.0613043298701,-26.682689271236768],[153.06124532127188,-26.682984049309994],[153.06076252364863,-26.682928928264218],[153.06083226108257,-26.68267249522571]]]}},{"type":"Feature","properties":{"id":"supplemental-qld-a422e02c3a58c7ba","name":"Bundall Medical Centre","category":"doctor","category_label":"Doctor / general practice","service_type":"Pregnancy termination","suburb":"","state":"QLD","postcode":"4217","appointment_required":false,"geometry_source":"openstreetmap","boundary_status":"matched","zone_basis":"osm-containing-building","zone_confidence":"building-match","legal_note":"Termination of Pregnancy Act 2018 (Qld) s 14 covers the premises and places no more than 150 m from an entrance, unless another distance is prescribed. This map instead buffers the entire mapped building, so its boundary can differ from the legal zone.","osm_url":"https://www.openstreetmap.org/way/354734666","source":"openstreetmap"},"geometry":{"type":"Polygon","coordinates":[[[153.4092905,-28.0096644],[153.4093469,-28.009636],[153.409679,-28.0096972],[153.4095127,-28.0105533],[153.4094675,-28.0105822],[153.4088395,-28.0104759],[153.4089447,-28.0099414],[153.4091215,-28.0099675],[153.4090813,-28.0101688],[153.4091882,-28.0101823],[153.4092905,-28.0096644]]]}},{"type":"Feature","properties":{"id":"supplemental-qld-d828eaa205b98e20","name":"Burleigh Heads Medical Centre","category":"doctor","category_label":"Doctor / general practice","service_type":"Pregnancy termination","suburb":"","state":"QLD","postcode":"4220","appointment_required":false,"geometry_source":"openstreetmap","boundary_status":"matched","zone_basis":"osm-containing-building","zone_confidence":"building-match","legal_note":"Termination of Pregnancy Act 2018 (Qld) s 14 covers the premises and places no more than 150 m from an entrance, unless another distance is prescribed. This map instead buffers the entire mapped building, so its boundary can differ from the legal zone.","osm_url":"https://www.openstreetmap.org/way/662778366","source":"openstreetmap"},"geometry":{"type":"Polygon","coordinates":[[[153.4467463,-28.0900304],[153.4469417,-28.0900543],[153.4468914,-28.0903485],[153.4468614,-28.0903403],[153.4466944,-28.0903175],[153.4466996,-28.0902913],[153.4467463,-28.0900304]]]}},{"type":"Feature","properties":{"id":"supplemental-qld-c6f05370cb0a9c8d","name":"Burpengary Station Medical","category":"doctor","category_label":"Doctor / general practice","service_type":"Pregnancy termination","suburb":"","state":"QLD","postcode":"4505","appointment_required":false,"geometry_source":"openstreetmap","boundary_status":"matched","zone_basis":"osm-containing-building","zone_confidence":"reviewed","legal_note":"Termination of Pregnancy Act 2018 (Qld) s 14 covers the premises and places no more than 150 m from an entrance, unless another distance is prescribed. This map instead buffers the entire mapped building, so its boundary can differ from the legal zone.","osm_url":"https://www.openstreetmap.org/way/999746298","source":"openstreetmap"},"geometry":{"type":"Polygon","coordinates":[[[152.9584081,-27.1626627],[152.9584061,-27.1626783],[152.9583927,-27.1627809],[152.9578919,-27.1627119],[152.9579385,-27.1624462],[152.9579418,-27.1624277],[152.9581437,-27.1624537],[152.9581199,-27.1626187],[152.9584081,-27.1626627]]]}},{"type":"Feature","properties":{"id":"supplemental-qld-193f5730f30bf55d","name":"Cairns Doctors on Barr St","category":"doctor","category_label":"Doctor / general practice","service_type":"Pregnancy termination","suburb":"","state":"QLD","postcode":"4870","appointment_required":false,"geometry_source":"openstreetmap","boundary_status":"matched","zone_basis":"osm-containing-building","zone_confidence":"reviewed","legal_note":"Termination of Pregnancy Act 2018 (Qld) s 14 covers the premises and places no more than 150 m from an entrance, unless another distance is prescribed. This map instead buffers the entire mapped building, so its boundary can differ from the legal zone.","osm_url":"https://www.openstreetmap.org/way/318445841","source":"openstreetmap"},"geometry":{"type":"Polygon","coordinates":[[[145.7376157,-16.9452277],[145.7377871,-16.9451825],[145.7377979,-16.9452632],[145.7377969,-16.9453439],[145.7377828,-16.945441],[145.7377569,-16.945497],[145.7377279,-16.9455435],[145.7377182,-16.9455109],[145.7371401,-16.9456814],[145.737047,-16.9453983],[145.7376157,-16.9452277]]]}},{"type":"Feature","properties":{"id":"supplemental-qld-fb0cd60349b7fffd","name":"Cairns Sexual Health Service","category":"doctor","category_label":"Doctor / general practice","service_type":"Pregnancy termination","suburb":"","state":"QLD","postcode":"4870","appointment_required":false,"geometry_source":"openstreetmap","boundary_status":"matched","zone_basis":"osm-containing-building","zone_confidence":"reviewed","legal_note":"Termination of Pregnancy Act 2018 (Qld) s 14 covers the premises and places no more than 150 m from an entrance, unless another distance is prescribed. This map instead buffers the entire mapped building, so its boundary can differ from the legal zone.","osm_url":"https://www.openstreetmap.org/way/298552214","source":"openstreetmap"},"geometry":{"type":"Polygon","coordinates":[[[145.7563116,-16.9022924],[145.7566237,-16.902162],[145.7568612,-16.902682],[145.7567783,-16.9026593],[145.7567742,-16.9026727],[145.7567601,-16.9027198],[145.7567558,-16.9027343],[145.756841,-16.9027577],[145.7564601,-16.9030146],[145.7562447,-16.9027223],[145.7563843,-16.902628],[145.7563119,-16.9026094],[145.7563284,-16.9025507],[145.7564247,-16.9025755],[145.7563247,-16.9023564],[145.7563383,-16.9023508],[145.7563116,-16.9022924]]]}},{"type":"Feature","properties":{"id":"supplemental-qld-f569f8a0a7d5a356","name":"Calamvale Central Family Practice","category":"doctor","category_label":"Doctor / general practice","service_type":"Pregnancy termination","suburb":"","state":"QLD","postcode":"4116","appointment_required":false,"geometry_source":"openstreetmap","boundary_status":"matched","zone_basis":"osm-containing-building","zone_confidence":"building-match","legal_note":"Termination of Pregnancy Act 2018 (Qld) s 14 covers the premises and places no more than 150 m from an entrance, unless another distance is prescribed. This map instead buffers the entire mapped building, so its boundary can differ from the legal zone.","osm_url":"https://www.openstreetmap.org/way/210519936","source":"openstreetmap"},"geometry":{"type":"Polygon","coordinates":[[[153.0549222,-27.6128616],[153.0547571,-27.6126282],[153.0546537,-27.6126852],[153.0546456,-27.6126751],[153.0543141,-27.6126255],[153.0542967,-27.6127008],[153.0541472,-27.6126811],[153.0540964,-27.612919],[153.053952,-27.6129659],[153.0539735,-27.61302],[153.0532159,-27.6129094],[153.0532666,-27.6128442],[153.0531559,-27.6127611],[153.0531897,-27.6126061],[153.0527406,-27.6125433],[153.0527347,-27.6125748],[153.0522265,-27.6125035],[153.0521583,-27.612552],[153.0521046,-27.6128108],[153.0520726,-27.6128085],[153.0520664,-27.6128368],[153.0519874,-27.6128255],[153.0519498,-27.613029],[153.0520631,-27.6130452],[153.0520539,-27.6131054],[153.0534093,-27.6132975],[153.0534051,-27.613322],[153.0536725,-27.6133553],[153.0536746,-27.6133354],[153.0541636,-27.6134074],[153.0541317,-27.613586],[153.0546696,-27.6136625],[153.0546757,-27.6136197],[153.0547821,-27.6136368],[153.0549222,-27.6128616]]]}},{"type":"Feature","properties":{"id":"supplemental-qld-dfe13a375c61c4c1","name":"Caneland Medical","category":"doctor","category_label":"Doctor / general practice","service_type":"Pregnancy termination","suburb":"","state":"QLD","postcode":"4740","appointment_required":false,"geometry_source":"manual","boundary_status":"manual","zone_basis":"manual-premises","zone_confidence":"reviewed","legal_note":"Termination of Pregnancy Act 2018 (Qld) s 14 covers the premises and places no more than 150 m from an entrance, unless another distance is prescribed. This map instead buffers the entire mapped building, so its boundary can differ from the legal zone.","osm_url":"","source":"manual"},"geometry":{"type":"Polygon","coordinates":[[[149.17732984294616,-21.13654709706813],[149.17885507274235,-21.136759220811413],[149.17870012206873,-21.13765039576053],[149.17946867624676,-21.13773732382137],[149.1793822995184,-21.13837058044176],[149.17918270824993,-21.138351948093984],[149.17914020290277,-21.138648022670296],[149.17898207813136,-21.138653026119044],[149.1788534969126,-21.139562763775615],[149.17822843131717,-21.13949372057651],[149.1782182494038,-21.13959111169723],[149.1778822959052,-21.139556145881528],[149.17784474497842,-21.13989387623309],[149.17684696322658,-21.139761285890657],[149.17732984294616,-21.13654709706813]]]}},{"type":"Feature","properties":{"id":"supplemental-qld-cbcf0d28adc67276","name":"Carina Medical and Specialist Centre","category":"doctor","category_label":"Doctor / general practice","service_type":"Pregnancy termination","suburb":"","state":"QLD","postcode":"4170","appointment_required":false,"geometry_source":"openstreetmap","boundary_status":"matched","zone_basis":"osm-containing-building","zone_confidence":"building-match","legal_note":"Termination of Pregnancy Act 2018 (Qld) s 14 covers the premises and places no more than 150 m from an entrance, unless another distance is prescribed. This map instead buffers the entire mapped building, so its boundary can differ from the legal zone.","osm_url":"https://www.openstreetmap.org/way/611989787","source":"openstreetmap"},"geometry":{"type":"Polygon","coordinates":[[[153.1005091,-27.4897068],[153.1005159,-27.4896278],[153.1004247,-27.489476],[153.1005327,-27.489427],[153.1005545,-27.4894633],[153.1005368,-27.4894745],[153.1006506,-27.4896356],[153.1006264,-27.489702],[153.1005091,-27.4897068]]]}},{"type":"Feature","properties":{"id":"supplemental-qld-7436be1345e85b84","name":"Chatswood Road Medical Centre","category":"doctor","category_label":"Doctor / general practice","service_type":"Pregnancy termination","suburb":"","state":"QLD","postcode":"4127","appointment_required":false,"geometry_source":"openstreetmap","boundary_status":"matched","zone_basis":"osm-containing-building","zone_confidence":"building-match","legal_note":"Termination of Pregnancy Act 2018 (Qld) s 14 covers the premises and places no more than 150 m from an entrance, unless another distance is prescribed. This map instead buffers the entire mapped building, so its boundary can differ from the legal zone.","osm_url":"https://www.openstreetmap.org/way/186626807","source":"openstreetmap"},"geometry":{"type":"Polygon","coordinates":[[[153.1380645,-27.6329094],[153.1376273,-27.6331969],[153.1375924,-27.6334251],[153.1373752,-27.6333989],[153.1374127,-27.6331637],[153.1372866,-27.633147],[153.1374154,-27.6323938],[153.1380028,-27.6324674],[153.1379813,-27.6325934],[153.1384668,-27.6326575],[153.1384588,-27.6327003],[153.1385392,-27.6328286],[153.138507,-27.6329807],[153.1380645,-27.6329094]]]}},{"type":"Feature","properties":{"id":"supplemental-qld-366f03ea775c25a1","name":"Childers Family Medicine","category":"doctor","category_label":"Doctor / general practice","service_type":"Pregnancy termination","suburb":"","state":"QLD","postcode":"4660","appointment_required":false,"geometry_source":"openstreetmap","boundary_status":"matched","zone_basis":"osm-containing-building","zone_confidence":"building-match","legal_note":"Termination of Pregnancy Act 2018 (Qld) s 14 covers the premises and places no more than 150 m from an entrance, unless another distance is prescribed. This map instead buffers the entire mapped building, so its boundary can differ from the legal zone.","osm_url":"https://www.openstreetmap.org/way/376529280","source":"openstreetmap"},"geometry":{"type":"Polygon","coordinates":[[[152.2795818,-25.236396],[152.2794786,-25.2364276],[152.2794289,-25.2366302],[152.2794139,-25.2366278],[152.2794061,-25.2366787],[152.2794316,-25.2366823],[152.2794182,-25.2367527],[152.2795148,-25.2367697],[152.2795818,-25.236396]]]}},{"type":"Feature","properties":{"id":"supplemental-qld-f94d9a4e66a4d53c","name":"Clements Medical Townsville City","category":"doctor","category_label":"Doctor / general practice","service_type":"Pregnancy termination","suburb":"","state":"QLD","postcode":"4810","appointment_required":false,"geometry_source":"openstreetmap","boundary_status":"matched","zone_basis":"osm-containing-building","zone_confidence":"building-match","legal_note":"Termination of Pregnancy Act 2018 (Qld) s 14 covers the premises and places no more than 150 m from an entrance, unless another distance is prescribed. This map instead buffers the entire mapped building, so its boundary can differ from the legal zone.","osm_url":"https://www.openstreetmap.org/way/737794930","source":"openstreetmap"},"geometry":{"type":"Polygon","coordinates":[[[146.8160116,-19.2605911],[146.815662,-19.2603208],[146.8156272,-19.2602939],[146.8155087,-19.2601999],[146.815271,-19.2600157],[146.8149198,-19.2604265],[146.8156505,-19.2610105],[146.8160116,-19.2605911]]]}},{"type":"Feature","properties":{"id":"supplemental-qld-c338636298660096","name":"Cleveland Medical","category":"doctor","category_label":"Doctor / general practice","service_type":"Pregnancy termination","suburb":"","state":"QLD","postcode":"4163","appointment_required":false,"geometry_source":"manual","boundary_status":"manual","zone_basis":"manual-premises","zone_confidence":"reviewed","legal_note":"Termination of Pregnancy Act 2018 (Qld) s 14 covers the premises and places no more than 150 m from an entrance, unless another distance is prescribed. This map instead buffers the entire mapped building, so its boundary can differ from the legal zone.","osm_url":"","source":"manual"},"geometry":{"type":"Polygon","coordinates":[[[153.2675489433243,-27.528145941792594],[153.2671358831367,-27.528136427633463],[153.26708138153697,-27.52901658137334],[153.26748489902457,-27.529043544570044],[153.2675489433243,-27.528145941792594]]]}},{"type":"Feature","properties":{"id":"supplemental-qld-437e8755a33eca62","name":"Coastal Family Health","category":"doctor","category_label":"Doctor / general practice","service_type":"Pregnancy termination","suburb":"","state":"QLD","postcode":"4575","appointment_required":false,"geometry_source":"manual","boundary_status":"manual","zone_basis":"manual-premises","zone_confidence":"reviewed","legal_note":"Termination of Pregnancy Act 2018 (Qld) s 14 covers the premises and places no more than 150 m from an entrance, unless another distance is prescribed. This map instead buffers the entire mapped building, so its boundary can differ from the legal zone.","osm_url":"","source":"manual"},"geometry":{"type":"Polygon","coordinates":[[[153.12901128161536,-26.701539887166888],[153.12928754914395,-26.70126672272972],[153.12950212586543,-26.701424870641276],[153.12922585833684,-26.701702827045082],[153.12901128161536,-26.701539887166888]]]}},{"type":"Feature","properties":{"id":"supplemental-qld-3cc43fc65911276b","name":"Cooktown Multipurpose Health Service","category":"doctor","category_label":"Doctor / general practice","service_type":"Pregnancy termination","suburb":"","state":"QLD","postcode":"4895","appointment_required":false,"geometry_source":"openstreetmap","boundary_status":"matched","zone_basis":"osm-containing-building","zone_confidence":"reviewed","legal_note":"Termination of Pregnancy Act 2018 (Qld) s 14 covers the premises and places no more than 150 m from an entrance, unless another distance is prescribed. This map instead buffers the entire mapped building, so its boundary can differ from the legal zone.","osm_url":"https://www.openstreetmap.org/way/257003453","source":"openstreetmap"},"geometry":{"type":"Polygon","coordinates":[[[145.2498493,-15.4769734],[145.249903,-15.4769496],[145.2499168,-15.476986],[145.249948,-15.4769671],[145.2500293,-15.477116],[145.2498791,-15.4772084],[145.249858,-15.4771734],[145.2498385,-15.4771853],[145.2498073,-15.4771279],[145.2498014,-15.4771671],[145.2497187,-15.4771517],[145.2497289,-15.4770958],[145.2496462,-15.4770713],[145.249681,-15.476979],[145.2497717,-15.4769986],[145.2497804,-15.4769727],[145.2498457,-15.4769902],[145.2498493,-15.4769734]]]}},{"type":"Feature","properties":{"id":"supplemental-qld-12e79e93f7a1f4dc","name":"Coolangatta Medical Centre","category":"doctor","category_label":"Doctor / general practice","service_type":"Pregnancy termination","suburb":"","state":"QLD","postcode":"4225","appointment_required":false,"geometry_source":"openstreetmap","boundary_status":"matched","zone_basis":"osm-containing-building","zone_confidence":"building-match","legal_note":"Termination of Pregnancy Act 2018 (Qld) s 14 covers the premises and places no more than 150 m from an entrance, unless another distance is prescribed. This map instead buffers the entire mapped building, so its boundary can differ from the legal zone.","osm_url":"https://www.openstreetmap.org/way/1022122351","source":"openstreetmap"},"geometry":{"type":"Polygon","coordinates":[[[153.5395858,-28.1685897],[153.5399521,-28.1686511],[153.5399812,-28.1685329],[153.5400117,-28.1685364],[153.5400747,-28.1681833],[153.5396808,-28.1681189],[153.5396694,-28.1681997],[153.5395858,-28.1685897]]]}},{"type":"Feature","properties":{"id":"supplemental-qld-549ad41d3d164999","name":"Corrie Street Medical Clinic","category":"clinic","category_label":"Abortion clinic","service_type":"Pregnancy termination","suburb":"","state":"QLD","postcode":"4032","appointment_required":false,"geometry_source":"openstreetmap","boundary_status":"matched","zone_basis":"osm-containing-building","zone_confidence":"building-match","legal_note":"Termination of Pregnancy Act 2018 (Qld) s 14 covers the premises and places no more than 150 m from an entrance, unless another distance is prescribed. This map instead buffers the entire mapped building, so its boundary can differ from the legal zone.","osm_url":"https://www.openstreetmap.org/way/24410630","source":"openstreetmap"},"geometry":{"type":"Polygon","coordinates":[[[153.0394079,-27.3870455],[153.0395214,-27.386417],[153.0393907,-27.3863994],[153.0393746,-27.3864908],[153.0393162,-27.3864828],[153.0393159,-27.3864884],[153.0392718,-27.386481],[153.0392503,-27.3866077],[153.0392778,-27.3866115],[153.0392894,-27.3865434],[153.0393043,-27.3865453],[153.0392992,-27.3865762],[153.039316,-27.3865782],[153.0392921,-27.3866995],[153.0393305,-27.3867047],[153.0392915,-27.3869277],[153.0392116,-27.3869167],[153.0391942,-27.387016],[153.0393458,-27.3870369],[153.0394079,-27.3870455]]]}},{"type":"Feature","properties":{"id":"supplemental-qld-6c4dbcc92d6d720d","name":"Cotton Tree Plaza Medical Centre","category":"doctor","category_label":"Doctor / general practice","service_type":"Pregnancy termination","suburb":"","state":"QLD","postcode":"4558","appointment_required":false,"geometry_source":"manual","boundary_status":"manual","zone_basis":"manual-premises","zone_confidence":"reviewed","legal_note":"Termination of Pregnancy Act 2018 (Qld) s 14 covers the premises and places no more than 150 m from an entrance, unless another distance is prescribed. This map instead buffers the entire mapped building, so its boundary can differ from the legal zone.","osm_url":"","source":"manual"},"geometry":{"type":"Polygon","coordinates":[[[153.10082720408116,-26.654679960025675],[153.10104446301153,-26.654560101897886],[153.10119734892402,-26.654773449278643],[153.10111420044547,-26.654809406663638],[153.10115443358114,-26.65486454129774],[153.10128317961335,-26.65480700950431],[153.1013609636741,-26.654934058842287],[153.10121344217941,-26.655015562116063],[153.10111151823656,-26.65502275357842],[153.10105250963835,-26.65499398772561],[153.10099350104008,-26.654929264529578],[153.10082720408116,-26.654679960025675]]]}},{"type":"Feature","properties":{"id":"supplemental-qld-1336dc9dcf1c091d","name":"Doctors at Australia Fair","category":"doctor","category_label":"Doctor / general practice","service_type":"Pregnancy termination","suburb":"","state":"QLD","postcode":"4215","appointment_required":false,"geometry_source":"openstreetmap","boundary_status":"matched","zone_basis":"osm-containing-building","zone_confidence":"building-match","legal_note":"Termination of Pregnancy Act 2018 (Qld) s 14 covers the premises and places no more than 150 m from an entrance, unless another distance is prescribed. This map instead buffers the entire mapped building, so its boundary can differ from the legal zone.","osm_url":"https://www.openstreetmap.org/way/374994132","source":"openstreetmap"},"geometry":{"type":"Polygon","coordinates":[[[153.4155001,-27.9686336],[153.4147173,-27.9688028],[153.4147753,-27.9690012],[153.4147867,-27.9690403],[153.4149929,-27.9698402],[153.4150233,-27.9699502],[153.4152158,-27.969908],[153.4151866,-27.9698008],[153.4155961,-27.9697177],[153.4155446,-27.9695368],[153.4159401,-27.9694578],[153.4158968,-27.969281],[153.4160447,-27.9692519],[153.4160392,-27.9692233],[153.4161294,-27.9692042],[153.4167459,-27.9690739],[153.4168146,-27.9690594],[153.4167905,-27.9689672],[153.4167112,-27.9686632],[153.4167071,-27.9686474],[153.4166876,-27.9685707],[153.4167007,-27.968569],[153.4166395,-27.9683354],[153.4165782,-27.9681014],[153.4165618,-27.9680387],[153.4165784,-27.9680232],[153.4165884,-27.9680036],[153.4165909,-27.9679824],[153.416586,-27.9679587],[153.4165754,-27.9679184],[153.4165643,-27.9678765],[153.4165576,-27.9678573],[153.4165434,-27.9678396],[153.416527,-27.967827],[153.4165039,-27.9678192],[153.4164916,-27.9677733],[153.416433,-27.9675547],[153.4164279,-27.9675355],[153.416381,-27.9673581],[153.4163741,-27.9673316],[153.4163593,-27.9672758],[153.416352,-27.9672479],[153.4163442,-27.9672233],[153.4163268,-27.9671912],[153.4163017,-27.9671695],[153.4162751,-27.9671574],[153.4162486,-27.9671522],[153.4162729,-27.9671389],[153.4162653,-27.9671284],[153.4162431,-27.9670976],[153.4160929,-27.9671778],[153.416022,-27.9671941],[153.4157882,-27.9673187],[153.4157256,-27.9672296],[153.4157794,-27.9671982],[153.415555,-27.9668818],[153.4151302,-27.9671204],[153.4149862,-27.9672011],[153.4151569,-27.9674402],[153.4153399,-27.9676967],[153.4152638,-27.9677185],[153.4153001,-27.9678526],[153.4153489,-27.968045],[153.4153658,-27.9680957],[153.4155001,-27.9686336]]]}},{"type":"Feature","properties":{"id":"supplemental-qld-e78ec01333485e09","name":"East Coast Women's Centre","category":"doctor","category_label":"Doctor / general practice","service_type":"Pregnancy termination","suburb":"","state":"QLD","postcode":"4560","appointment_required":false,"geometry_source":"openstreetmap","boundary_status":"matched","zone_basis":"osm-containing-building","zone_confidence":"building-match","legal_note":"Termination of Pregnancy Act 2018 (Qld) s 14 covers the premises and places no more than 150 m from an entrance, unless another distance is prescribed. This map instead buffers the entire mapped building, so its boundary can differ from the legal zone.","osm_url":"https://www.openstreetmap.org/way/550190000","source":"openstreetmap"},"geometry":{"type":"Polygon","coordinates":[[[152.9639836,-26.6261572],[152.9640373,-26.6260692],[152.9641286,-26.6260516],[152.9641394,-26.6260884],[152.9641913,-26.6260804],[152.9642056,-26.6261156],[152.9642754,-26.626098],[152.9642879,-26.6261284],[152.9643273,-26.6261188],[152.9643166,-26.6260804],[152.9644079,-26.6260612],[152.9644204,-26.6260964],[152.9645976,-26.6260516],[152.9646513,-26.6262164],[152.964313,-26.6262981],[152.9643058,-26.6262756],[152.9642268,-26.6262931],[152.9642396,-26.6263381],[152.9640481,-26.6263829],[152.9639836,-26.6261572]]]}},{"type":"Feature","properties":{"id":"supplemental-qld-84f05c4ddf586354","name":"Eckersley Medical Centre","category":"doctor","category_label":"Doctor / general practice","service_type":"Pregnancy termination","suburb":"","state":"QLD","postcode":"4556","appointment_required":false,"geometry_source":"openstreetmap","boundary_status":"matched","zone_basis":"osm-containing-building","zone_confidence":"building-match","legal_note":"Termination of Pregnancy Act 2018 (Qld) s 14 covers the premises and places no more than 150 m from an entrance, unless another distance is prescribed. This map instead buffers the entire mapped building, so its boundary can differ from the legal zone.","osm_url":"https://www.openstreetmap.org/way/900958142","source":"openstreetmap"},"geometry":{"type":"Polygon","coordinates":[[[153.0706041,-26.683734],[153.0707868,-26.6838107],[153.0708325,-26.6837237],[153.070742,-26.6836857],[153.0707616,-26.6836483],[153.0706695,-26.6836096],[153.0706041,-26.683734]]]}},{"type":"Feature","properties":{"id":"supplemental-qld-6261ff2d8d59033c","name":"Elite Med Sanctuary Cove","category":"doctor","category_label":"Doctor / general practice","service_type":"Pregnancy termination","suburb":"","state":"QLD","postcode":"4212","appointment_required":false,"geometry_source":"openstreetmap","boundary_status":"matched","zone_basis":"osm-containing-building","zone_confidence":"building-match","legal_note":"Termination of Pregnancy Act 2018 (Qld) s 14 covers the premises and places no more than 150 m from an entrance, unless another distance is prescribed. This map instead buffers the entire mapped building, so its boundary can differ from the legal zone.","osm_url":"https://www.openstreetmap.org/way/1093332214","source":"openstreetmap"},"geometry":{"type":"Polygon","coordinates":[[[153.3615338,-27.8532676],[153.361577,-27.8532534],[153.361569,-27.8532333],[153.3617608,-27.8531692],[153.3617249,-27.853087],[153.3618468,-27.8530458],[153.3618484,-27.8530486],[153.3618681,-27.8530415],[153.3619649,-27.8532681],[153.3616307,-27.8533798],[153.3616212,-27.8533587],[153.361578,-27.8533735],[153.3615338,-27.8532676]]]}},{"type":"Feature","properties":{"id":"supplemental-qld-163451c99e60b461","name":"Embrace Midwifery Services","category":"doctor","category_label":"Doctor / general practice","service_type":"Pregnancy termination","suburb":"","state":"QLD","postcode":"4032","appointment_required":false,"geometry_source":"openstreetmap","boundary_status":"matched","zone_basis":"osm-containing-building","zone_confidence":"building-match","legal_note":"Termination of Pregnancy Act 2018 (Qld) s 14 covers the premises and places no more than 150 m from an entrance, unless another distance is prescribed. This map instead buffers the entire mapped building, so its boundary can differ from the legal zone.","osm_url":"https://www.openstreetmap.org/way/10072620","source":"openstreetmap"},"geometry":{"type":"Polygon","coordinates":[[[153.0318497,-27.3821104],[153.0318616,-27.3820647],[153.0323626,-27.3821371],[153.0323706,-27.3820963],[153.0323776,-27.3820607],[153.0323887,-27.382003],[153.0323969,-27.3819598],[153.0316228,-27.3818418],[153.0315991,-27.3818105],[153.0316604,-27.3815026],[153.0316523,-27.3815013],[153.0317284,-27.3811055],[153.0319959,-27.3811448],[153.0320512,-27.380855],[153.0319095,-27.3808319],[153.031949,-27.380622],[153.0320192,-27.3806322],[153.0320921,-27.3806428],[153.0321508,-27.380339],[153.0326739,-27.3804195],[153.0328039,-27.3804414],[153.0328083,-27.3804155],[153.0328127,-27.3803904],[153.0327807,-27.3803871],[153.0328289,-27.3801423],[153.0331826,-27.3801946],[153.0332376,-27.3802027],[153.0332237,-27.3802757],[153.033406,-27.380302],[153.0333974,-27.3803628],[153.0339353,-27.3804473],[153.03399,-27.3804559],[153.0343585,-27.3805106],[153.0343957,-27.3805186],[153.0344285,-27.3805291],[153.0344653,-27.3805471],[153.0345059,-27.3805699],[153.034547,-27.3805991],[153.0344946,-27.380881],[153.034574,-27.3808934],[153.0345461,-27.3810374],[153.034524,-27.381034],[153.0344916,-27.3810284],[153.0344717,-27.3810254],[153.0344187,-27.3812728],[153.0343155,-27.3818072],[153.0343065,-27.3818625],[153.0342731,-27.3820541],[153.0341126,-27.3820296],[153.0339129,-27.3819982],[153.0338759,-27.3821543],[153.0335693,-27.3821084],[153.0335511,-27.3822055],[153.0335402,-27.3822597],[153.0335294,-27.3823137],[153.033574,-27.3823211],[153.0339188,-27.3823755],[153.0339114,-27.3824186],[153.0339935,-27.3824306],[153.0339212,-27.3828051],[153.0338662,-27.383087],[153.0338917,-27.3830912],[153.0338351,-27.3833795],[153.0338265,-27.3834261],[153.0336934,-27.383405],[153.0336427,-27.3836402],[153.0339067,-27.3836826],[153.0337744,-27.3843318],[153.0337656,-27.3843304],[153.0337241,-27.3843238],[153.0335177,-27.3853369],[153.0334528,-27.3853265],[153.0333538,-27.3858128],[153.0329712,-27.3857513],[153.0329285,-27.3859608],[153.0325706,-27.3859162],[153.0325768,-27.3858677],[153.0324389,-27.3858476],[153.0321702,-27.3858066],[153.0322746,-27.385272],[153.0320292,-27.3852357],[153.0316757,-27.3851832],[153.0316799,-27.3851599],[153.0316828,-27.3851395],[153.0314014,-27.3850988],[153.0314727,-27.3846921],[153.0315841,-27.3847082],[153.0316082,-27.3845663],[153.0316812,-27.384578],[153.0316955,-27.384499],[153.0314566,-27.3844628],[153.0315444,-27.3839949],[153.0315269,-27.3839993],[153.0315099,-27.3840011],[153.0314934,-27.3839981],[153.0314764,-27.3839908],[153.0314603,-27.3839789],[153.0314495,-27.3839645],[153.0314432,-27.3839514],[153.0314399,-27.3839406],[153.0314386,-27.3839278],[153.0314392,-27.3839168],[153.0314471,-27.3839],[153.0314568,-27.383888],[153.0313482,-27.3838724],[153.0312471,-27.3838577],[153.0306431,-27.3837649],[153.0306946,-27.3834851],[153.0307252,-27.3834884],[153.0307723,-27.3832304],[153.0310028,-27.3832637],[153.0310243,-27.3831562],[153.0310578,-27.3831587],[153.0311127,-27.3827537],[153.030776,-27.3827215],[153.0307465,-27.3825272],[153.0308357,-27.3823046],[153.0309398,-27.3821035],[153.0311989,-27.3822005],[153.0313352,-27.3821948],[153.0315327,-27.3820707],[153.0316986,-27.3820912],[153.0318497,-27.3821104]]]}},{"type":"Feature","properties":{"id":"supplemental-qld-faaed4ed820b4cbe","name":"Family Plus Medical Practice","category":"doctor","category_label":"Doctor / general practice","service_type":"Pregnancy termination","suburb":"","state":"QLD","postcode":"4034","appointment_required":false,"geometry_source":"openstreetmap","boundary_status":"matched","zone_basis":"osm-containing-building","zone_confidence":"building-match","legal_note":"Termination of Pregnancy Act 2018 (Qld) s 14 covers the premises and places no more than 150 m from an entrance, unless another distance is prescribed. This map instead buffers the entire mapped building, so its boundary can differ from the legal zone.","osm_url":"https://www.openstreetmap.org/way/25562836","source":"openstreetmap"},"geometry":{"type":"Polygon","coordinates":[[[153.0172589,-27.3546803],[153.0173876,-27.3547718],[153.0176194,-27.3548099],[153.0176194,-27.3547337],[153.0180743,-27.3542534],[153.0181687,-27.3541772],[153.0182116,-27.3542306],[153.0182974,-27.3541772],[153.0183404,-27.3541238],[153.0183232,-27.3540552],[153.0183919,-27.3540323],[153.0184262,-27.3539256],[153.0186408,-27.3538036],[153.0185206,-27.3536131],[153.017997,-27.3539332],[153.0177825,-27.354101],[153.0172589,-27.3546803]]]}},{"type":"Feature","properties":{"id":"supplemental-qld-2fa1ac90b9b508ce","name":"Generation Her","category":"doctor","category_label":"Doctor / general practice","service_type":"Pregnancy termination","suburb":"","state":"QLD","postcode":"4740","appointment_required":false,"geometry_source":"openstreetmap","boundary_status":"matched","zone_basis":"osm-containing-building","zone_confidence":"building-match","legal_note":"Termination of Pregnancy Act 2018 (Qld) s 14 covers the premises and places no more than 150 m from an entrance, unless another distance is prescribed. This map instead buffers the entire mapped building, so its boundary can differ from the legal zone.","osm_url":"https://www.openstreetmap.org/way/176742065","source":"openstreetmap"},"geometry":{"type":"Polygon","coordinates":[[[149.1610015,-21.1300403],[149.161035,-21.1298018],[149.1611117,-21.1297197],[149.1609283,-21.1295674],[149.160853,-21.1296543],[149.1608892,-21.129684],[149.1608435,-21.1297331],[149.1608573,-21.1297575],[149.1608328,-21.1297882],[149.1608206,-21.1298751],[149.1607443,-21.1298656],[149.1607246,-21.130006],[149.1610015,-21.1300403]]]}},{"type":"Feature","properties":{"id":"supplemental-qld-c94c6dcfe411a1fa","name":"Gladstone Road Medical Centre","category":"doctor","category_label":"Doctor / general practice","service_type":"Pregnancy termination","suburb":"","state":"QLD","postcode":"4101","appointment_required":false,"geometry_source":"openstreetmap","boundary_status":"matched","zone_basis":"osm-containing-building","zone_confidence":"building-match","legal_note":"Termination of Pregnancy Act 2018 (Qld) s 14 covers the premises and places no more than 150 m from an entrance, unless another distance is prescribed. This map instead buffers the entire mapped building, so its boundary can differ from the legal zone.","osm_url":"https://www.openstreetmap.org/way/70634212","source":"openstreetmap"},"geometry":{"type":"Polygon","coordinates":[[[153.0199043,-27.485016],[153.0200499,-27.4850379],[153.0200249,-27.4851687],[153.0198793,-27.4851468],[153.0199043,-27.485016]]]}},{"type":"Feature","properties":{"id":"supplemental-qld-54490c6b38ee991d","name":"GO2 Health","category":"doctor","category_label":"Doctor / general practice","service_type":"Pregnancy termination","suburb":"","state":"QLD","postcode":"4053","appointment_required":false,"geometry_source":"openstreetmap","boundary_status":"matched","zone_basis":"osm-containing-building","zone_confidence":"building-match","legal_note":"Termination of Pregnancy Act 2018 (Qld) s 14 covers the premises and places no more than 150 m from an entrance, unless another distance is prescribed. This map instead buffers the entire mapped building, so its boundary can differ from the legal zone.","osm_url":"https://www.openstreetmap.org/way/1271645913","source":"openstreetmap"},"geometry":{"type":"Polygon","coordinates":[[[152.9913455,-27.4090487],[152.9912239,-27.4088256],[152.9912497,-27.4088135],[152.9912392,-27.4087277],[152.9916531,-27.4086927],[152.9916634,-27.4087815],[152.9916861,-27.4089765],[152.9915114,-27.4090294],[152.9915065,-27.4089808],[152.9914703,-27.4089836],[152.9914735,-27.4090079],[152.9913455,-27.4090487]]]}},{"type":"Feature","properties":{"id":"supplemental-qld-a85935f9092af655","name":"Goodwin Drive Family Medical Centre","category":"doctor","category_label":"Doctor / general practice","service_type":"Pregnancy termination","suburb":"","state":"QLD","postcode":"4507","appointment_required":false,"geometry_source":"openstreetmap","boundary_status":"matched","zone_basis":"osm-containing-building","zone_confidence":"building-match","legal_note":"Termination of Pregnancy Act 2018 (Qld) s 14 covers the premises and places no more than 150 m from an entrance, unless another distance is prescribed. This map instead buffers the entire mapped building, so its boundary can differ from the legal zone.","osm_url":"https://www.openstreetmap.org/way/291260536","source":"openstreetmap"},"geometry":{"type":"Polygon","coordinates":[[[153.157838,-27.0650547],[153.1577218,-27.0652111],[153.1576769,-27.0652152],[153.1576836,-27.0652735],[153.157731,-27.0652692],[153.1578859,-27.0654135],[153.1580163,-27.0652981],[153.157956,-27.0652532],[153.15798,-27.0652517],[153.1579753,-27.0651893],[153.1579471,-27.065191],[153.1579843,-27.0651409],[153.157838,-27.0650547]]]}},{"type":"Feature","properties":{"id":"supplemental-qld-ec29f009369b2245","name":"Gooniwindi Medical Centre","category":"doctor","category_label":"Doctor / general practice","service_type":"Pregnancy termination","suburb":"","state":"QLD","postcode":"4390","appointment_required":false,"geometry_source":"openstreetmap","boundary_status":"matched","zone_basis":"osm-containing-building","zone_confidence":"building-match","legal_note":"Termination of Pregnancy Act 2018 (Qld) s 14 covers the premises and places no more than 150 m from an entrance, unless another distance is prescribed. This map instead buffers the entire mapped building, so its boundary can differ from the legal zone.","osm_url":"https://www.openstreetmap.org/way/568463970","source":"openstreetmap"},"geometry":{"type":"Polygon","coordinates":[[[150.3068007,-28.547877],[150.3067723,-28.5480126],[150.3068657,-28.5480277],[150.3068587,-28.5480611],[150.3069289,-28.5480724],[150.3069235,-28.5480983],[150.3069789,-28.5481072],[150.3069843,-28.5480816],[150.3070565,-28.5480933],[150.3070507,-28.5481208],[150.3071612,-28.5481387],[150.3072024,-28.5479419],[150.3068007,-28.547877]]]}},{"type":"Feature","properties":{"id":"supplemental-qld-5ce46fcb528c494e","name":"Grand Plaza Drive Doctors","category":"doctor","category_label":"Doctor / general practice","service_type":"Pregnancy termination","suburb":"","state":"QLD","postcode":"4118","appointment_required":false,"geometry_source":"openstreetmap","boundary_status":"matched","zone_basis":"osm-containing-building","zone_confidence":"building-match","legal_note":"Termination of Pregnancy Act 2018 (Qld) s 14 covers the premises and places no more than 150 m from an entrance, unless another distance is prescribed. This map instead buffers the entire mapped building, so its boundary can differ from the legal zone.","osm_url":"https://www.openstreetmap.org/way/47237305","source":"openstreetmap"},"geometry":{"type":"Polygon","coordinates":[[[153.03664,-27.6643305],[153.0366028,-27.6645078],[153.036583,-27.6645034],[153.0365775,-27.6645386],[153.0360976,-27.6644599],[153.0360914,-27.6644448],[153.0362085,-27.6643822],[153.0363594,-27.6643374],[153.0364948,-27.664321],[153.03664,-27.6643305]]]}},{"type":"Feature","properties":{"id":"supplemental-qld-dbbb1095b82d1181","name":"Health and Wellbeing North Ward","category":"doctor","category_label":"Doctor / general practice","service_type":"Pregnancy termination","suburb":"","state":"QLD","postcode":"4810","appointment_required":false,"geometry_source":"openstreetmap","boundary_status":"matched","zone_basis":"osm-containing-building","zone_confidence":"building-match","legal_note":"Termination of Pregnancy Act 2018 (Qld) s 14 covers the premises and places no more than 150 m from an entrance, unless another distance is prescribed. This map instead buffers the entire mapped building, so its boundary can differ from the legal zone.","osm_url":"https://www.openstreetmap.org/way/1062877144","source":"openstreetmap"},"geometry":{"type":"Polygon","coordinates":[[[146.8120872,-19.2522585],[146.811861,-19.252035],[146.8116732,-19.2522044],[146.8118994,-19.2524279],[146.8120872,-19.2522585]]]}},{"type":"Feature","properties":{"id":"supplemental-qld-c27412caac3c0bb4","name":"Health Matters Fernvale","category":"doctor","category_label":"Doctor / general practice","service_type":"Pregnancy termination","suburb":"","state":"QLD","postcode":"4306","appointment_required":false,"geometry_source":"openstreetmap","boundary_status":"matched","zone_basis":"osm-containing-building","zone_confidence":"building-match","legal_note":"Termination of Pregnancy Act 2018 (Qld) s 14 covers the premises and places no more than 150 m from an entrance, unless another distance is prescribed. This map instead buffers the entire mapped building, so its boundary can differ from the legal zone.","osm_url":"https://www.openstreetmap.org/way/585923593","source":"openstreetmap"},"geometry":{"type":"Polygon","coordinates":[[[152.6539543,-27.4580001],[152.6538909,-27.45793],[152.6538519,-27.4579575],[152.6538142,-27.4579138],[152.6538507,-27.4578814],[152.6535283,-27.4574929],[152.6536255,-27.4574347],[152.6535675,-27.4573628],[152.6536507,-27.45731],[152.6537086,-27.4573819],[152.6541301,-27.4571143],[152.6544011,-27.4574504],[152.6543887,-27.4574583],[152.6544768,-27.4575675],[152.6544994,-27.4575955],[152.6544265,-27.4576418],[152.6544038,-27.4576138],[152.6540964,-27.457809],[152.6540302,-27.4578509],[152.6541311,-27.4581009],[152.6541987,-27.458058],[152.654352,-27.4582482],[152.6541832,-27.4583554],[152.6542119,-27.458391],[152.6540419,-27.4584989],[152.6540202,-27.4585171],[152.6538592,-27.4583184],[152.6539103,-27.4582823],[152.6537814,-27.4581214],[152.6539543,-27.4580001]]]}},{"type":"Feature","properties":{"id":"supplemental-qld-dd13057ca0cd8622","name":"Holmead Road Medical","category":"doctor","category_label":"Doctor / general practice","service_type":"Pregnancy termination","suburb":"","state":"QLD","postcode":"4113","appointment_required":false,"geometry_source":"openstreetmap","boundary_status":"matched","zone_basis":"osm-containing-building","zone_confidence":"building-match","legal_note":"Termination of Pregnancy Act 2018 (Qld) s 14 covers the premises and places no more than 150 m from an entrance, unless another distance is prescribed. This map instead buffers the entire mapped building, so its boundary can differ from the legal zone.","osm_url":"https://www.openstreetmap.org/way/60725959","source":"openstreetmap"},"geometry":{"type":"Polygon","coordinates":[[[153.0997683,-27.5706593],[153.0997317,-27.5706537],[153.0996671,-27.5709935],[153.0997351,-27.5710036],[153.0998252,-27.5710171],[153.0998921,-27.5706785],[153.0997683,-27.5706593]]]}},{"type":"Feature","properties":{"id":"supplemental-qld-05c6781b99912aba","name":"Hope Island Medical Centre","category":"doctor","category_label":"Doctor / general practice","service_type":"Pregnancy termination","suburb":"","state":"QLD","postcode":"4212","appointment_required":false,"geometry_source":"openstreetmap","boundary_status":"matched","zone_basis":"osm-containing-building","zone_confidence":"building-match","legal_note":"Termination of Pregnancy Act 2018 (Qld) s 14 covers the premises and places no more than 150 m from an entrance, unless another distance is prescribed. This map instead buffers the entire mapped building, so its boundary can differ from the legal zone.","osm_url":"https://www.openstreetmap.org/way/1443612521","source":"openstreetmap"},"geometry":{"type":"Polygon","coordinates":[[[153.3497005,-27.8679109],[153.3501016,-27.8678363],[153.3501595,-27.867866],[153.3501977,-27.8680265],[153.3497479,-27.8681102],[153.3497005,-27.8679109]]]}},{"type":"Feature","properties":{"id":"supplemental-qld-d340ed0d8f625ae6","name":"Hyperdome Doctors and Skin Clinic","category":"clinic","category_label":"Abortion clinic","service_type":"Pregnancy termination","suburb":"","state":"QLD","postcode":"4129","appointment_required":false,"geometry_source":"openstreetmap","boundary_status":"matched","zone_basis":"osm-containing-building","zone_confidence":"building-match","legal_note":"Termination of Pregnancy Act 2018 (Qld) s 14 covers the premises and places no more than 150 m from an entrance, unless another distance is prescribed. This map instead buffers the entire mapped building, so its boundary can differ from the legal zone.","osm_url":"https://www.openstreetmap.org/way/24513709","source":"openstreetmap"},"geometry":{"type":"Polygon","coordinates":[[[153.1716573,-27.6603591],[153.1718117,-27.660305],[153.172147,-27.6604271],[153.1722826,-27.6600657],[153.1722529,-27.6599943],[153.1722063,-27.6600133],[153.1721257,-27.6598401],[153.1723578,-27.6597464],[153.1721585,-27.6593821],[153.1722869,-27.6593349],[153.1722005,-27.6591607],[153.1723837,-27.659086],[153.17235,-27.6590182],[153.1723318,-27.6590238],[153.1723088,-27.6589805],[153.1722972,-27.658984],[153.1722881,-27.658968],[153.1723165,-27.6589569],[153.1723026,-27.6589304],[153.1722833,-27.6588936],[153.1722566,-27.6589033],[153.1722475,-27.6588854],[153.1722189,-27.6588975],[153.1721458,-27.6587547],[153.1721069,-27.6587736],[153.1718027,-27.658921],[153.1718627,-27.659035],[153.1716739,-27.6591262],[153.1715795,-27.6590578],[153.1716396,-27.659035],[153.1715537,-27.6588754],[153.1715452,-27.6587689],[153.1715452,-27.6582216],[153.1715475,-27.657924],[153.1717157,-27.6579234],[153.1717147,-27.6577402],[153.1717675,-27.6577442],[153.1720444,-27.6577435],[153.1720429,-27.6575425],[153.1720419,-27.6574042],[153.1720202,-27.6574037],[153.17202,-27.6573669],[153.1718168,-27.6573672],[153.1718166,-27.657393],[153.1717627,-27.6573937],[153.1717532,-27.6570165],[153.1717504,-27.656907],[153.171837,-27.656907],[153.1718058,-27.6560157],[153.1717237,-27.656016],[153.1716671,-27.6560163],[153.1713772,-27.6560175],[153.171292,-27.6560179],[153.1709657,-27.6560192],[153.1708209,-27.6560198],[153.1706737,-27.6560205],[153.1702138,-27.6560224],[153.1702163,-27.6567679],[153.1707567,-27.6567682],[153.1707665,-27.6572727],[153.1707667,-27.6574689],[153.1710191,-27.6574753],[153.1710197,-27.6576785],[153.1699782,-27.6576785],[153.1699916,-27.6580069],[153.1699789,-27.658029],[153.169898,-27.65817],[153.1698579,-27.6582399],[153.1698045,-27.6582962],[153.1695995,-27.6582691],[153.1695823,-27.6583595],[153.169615,-27.6583662],[153.1695932,-27.6584029],[153.1695742,-27.658435],[153.1695559,-27.6585096],[153.1695526,-27.6585988],[153.169562,-27.6586306],[153.1695684,-27.6586523],[153.1695947,-27.6587086],[153.1695909,-27.6587339],[153.1695468,-27.6587277],[153.1695371,-27.6587746],[153.1695234,-27.6587804],[153.1695074,-27.6587871],[153.1694913,-27.6588032],[153.1694907,-27.658835],[153.1695012,-27.658842],[153.1695136,-27.6588503],[153.1695305,-27.6588799],[153.1695451,-27.658915],[153.1695476,-27.6589513],[153.1695449,-27.6589712],[153.169562,-27.6589929],[153.1695852,-27.6589977],[153.1696008,-27.6589891],[153.1696269,-27.6589752],[153.1697745,-27.6589947],[153.1697549,-27.6591044],[153.1697467,-27.6591582],[153.169703,-27.6593901],[153.1696786,-27.6595203],[153.1697161,-27.6595263],[153.1697373,-27.6595297],[153.1697441,-27.6595022],[153.1700631,-27.6595451],[153.1701266,-27.6595531],[153.1701804,-27.659209],[153.1701878,-27.6591561],[153.170218,-27.6590213],[153.1703774,-27.6590395],[153.1704102,-27.6588452],[153.1705579,-27.6588653],[153.1708116,-27.6588636],[153.170885,-27.659],[153.1710765,-27.6589341],[153.1714671,-27.6596993],[153.1715071,-27.6596856],[153.171545,-27.6597585],[153.1714694,-27.6597842],[153.1714521,-27.6598279],[153.1714607,-27.6598497],[153.1714056,-27.6598723],[153.1714784,-27.6600235],[153.1715186,-27.6600083],[153.1716041,-27.6601755],[153.1715718,-27.6601877],[153.1716573,-27.6603591]]]}},{"type":"Feature","properties":{"id":"supplemental-qld-aea033f43177a12c","name":"Indooroopilly Family Practice","category":"doctor","category_label":"Doctor / general practice","service_type":"Pregnancy termination","suburb":"","state":"QLD","postcode":"4068","appointment_required":false,"geometry_source":"openstreetmap","boundary_status":"matched","zone_basis":"osm-containing-building","zone_confidence":"building-match","legal_note":"Termination of Pregnancy Act 2018 (Qld) s 14 covers the premises and places no more than 150 m from an entrance, unless another distance is prescribed. This map instead buffers the entire mapped building, so its boundary can differ from the legal zone.","osm_url":"https://www.openstreetmap.org/way/57355622","source":"openstreetmap"},"geometry":{"type":"Polygon","coordinates":[[[152.973639,-27.4976359],[152.9736524,-27.4975681],[152.9736336,-27.4974789],[152.9737248,-27.4974634],[152.9737516,-27.4975693],[152.9737342,-27.4976538],[152.973639,-27.4976359]]]}},{"type":"Feature","properties":{"id":"supplemental-qld-5e853c32b5fb9d0c","name":"Innisfail Medical Centre","category":"doctor","category_label":"Doctor / general practice","service_type":"Pregnancy termination","suburb":"","state":"QLD","postcode":"4860","appointment_required":false,"geometry_source":"openstreetmap","boundary_status":"matched","zone_basis":"osm-containing-building","zone_confidence":"building-match","legal_note":"Termination of Pregnancy Act 2018 (Qld) s 14 covers the premises and places no more than 150 m from an entrance, unless another distance is prescribed. This map instead buffers the entire mapped building, so its boundary can differ from the legal zone.","osm_url":"https://www.openstreetmap.org/way/419317565","source":"openstreetmap"},"geometry":{"type":"Polygon","coordinates":[[[146.0300707,-17.5252705],[146.0301197,-17.5252423],[146.0303145,-17.5251303],[146.0304892,-17.5250702],[146.0304995,-17.5250114],[146.030578,-17.524946],[146.0306326,-17.5249006],[146.030536,-17.5244241],[146.0306724,-17.5243989],[146.030794,-17.5243765],[146.0308589,-17.5246963],[146.0308877,-17.5248364],[146.0306759,-17.5249407],[146.0307629,-17.5253612],[146.0307679,-17.5253853],[146.0307524,-17.525381],[146.0307785,-17.5254959],[146.0307728,-17.5255149],[146.0307967,-17.5255528],[146.030775,-17.5255652],[146.0307028,-17.5256066],[146.0306924,-17.5255902],[146.0305573,-17.5256677],[146.0305365,-17.5256348],[146.0304993,-17.5256562],[146.0304749,-17.5256175],[146.0303655,-17.5256803],[146.0302498,-17.5254971],[146.0302313,-17.5254678],[146.030205,-17.525483],[146.0301503,-17.5253965],[146.0300707,-17.5252705]]]}},{"type":"Feature","properties":{"id":"supplemental-qld-84b2f2aaf056e15b","name":"IUIH Goodna Clinic (Institute Urban Indigenous Health)","category":"clinic","category_label":"Abortion clinic","service_type":"Pregnancy termination","suburb":"","state":"QLD","postcode":"4300","appointment_required":false,"geometry_source":"openstreetmap","boundary_status":"matched","zone_basis":"osm-containing-building","zone_confidence":"building-match","legal_note":"Termination of Pregnancy Act 2018 (Qld) s 14 covers the premises and places no more than 150 m from an entrance, unless another distance is prescribed. This map instead buffers the entire mapped building, so its boundary can differ from the legal zone.","osm_url":"https://www.openstreetmap.org/way/444301843","source":"openstreetmap"},"geometry":{"type":"Polygon","coordinates":[[[152.8983142,-27.6112291],[152.8983201,-27.6112011],[152.8984191,-27.6111022],[152.8984848,-27.6111137],[152.898488,-27.6110995],[152.8985132,-27.6111039],[152.8985274,-27.6110803],[152.8986158,-27.6110949],[152.8985783,-27.6112728],[152.8983142,-27.6112291]]]}},{"type":"Feature","properties":{"id":"supplemental-qld-8ec59fc96ad82f57","name":"James Street Medical","category":"doctor","category_label":"Doctor / general practice","service_type":"Pregnancy termination","suburb":"","state":"QLD","postcode":"4129","appointment_required":false,"geometry_source":"openstreetmap","boundary_status":"matched","zone_basis":"osm-containing-building","zone_confidence":"building-match","legal_note":"Termination of Pregnancy Act 2018 (Qld) s 14 covers the premises and places no more than 150 m from an entrance, unless another distance is prescribed. This map instead buffers the entire mapped building, so its boundary can differ from the legal zone.","osm_url":"https://www.openstreetmap.org/way/636179591","source":"openstreetmap"},"geometry":{"type":"Polygon","coordinates":[[[153.0388477,-27.4552346],[153.0391819,-27.4549118],[153.0394991,-27.4551704],[153.0394619,-27.4552064],[153.0391649,-27.4554932],[153.0388477,-27.4552346]]]}},{"type":"Feature","properties":{"id":"supplemental-qld-efffa9f52f479d3b","name":"Longreach Hospital","category":"hospital","category_label":"Hospital","service_type":"Pregnancy termination","suburb":"","state":"QLD","postcode":"4730","appointment_required":false,"geometry_source":"openstreetmap","boundary_status":"matched","zone_basis":"osm-containing-building","zone_confidence":"building-match","legal_note":"Termination of Pregnancy Act 2018 (Qld) s 14 covers the premises and places no more than 150 m from an entrance, unless another distance is prescribed. This map instead buffers the entire mapped building, so its boundary can differ from the legal zone.","osm_url":"https://www.openstreetmap.org/way/500186361","source":"openstreetmap"},"geometry":{"type":"Polygon","coordinates":[[[144.2608805,-23.4389733],[144.2609123,-23.4389414],[144.2609426,-23.4389247],[144.2609851,-23.4389247],[144.2610245,-23.4389483],[144.2610502,-23.4389817],[144.2610093,-23.4395558],[144.260982,-23.4395878],[144.2609502,-23.4396086],[144.2608942,-23.4396114],[144.2608593,-23.4395864],[144.2608381,-23.4395433],[144.2608532,-23.439332],[144.2607336,-23.4393264],[144.2607396,-23.4391916],[144.2608638,-23.4391985],[144.2608805,-23.4389733]]]}},{"type":"Feature","properties":{"id":"supplemental-qld-597fbddbe6049575","name":"Marshall Lane Medical Centre","category":"doctor","category_label":"Doctor / general practice","service_type":"Pregnancy termination","suburb":"","state":"QLD","postcode":"4069","appointment_required":false,"geometry_source":"openstreetmap","boundary_status":"matched","zone_basis":"osm-containing-building","zone_confidence":"building-match","legal_note":"Termination of Pregnancy Act 2018 (Qld) s 14 covers the premises and places no more than 150 m from an entrance, unless another distance is prescribed. This map instead buffers the entire mapped building, so its boundary can differ from the legal zone.","osm_url":"https://www.openstreetmap.org/way/525608305","source":"openstreetmap"},"geometry":{"type":"Polygon","coordinates":[[[152.9471428,-27.5084577],[152.9471613,-27.5084421],[152.9474539,-27.5082655],[152.9474367,-27.5082436],[152.94732,-27.508095],[152.9472983,-27.5080674],[152.9471172,-27.5081793],[152.9471452,-27.508215],[152.9470153,-27.5082953],[152.9471428,-27.5084577]]]}},{"type":"Feature","properties":{"id":"supplemental-qld-8819f05cabe4ebd5","name":"MATSICHS Caboolture","category":"doctor","category_label":"Doctor / general practice","service_type":"Pregnancy termination","suburb":"","state":"QLD","postcode":"4510","appointment_required":false,"geometry_source":"openstreetmap","boundary_status":"matched","zone_basis":"osm-containing-building","zone_confidence":"building-match","legal_note":"Termination of Pregnancy Act 2018 (Qld) s 14 covers the premises and places no more than 150 m from an entrance, unless another distance is prescribed. This map instead buffers the entire mapped building, so its boundary can differ from the legal zone.","osm_url":"https://www.openstreetmap.org/way/1242463762","source":"openstreetmap"},"geometry":{"type":"Polygon","coordinates":[[[152.952151,-27.0832413],[152.9521151,-27.0834356],[152.9521197,-27.0834421],[152.9521324,-27.0834568],[152.9522236,-27.0834714],[152.9522652,-27.0832644],[152.952348,-27.0832754],[152.9523222,-27.0832051],[152.9523669,-27.0831916],[152.9524182,-27.0833481],[152.952274,-27.0833842],[152.9522615,-27.0834666],[152.9526204,-27.083375],[152.9525686,-27.0832132],[152.9526573,-27.0831893],[152.9526859,-27.0832671],[152.9528053,-27.0832335],[152.9527565,-27.0830738],[152.9528613,-27.0830416],[152.9527756,-27.0828599],[152.9527691,-27.0828532],[152.9527609,-27.0828505],[152.9527522,-27.0828507],[152.9523005,-27.0829836],[152.9522911,-27.082988],[152.9522814,-27.0829948],[152.9522777,-27.0830002],[152.9522767,-27.0830081],[152.9522154,-27.0829998],[152.9522008,-27.0830736],[152.9522601,-27.0830811],[152.9522476,-27.0831581],[152.9522677,-27.083219],[152.9521714,-27.0832452],[152.9521592,-27.083243],[152.952151,-27.0832413]]]}},{"type":"Feature","properties":{"id":"supplemental-qld-5c577f87ca3b25b9","name":"MATSICHS Deception Bay","category":"doctor","category_label":"Doctor / general practice","service_type":"Pregnancy termination","suburb":"","state":"QLD","postcode":"4508","appointment_required":false,"geometry_source":"openstreetmap","boundary_status":"matched","zone_basis":"osm-containing-building","zone_confidence":"building-match","legal_note":"Termination of Pregnancy Act 2018 (Qld) s 14 covers the premises and places no more than 150 m from an entrance, unless another distance is prescribed. This map instead buffers the entire mapped building, so its boundary can differ from the legal zone.","osm_url":"https://www.openstreetmap.org/way/610941625","source":"openstreetmap"},"geometry":{"type":"Polygon","coordinates":[[[153.0388749,-27.205713],[153.0389634,-27.2057249],[153.0389526,-27.2057798],[153.0390224,-27.2057869],[153.0390184,-27.2058394],[153.0390854,-27.2058489],[153.0390787,-27.2059002],[153.0391525,-27.205911],[153.0391404,-27.2059801],[153.0391659,-27.2059849],[153.0390881,-27.2064393],[153.0388279,-27.2064036],[153.0389044,-27.2059682],[153.0388333,-27.2059599],[153.0388749,-27.205713]]]}},{"type":"Feature","properties":{"id":"supplemental-qld-11a97764555363e9","name":"MATSICHS Margate","category":"doctor","category_label":"Doctor / general practice","service_type":"Pregnancy termination","suburb":"","state":"QLD","postcode":"4019","appointment_required":false,"geometry_source":"openstreetmap","boundary_status":"matched","zone_basis":"osm-containing-building","zone_confidence":"building-match","legal_note":"Termination of Pregnancy Act 2018 (Qld) s 14 covers the premises and places no more than 150 m from an entrance, unless another distance is prescribed. This map instead buffers the entire mapped building, so its boundary can differ from the legal zone.","osm_url":"https://www.openstreetmap.org/way/715366902","source":"openstreetmap"},"geometry":{"type":"Polygon","coordinates":[[[153.1075373,-27.2415417],[153.1075081,-27.2417018],[153.1078197,-27.2417468],[153.1078451,-27.2416079],[153.1076871,-27.2415851],[153.107691,-27.2415638],[153.1075373,-27.2415417]]]}},{"type":"Feature","properties":{"id":"supplemental-qld-761f352e1fe561c6","name":"MATSICHS Morayfield","category":"doctor","category_label":"Doctor / general practice","service_type":"Pregnancy termination","suburb":"","state":"QLD","postcode":"4506","appointment_required":false,"geometry_source":"openstreetmap","boundary_status":"matched","zone_basis":"osm-containing-building","zone_confidence":"building-match","legal_note":"Termination of Pregnancy Act 2018 (Qld) s 14 covers the premises and places no more than 150 m from an entrance, unless another distance is prescribed. This map instead buffers the entire mapped building, so its boundary can differ from the legal zone.","osm_url":"https://www.openstreetmap.org/way/41178648","source":"openstreetmap"},"geometry":{"type":"Polygon","coordinates":[[[152.9502688,-27.1123386],[152.9503174,-27.1120765],[152.9492583,-27.1119211],[152.9492098,-27.1121832],[152.9502688,-27.1123386]]]}},{"type":"Feature","properties":{"id":"supplemental-qld-21a6f32960f0de36","name":"MATSICHS Strathpine","category":"doctor","category_label":"Doctor / general practice","service_type":"Pregnancy termination","suburb":"","state":"QLD","postcode":"4500","appointment_required":false,"geometry_source":"openstreetmap","boundary_status":"matched","zone_basis":"osm-containing-building","zone_confidence":"building-match","legal_note":"Termination of Pregnancy Act 2018 (Qld) s 14 covers the premises and places no more than 150 m from an entrance, unless another distance is prescribed. This map instead buffers the entire mapped building, so its boundary can differ from the legal zone.","osm_url":"https://www.openstreetmap.org/way/25101709","source":"openstreetmap"},"geometry":{"type":"Polygon","coordinates":[[[152.9915332,-27.3115404],[152.9925987,-27.3112994],[152.9925704,-27.3111893],[152.9924876,-27.3112079],[152.9924356,-27.3110477],[152.9917074,-27.3112131],[152.9916752,-27.3112205],[152.9916094,-27.3109993],[152.9916345,-27.3109935],[152.9915747,-27.3107836],[152.9915983,-27.3107788],[152.9915529,-27.3106217],[152.9913127,-27.3106763],[152.9913564,-27.3108324],[152.9913346,-27.3108362],[152.9913957,-27.3110508],[152.9913717,-27.3110547],[152.9914306,-27.3112751],[152.9914612,-27.3112712],[152.9914736,-27.3113188],[152.9915332,-27.3115404]]]}},{"type":"Feature","properties":{"id":"supplemental-qld-23f0bcc38766958a","name":"McDowall Family Medical Centre","category":"doctor","category_label":"Doctor / general practice","service_type":"Pregnancy termination","suburb":"","state":"QLD","postcode":"4053","appointment_required":false,"geometry_source":"openstreetmap","boundary_status":"matched","zone_basis":"osm-containing-building","zone_confidence":"building-match","legal_note":"Termination of Pregnancy Act 2018 (Qld) s 14 covers the premises and places no more than 150 m from an entrance, unless another distance is prescribed. This map instead buffers the entire mapped building, so its boundary can differ from the legal zone.","osm_url":"https://www.openstreetmap.org/way/23989711","source":"openstreetmap"},"geometry":{"type":"Polygon","coordinates":[[[152.9962079,-27.3948535],[152.9962784,-27.3948654],[152.9962333,-27.3950661],[152.9965832,-27.3951252],[152.9966164,-27.3949398],[152.9966862,-27.3949521],[152.9967436,-27.3949107],[152.9967607,-27.394824],[152.9967017,-27.3947345],[152.9967272,-27.3946021],[152.9967467,-27.3945037],[152.9968056,-27.3942056],[152.9970829,-27.3942488],[152.99709,-27.394213],[152.9973845,-27.3942589],[152.9974099,-27.3942621],[152.9974758,-27.3942721],[152.9975519,-27.3939056],[152.9974913,-27.3938956],[152.9973197,-27.3938677],[152.9969726,-27.3938111],[152.9969748,-27.3937982],[152.9969118,-27.3937902],[152.9969077,-27.3938178],[152.9965609,-27.3937613],[152.9965726,-27.3936915],[152.996463,-27.3936731],[152.9964724,-27.3936087],[152.996334,-27.3935862],[152.9962172,-27.3941463],[152.996341,-27.3941668],[152.9962079,-27.3948535]]]}},{"type":"Feature","properties":{"id":"supplemental-qld-b5fd2d431b1bea04","name":"Medical Matters","category":"doctor","category_label":"Doctor / general practice","service_type":"Pregnancy termination","suburb":"","state":"QLD","postcode":"4503","appointment_required":false,"geometry_source":"openstreetmap","boundary_status":"matched","zone_basis":"osm-containing-building","zone_confidence":"building-match","legal_note":"Termination of Pregnancy Act 2018 (Qld) s 14 covers the premises and places no more than 150 m from an entrance, unless another distance is prescribed. This map instead buffers the entire mapped building, so its boundary can differ from the legal zone.","osm_url":"https://www.openstreetmap.org/way/42712851","source":"openstreetmap"},"geometry":{"type":"Polygon","coordinates":[[[153.015871,-27.2723527],[153.0161012,-27.272154],[153.0162124,-27.2722441],[153.0159823,-27.2724359],[153.015871,-27.2723527]]]}},{"type":"Feature","properties":{"id":"supplemental-qld-1f6734d79de0959a","name":"Medical on Miami","category":"doctor","category_label":"Doctor / general practice","service_type":"Pregnancy termination","suburb":"","state":"QLD","postcode":"4220","appointment_required":false,"geometry_source":"openstreetmap","boundary_status":"matched","zone_basis":"osm-containing-building","zone_confidence":"building-match","legal_note":"Termination of Pregnancy Act 2018 (Qld) s 14 covers the premises and places no more than 150 m from an entrance, unless another distance is prescribed. This map instead buffers the entire mapped building, so its boundary can differ from the legal zone.","osm_url":"https://www.openstreetmap.org/way/589634217","source":"openstreetmap"},"geometry":{"type":"Polygon","coordinates":[[[153.4401378,-28.0661923],[153.440138,-28.06623],[153.4401487,-28.0663509],[153.4401708,-28.0664342],[153.440178,-28.0664421],[153.4402352,-28.066505],[153.4403139,-28.0664493],[153.4403243,-28.0664412],[153.4403735,-28.0664108],[153.4404448,-28.0663932],[153.4404203,-28.0663088],[153.4404318,-28.0663066],[153.4404454,-28.066304],[153.4404327,-28.0662594],[153.4404125,-28.0662598],[153.4404098,-28.0662125],[153.4403875,-28.0662117],[153.4403864,-28.066194],[153.4402172,-28.066192],[153.4401378,-28.0661923]]]}},{"type":"Feature","properties":{"id":"supplemental-qld-1326d15a74814e23","name":"My Medical Centre Springfield","category":"doctor","category_label":"Doctor / general practice","service_type":"Pregnancy termination","suburb":"","state":"QLD","postcode":"4300","appointment_required":false,"geometry_source":"openstreetmap","boundary_status":"matched","zone_basis":"osm-containing-building","zone_confidence":"building-match","legal_note":"Termination of Pregnancy Act 2018 (Qld) s 14 covers the premises and places no more than 150 m from an entrance, unless another distance is prescribed. This map instead buffers the entire mapped building, so its boundary can differ from the legal zone.","osm_url":"https://www.openstreetmap.org/way/391125346","source":"openstreetmap"},"geometry":{"type":"Polygon","coordinates":[[[152.9015136,-27.6763411],[152.9015065,-27.6765347],[152.9014408,-27.6765326],[152.901318,-27.6765315],[152.9013193,-27.6764274],[152.9005836,-27.6764159],[152.9005855,-27.6768216],[152.9007049,-27.6768287],[152.9007062,-27.6768667],[152.9007084,-27.6769328],[152.9006984,-27.6769323],[152.900698,-27.6768946],[152.9005433,-27.6768863],[152.9004961,-27.6774459],[152.9011359,-27.6774659],[152.9012431,-27.6774692],[152.9013032,-27.6774701],[152.9017602,-27.6774767],[152.9017652,-27.6772061],[152.9017661,-27.6771577],[152.9017668,-27.6771208],[152.9017734,-27.6767626],[152.9017809,-27.6763518],[152.9015136,-27.6763411]]]}},{"type":"Feature","properties":{"id":"supplemental-qld-e66e93449ac5a557","name":"MyLife Medical Brookwater General Practice","category":"doctor","category_label":"Doctor / general practice","service_type":"Pregnancy termination","suburb":"","state":"QLD","postcode":"4300","appointment_required":false,"geometry_source":"openstreetmap","boundary_status":"matched","zone_basis":"osm-containing-building","zone_confidence":"building-match","legal_note":"Termination of Pregnancy Act 2018 (Qld) s 14 covers the premises and places no more than 150 m from an entrance, unless another distance is prescribed. This map instead buffers the entire mapped building, so its boundary can differ from the legal zone.","osm_url":"https://www.openstreetmap.org/way/344614073","source":"openstreetmap"},"geometry":{"type":"Polygon","coordinates":[[[152.8916389,-27.6640155],[152.8921737,-27.6637673],[152.8920316,-27.6634998],[152.8919495,-27.6633454],[152.8919985,-27.6633289],[152.8918888,-27.6631283],[152.8918234,-27.6631635],[152.891758,-27.6630621],[152.8915439,-27.6631555],[152.891312,-27.6632627],[152.8912747,-27.6632048],[152.8911439,-27.6632689],[152.8914101,-27.6637115],[152.8913611,-27.6637301],[152.8915012,-27.663848],[152.8915292,-27.6638128],[152.8916389,-27.6640155]]]}},{"type":"Feature","properties":{"id":"supplemental-qld-e9ea942745e1988c","name":"Neighbourhood Medical","category":"doctor","category_label":"Doctor / general practice","service_type":"Pregnancy termination","suburb":"","state":"QLD","postcode":"4066","appointment_required":false,"geometry_source":"openstreetmap","boundary_status":"matched","zone_basis":"osm-containing-building","zone_confidence":"building-match","legal_note":"Termination of Pregnancy Act 2018 (Qld) s 14 covers the premises and places no more than 150 m from an entrance, unless another distance is prescribed. This map instead buffers the entire mapped building, so its boundary can differ from the legal zone.","osm_url":"https://www.openstreetmap.org/way/785278356","source":"openstreetmap"},"geometry":{"type":"Polygon","coordinates":[[[152.9796945,-27.4631367],[152.9797957,-27.4632503],[152.9798795,-27.4631916],[152.9798276,-27.4631333],[152.9798451,-27.4631211],[152.9798224,-27.4630957],[152.9797957,-27.4630657],[152.9796945,-27.4631367]]]}},{"type":"Feature","properties":{"id":"supplemental-qld-f4224bac7e256b20","name":"Newport Family Doctors","category":"doctor","category_label":"Doctor / general practice","service_type":"Pregnancy termination","suburb":"","state":"QLD","postcode":"4020","appointment_required":false,"geometry_source":"openstreetmap","boundary_status":"matched","zone_basis":"osm-containing-building","zone_confidence":"building-match","legal_note":"Termination of Pregnancy Act 2018 (Qld) s 14 covers the premises and places no more than 150 m from an entrance, unless another distance is prescribed. This map instead buffers the entire mapped building, so its boundary can differ from the legal zone.","osm_url":"https://www.openstreetmap.org/way/1218177409","source":"openstreetmap"},"geometry":{"type":"Polygon","coordinates":[[[153.0863881,-27.2135364],[153.086425,-27.2135423],[153.0864297,-27.2135144],[153.0867147,-27.2135528],[153.0867594,-27.2133254],[153.0867671,-27.2133089],[153.0867804,-27.2133024],[153.0867967,-27.2132931],[153.0868173,-27.2132931],[153.0868329,-27.2132962],[153.0868434,-27.2133024],[153.0868598,-27.2133139],[153.086931,-27.2134032],[153.0869392,-27.2134146],[153.0869357,-27.2134281],[153.0868878,-27.2136949],[153.0868598,-27.2137271],[153.0868446,-27.2138112],[153.0868386,-27.2138207],[153.0868339,-27.2138273],[153.0868215,-27.2138332],[153.0868105,-27.2138355],[153.0867056,-27.2138454],[153.0867083,-27.213859],[153.0867132,-27.2138835],[153.0868087,-27.2138741],[153.0868264,-27.2138792],[153.0868348,-27.2138851],[153.0868428,-27.2138957],[153.0868468,-27.2139071],[153.0868468,-27.2139158],[153.0867888,-27.2142191],[153.0867857,-27.2142274],[153.0867804,-27.2142333],[153.0867707,-27.2142396],[153.086764,-27.2142427],[153.0867515,-27.2142441],[153.0867527,-27.2142317],[153.0866158,-27.2142104],[153.0866117,-27.2142366],[153.0865901,-27.2142343],[153.0865875,-27.2142493],[153.0865667,-27.2142467],[153.0865594,-27.2142849],[153.0864707,-27.2142706],[153.0863566,-27.2143441],[153.0862967,-27.2142654],[153.0862997,-27.2142639],[153.08629,-27.2142519],[153.0862953,-27.2142172],[153.0862603,-27.2142135],[153.0863312,-27.2138406],[153.0862533,-27.2138298],[153.0861594,-27.2138169],[153.0861662,-27.2137773],[153.0861755,-27.213723],[153.0862697,-27.2137363],[153.0863481,-27.2137473],[153.0863881,-27.2135364]]]}},{"type":"Feature","properties":{"id":"supplemental-qld-5d202923847b767b","name":"North Shore General Practice","category":"doctor","category_label":"Doctor / general practice","service_type":"Pregnancy termination","suburb":"","state":"QLD","postcode":"4818","appointment_required":false,"geometry_source":"openstreetmap","boundary_status":"matched","zone_basis":"osm-containing-building","zone_confidence":"building-match","legal_note":"Termination of Pregnancy Act 2018 (Qld) s 14 covers the premises and places no more than 150 m from an entrance, unless another distance is prescribed. This map instead buffers the entire mapped building, so its boundary can differ from the legal zone.","osm_url":"https://www.openstreetmap.org/way/1311156049","source":"openstreetmap"},"geometry":{"type":"Polygon","coordinates":[[[146.7036732,-19.2541029],[146.7035326,-19.2539867],[146.7033603,-19.2541725],[146.703303,-19.2541926],[146.7030201,-19.2540532],[146.7029249,-19.2542253],[146.7031061,-19.2543146],[146.7031259,-19.2542788],[146.7032559,-19.2543428],[146.7033612,-19.2543413],[146.7033611,-19.2543349],[146.7033812,-19.2543346],[146.7033845,-19.2543426],[146.7035084,-19.2542974],[146.7034996,-19.2542901],[146.7036732,-19.2541029]]]}},{"type":"Feature","properties":{"id":"supplemental-qld-c92b908f9e344f52","name":"Ochre Medical Centre Caloundra","category":"doctor","category_label":"Doctor / general practice","service_type":"Pregnancy termination","suburb":"","state":"QLD","postcode":"4551","appointment_required":false,"geometry_source":"openstreetmap","boundary_status":"matched","zone_basis":"osm-containing-building","zone_confidence":"building-match","legal_note":"Termination of Pregnancy Act 2018 (Qld) s 14 covers the premises and places no more than 150 m from an entrance, unless another distance is prescribed. This map instead buffers the entire mapped building, so its boundary can differ from the legal zone.","osm_url":"https://www.openstreetmap.org/way/878044200","source":"openstreetmap"},"geometry":{"type":"Polygon","coordinates":[[[153.1324685,-26.8034921],[153.1325374,-26.8030883],[153.1328694,-26.8031334],[153.132824,-26.8033997],[153.1328657,-26.8034053],[153.1328411,-26.8035492],[153.1327837,-26.8035815],[153.1325976,-26.8035096],[153.1324685,-26.8034921]]]}},{"type":"Feature","properties":{"id":"supplemental-qld-f1c6b873c141478b","name":"On Point Family Medical Practice","category":"doctor","category_label":"Doctor / general practice","service_type":"Pregnancy termination","suburb":"","state":"QLD","postcode":"4556","appointment_required":false,"geometry_source":"openstreetmap","boundary_status":"matched","zone_basis":"osm-containing-building","zone_confidence":"building-match","legal_note":"Termination of Pregnancy Act 2018 (Qld) s 14 covers the premises and places no more than 150 m from an entrance, unless another distance is prescribed. This map instead buffers the entire mapped building, so its boundary can differ from the legal zone.","osm_url":"https://www.openstreetmap.org/way/900958144","source":"openstreetmap"},"geometry":{"type":"Polygon","coordinates":[[[153.071418,-26.6838569],[153.0715803,-26.6839364],[153.0715348,-26.6840106],[153.071478,-26.6839828],[153.0714686,-26.6839981],[153.0715193,-26.6840229],[153.0714699,-26.6841034],[153.0714302,-26.6840839],[153.0714406,-26.6840669],[153.0713642,-26.6840295],[153.0714117,-26.6839519],[153.0713718,-26.6839323],[153.071418,-26.6838569]]]}},{"type":"Feature","properties":{"id":"supplemental-qld-963f67a466571dbc","name":"On the Park General Practice","category":"doctor","category_label":"Doctor / general practice","service_type":"Pregnancy termination","suburb":"","state":"QLD","postcode":"4214","appointment_required":false,"geometry_source":"openstreetmap","boundary_status":"matched","zone_basis":"osm-containing-building","zone_confidence":"building-match","legal_note":"Termination of Pregnancy Act 2018 (Qld) s 14 covers the premises and places no more than 150 m from an entrance, unless another distance is prescribed. This map instead buffers the entire mapped building, so its boundary can differ from the legal zone.","osm_url":"https://www.openstreetmap.org/way/374938539","source":"openstreetmap"},"geometry":{"type":"Polygon","coordinates":[[[153.3834951,-27.9852509],[153.3834679,-27.9853988],[153.3839845,-27.9854728],[153.3839487,-27.9856681],[153.3841065,-27.9856907],[153.3841695,-27.9853475],[153.3834951,-27.9852509]]]}},{"type":"Feature","properties":{"id":"supplemental-qld-eb1969de31442cd5","name":"Outreach Doctors","category":"doctor","category_label":"Doctor / general practice","service_type":"Pregnancy termination","suburb":"","state":"QLD","postcode":"4655","appointment_required":false,"geometry_source":"openstreetmap","boundary_status":"matched","zone_basis":"osm-containing-building","zone_confidence":"building-match","legal_note":"Termination of Pregnancy Act 2018 (Qld) s 14 covers the premises and places no more than 150 m from an entrance, unless another distance is prescribed. This map instead buffers the entire mapped building, so its boundary can differ from the legal zone.","osm_url":"https://www.openstreetmap.org/way/1433201009","source":"openstreetmap"},"geometry":{"type":"Polygon","coordinates":[[[152.8343455,-25.2845719],[152.8341624,-25.2847195],[152.8341396,-25.2846962],[152.8341043,-25.284724],[152.8338527,-25.2844568],[152.8339788,-25.2843601],[152.8340742,-25.2844109],[152.8340373,-25.2844665],[152.8340343,-25.284471],[152.8341586,-25.284538],[152.834161,-25.2845346],[152.8342005,-25.2844708],[152.8343147,-25.2845386],[152.8343455,-25.2845719]]]}},{"type":"Feature","properties":{"id":"supplemental-qld-007b39bab932e215","name":"Park Ridge Family Practice","category":"doctor","category_label":"Doctor / general practice","service_type":"Pregnancy termination","suburb":"","state":"QLD","postcode":"4125","appointment_required":false,"geometry_source":"openstreetmap","boundary_status":"matched","zone_basis":"osm-containing-building","zone_confidence":"building-match","legal_note":"Termination of Pregnancy Act 2018 (Qld) s 14 covers the premises and places no more than 150 m from an entrance, unless another distance is prescribed. This map instead buffers the entire mapped building, so its boundary can differ from the legal zone.","osm_url":"https://www.openstreetmap.org/way/34446770","source":"openstreetmap"},"geometry":{"type":"Polygon","coordinates":[[[153.0385659,-27.6975491],[153.0385058,-27.6974341],[153.038642,-27.6967048],[153.0386027,-27.696699],[153.0386131,-27.6966433],[153.0386236,-27.6966448],[153.0386521,-27.6964918],[153.0387118,-27.6965005],[153.0387671,-27.6962034],[153.0387008,-27.6961937],[153.0387124,-27.6961314],[153.039061,-27.6961823],[153.0390777,-27.6960924],[153.0392633,-27.6961195],[153.0392466,-27.6962095],[153.0394959,-27.6962459],[153.0394474,-27.6965061],[153.0396988,-27.6965428],[153.0397028,-27.6965212],[153.0397745,-27.6965317],[153.0398371,-27.6961972],[153.0402028,-27.6962509],[153.0401845,-27.6963489],[153.0405772,-27.6964066],[153.0404129,-27.6972819],[153.0401427,-27.6972422],[153.0401305,-27.697307],[153.040051,-27.6972953],[153.0400541,-27.6972787],[153.0394884,-27.6971943],[153.0395288,-27.6969818],[153.039447,-27.6969696],[153.039459,-27.6969062],[153.0391803,-27.6968645],[153.0391365,-27.6968116],[153.039122,-27.696821],[153.0391194,-27.6968348],[153.0388504,-27.6967941],[153.0388625,-27.6967315],[153.0388012,-27.6967223],[153.0386704,-27.6974011],[153.0387223,-27.6974617],[153.0387054,-27.6975455],[153.038635,-27.6975918],[153.0385785,-27.6975829],[153.0385848,-27.6975521],[153.0385659,-27.6975491]]]}},{"type":"Feature","properties":{"id":"supplemental-qld-3eacf9467468f121","name":"Pelican Waters Family Doctors","category":"doctor","category_label":"Doctor / general practice","service_type":"Pregnancy termination","suburb":"","state":"QLD","postcode":"4551","appointment_required":false,"geometry_source":"openstreetmap","boundary_status":"matched","zone_basis":"osm-containing-building","zone_confidence":"building-match","legal_note":"Termination of Pregnancy Act 2018 (Qld) s 14 covers the premises and places no more than 150 m from an entrance, unless another distance is prescribed. This map instead buffers the entire mapped building, so its boundary can differ from the legal zone.","osm_url":"https://www.openstreetmap.org/way/1113510809","source":"openstreetmap"},"geometry":{"type":"Polygon","coordinates":[[[153.1084516,-26.8335437],[153.1084507,-26.8335376],[153.1085194,-26.8335295],[153.1085204,-26.8335365],[153.108567,-26.833531],[153.1085654,-26.8335197],[153.1086621,-26.8335082],[153.1086637,-26.8335195],[153.1086991,-26.8335153],[153.1086981,-26.8335089],[153.108766,-26.8335009],[153.108767,-26.8335072],[153.1088605,-26.8334961],[153.1088591,-26.8334862],[153.1089052,-26.8334807],[153.1089066,-26.8334907],[153.1089979,-26.8334798],[153.108997,-26.8334739],[153.109191,-26.8334509],[153.1092028,-26.8335304],[153.1091968,-26.8335311],[153.1092064,-26.8335961],[153.1092198,-26.8335945],[153.10923,-26.8336631],[153.1092227,-26.833664],[153.1092243,-26.8336745],[153.1092601,-26.833698],[153.1092673,-26.8337465],[153.1092356,-26.8337502],[153.1092247,-26.8337515],[153.1091051,-26.8337657],[153.1091373,-26.8339822],[153.1090739,-26.8339897],[153.1091072,-26.8342132],[153.1090067,-26.8342251],[153.1089964,-26.8342263],[153.1090133,-26.8343394],[153.1088626,-26.8343573],[153.1088574,-26.8343223],[153.1088458,-26.8342442],[153.1085964,-26.8342738],[153.1085354,-26.8338645],[153.1085073,-26.8338678],[153.1084957,-26.8339088],[153.1083395,-26.8339591],[153.1083735,-26.8340432],[153.1084029,-26.8341159],[153.1083736,-26.8341779],[153.1080415,-26.8342849],[153.1079706,-26.8342552],[153.1079411,-26.8341825],[153.1078941,-26.8341976],[153.1077498,-26.8338409],[153.1077486,-26.833838],[153.1077989,-26.8338218],[153.1077902,-26.8338003],[153.1078289,-26.8337878],[153.1078257,-26.83378],[153.1078854,-26.8337608],[153.1078886,-26.8337686],[153.1079724,-26.8337416],[153.1079686,-26.8337321],[153.1080282,-26.8337129],[153.108032,-26.8337224],[153.1081136,-26.8336961],[153.1081101,-26.8336872],[153.1081699,-26.833668],[153.1081735,-26.8336768],[153.1082543,-26.8336508],[153.1082509,-26.8336424],[153.1083115,-26.8336228],[153.1083149,-26.8336313],[153.1083568,-26.8336178],[153.1084118,-26.8335484],[153.1084516,-26.8335437]]]}},{"type":"Feature","properties":{"id":"supplemental-qld-42fe1fd232686c23","name":"Port Village Medical Centre","category":"doctor","category_label":"Doctor / general practice","service_type":"Pregnancy termination","suburb":"","state":"QLD","postcode":"4877","appointment_required":false,"geometry_source":"openstreetmap","boundary_status":"matched","zone_basis":"osm-containing-building","zone_confidence":"building-match","legal_note":"Termination of Pregnancy Act 2018 (Qld) s 14 covers the premises and places no more than 150 m from an entrance, unless another distance is prescribed. This map instead buffers the entire mapped building, so its boundary can differ from the legal zone.","osm_url":"https://www.openstreetmap.org/way/191993535","source":"openstreetmap"},"geometry":{"type":"Polygon","coordinates":[[[145.4626445,-16.4826632],[145.4622262,-16.4820577],[145.4628076,-16.4816898],[145.4630685,-16.4815324],[145.463145,-16.4816492],[145.462991,-16.4817427],[145.463027,-16.4818067],[145.4630937,-16.4818141],[145.4631989,-16.4819765],[145.4631964,-16.4820282],[145.4632348,-16.4820947],[145.4633529,-16.4820233],[145.4634196,-16.482043],[145.4634841,-16.4821273],[145.4631057,-16.4823747],[145.4626445,-16.4826632]]]}},{"type":"Feature","properties":{"id":"supplemental-qld-1c65715e87ab86b7","name":"Q Clinic - Wide Bay Sexual Health Clinic","category":"clinic","category_label":"Abortion clinic","service_type":"Pregnancy termination","suburb":"","state":"QLD","postcode":"4670","appointment_required":false,"geometry_source":"openstreetmap","boundary_status":"matched","zone_basis":"osm-containing-building","zone_confidence":"building-match","legal_note":"Termination of Pregnancy Act 2018 (Qld) s 14 covers the premises and places no more than 150 m from an entrance, unless another distance is prescribed. This map instead buffers the entire mapped building, so its boundary can differ from the legal zone.","osm_url":"https://www.openstreetmap.org/way/376633772","source":"openstreetmap"},"geometry":{"type":"Polygon","coordinates":[[[152.3317842,-24.871011],[152.3318952,-24.8713529],[152.331549,-24.8714471],[152.3315256,-24.871373],[152.3314414,-24.8711073],[152.3314676,-24.8710924],[152.3314879,-24.8710809],[152.3314726,-24.8710599],[152.3315849,-24.8710288],[152.3316201,-24.8710191],[152.3317229,-24.8709906],[152.3317394,-24.8709861],[152.3317506,-24.8710201],[152.3317842,-24.871011]]]}},{"type":"Feature","properties":{"id":"supplemental-qld-e0dd478814ffaf7c","name":"Queen Street Medical Centre","category":"doctor","category_label":"Doctor / general practice","service_type":"Pregnancy termination","suburb":"","state":"QLD","postcode":"4000","appointment_required":false,"geometry_source":"openstreetmap","boundary_status":"matched","zone_basis":"osm-containing-building","zone_confidence":"building-match","legal_note":"Termination of Pregnancy Act 2018 (Qld) s 14 covers the premises and places no more than 150 m from an entrance, unless another distance is prescribed. This map instead buffers the entire mapped building, so its boundary can differ from the legal zone.","osm_url":"https://www.openstreetmap.org/way/140998705","source":"openstreetmap"},"geometry":{"type":"Polygon","coordinates":[[[153.0257035,-27.4694369],[153.025639,-27.4694871],[153.0253995,-27.4696739],[153.0256588,-27.4699448],[153.0259675,-27.4697123],[153.0257279,-27.4694616],[153.0257035,-27.4694369]]]}},{"type":"Feature","properties":{"id":"supplemental-qld-0799f2a1607423a1","name":"Redlands Family Planning","category":"clinic","category_label":"Abortion clinic","service_type":"Pregnancy termination","suburb":"","state":"QLD","postcode":"4165","appointment_required":false,"geometry_source":"openstreetmap","boundary_status":"matched","zone_basis":"osm-containing-building","zone_confidence":"building-match","legal_note":"Termination of Pregnancy Act 2018 (Qld) s 14 covers the premises and places no more than 150 m from an entrance, unless another distance is prescribed. This map instead buffers the entire mapped building, so its boundary can differ from the legal zone.","osm_url":"https://www.openstreetmap.org/way/255178263","source":"openstreetmap"},"geometry":{"type":"Polygon","coordinates":[[[153.2811631,-27.5847705],[153.2812999,-27.5851516],[153.2814149,-27.5851169],[153.2814551,-27.5850992],[153.2814523,-27.585089],[153.2814792,-27.5850801],[153.2815103,-27.58502],[153.2815058,-27.5850021],[153.2815276,-27.584993],[153.2815139,-27.5849517],[153.2815314,-27.5849466],[153.281477,-27.58479],[153.2814855,-27.5847847],[153.2814792,-27.5847668],[153.2814934,-27.5847628],[153.2814581,-27.5846803],[153.2811631,-27.5847705]]]}},{"type":"Feature","properties":{"id":"supplemental-qld-af0632e77a4def36","name":"Redlynch Medical Centre","category":"doctor","category_label":"Doctor / general practice","service_type":"Pregnancy termination","suburb":"","state":"QLD","postcode":"4870","appointment_required":false,"geometry_source":"openstreetmap","boundary_status":"matched","zone_basis":"osm-containing-building","zone_confidence":"building-match","legal_note":"Termination of Pregnancy Act 2018 (Qld) s 14 covers the premises and places no more than 150 m from an entrance, unless another distance is prescribed. This map instead buffers the entire mapped building, so its boundary can differ from the legal zone.","osm_url":"https://www.openstreetmap.org/way/265763248","source":"openstreetmap"},"geometry":{"type":"Polygon","coordinates":[[[145.6988608,-16.8958061],[145.6993441,-16.8958597],[145.6993371,-16.8959223],[145.6994562,-16.8959312],[145.6994609,-16.8958731],[145.6995729,-16.895891],[145.6995332,-16.8962056],[145.6996892,-16.8962236],[145.6996511,-16.8965358],[145.6996813,-16.8965408],[145.6996619,-16.8967],[145.69964,-16.8966986],[145.6996048,-16.8970502],[145.6995064,-16.8970381],[145.6994727,-16.8970748],[145.6994548,-16.8970923],[145.6994207,-16.8973983],[145.6994128,-16.8974646],[145.6993377,-16.8974569],[145.699334,-16.8974802],[145.6986842,-16.8974125],[145.6986859,-16.897397],[145.6986352,-16.8973894],[145.6986537,-16.8971902],[145.6987235,-16.8971937],[145.6987245,-16.897175],[145.698751,-16.8971766],[145.6987482,-16.8970894],[145.6987829,-16.8967623],[145.6989655,-16.8967776],[145.6989683,-16.8967493],[145.6990315,-16.8967536],[145.6990435,-16.8966513],[145.6987851,-16.8966196],[145.6987943,-16.896512],[145.6987573,-16.8965075],[145.698782,-16.8963174],[145.698822,-16.8963189],[145.698839,-16.8961759],[145.6988205,-16.8961533],[145.6988608,-16.8958061]]]}},{"type":"Feature","properties":{"id":"supplemental-qld-7e5ac2cb9b2f51d0","name":"Smart Clinics Toowong","category":"doctor","category_label":"Doctor / general practice","service_type":"Pregnancy termination","suburb":"","state":"QLD","postcode":"4066","appointment_required":false,"geometry_source":"openstreetmap","boundary_status":"matched","zone_basis":"osm-containing-building","zone_confidence":"building-match","legal_note":"Termination of Pregnancy Act 2018 (Qld) s 14 covers the premises and places no more than 150 m from an entrance, unless another distance is prescribed. This map instead buffers the entire mapped building, so its boundary can differ from the legal zone.","osm_url":"https://www.openstreetmap.org/way/200528771","source":"openstreetmap"},"geometry":{"type":"Polygon","coordinates":[[[152.991438,-27.4853397],[152.9914411,-27.4853231],[152.9914667,-27.4851882],[152.9915132,-27.4849423],[152.9915235,-27.4848877],[152.9913965,-27.4848688],[152.9913787,-27.4849629],[152.9913109,-27.4853208],[152.991438,-27.4853397]]]}},{"type":"Feature","properties":{"id":"supplemental-qld-cca5830e6c531a4a","name":"Southport Doctors","category":"doctor","category_label":"Doctor / general practice","service_type":"Pregnancy termination","suburb":"","state":"QLD","postcode":"4215","appointment_required":false,"geometry_source":"openstreetmap","boundary_status":"matched","zone_basis":"osm-containing-building","zone_confidence":"building-match","legal_note":"Termination of Pregnancy Act 2018 (Qld) s 14 covers the premises and places no more than 150 m from an entrance, unless another distance is prescribed. This map instead buffers the entire mapped building, so its boundary can differ from the legal zone.","osm_url":"https://www.openstreetmap.org/way/1115648178","source":"openstreetmap"},"geometry":{"type":"Polygon","coordinates":[[[153.4112242,-27.9665421],[153.4112657,-27.9666005],[153.4113209,-27.9666767],[153.4113772,-27.9666457],[153.4114033,-27.9666311],[153.4113889,-27.9666107],[153.4114084,-27.9665995],[153.4114171,-27.9665947],[153.4114323,-27.9666161],[153.4114794,-27.9665902],[153.4114661,-27.9665713],[153.4116275,-27.9664825],[153.4116358,-27.9664943],[153.4117073,-27.9664551],[153.4116826,-27.9664199],[153.4117161,-27.9664015],[153.4116896,-27.9663627],[153.4116472,-27.9663025],[153.4116277,-27.9663132],[153.4116183,-27.9662998],[153.4115506,-27.966337],[153.4115637,-27.9663555],[153.4112242,-27.9665421]]]}},{"type":"Feature","properties":{"id":"supplemental-qld-110e63c0493b68da","name":"Springwood General Practice","category":"doctor","category_label":"Doctor / general practice","service_type":"Pregnancy termination","suburb":"","state":"QLD","postcode":"4127","appointment_required":false,"geometry_source":"openstreetmap","boundary_status":"matched","zone_basis":"osm-containing-building","zone_confidence":"building-match","legal_note":"Termination of Pregnancy Act 2018 (Qld) s 14 covers the premises and places no more than 150 m from an entrance, unless another distance is prescribed. This map instead buffers the entire mapped building, so its boundary can differ from the legal zone.","osm_url":"https://www.openstreetmap.org/way/183455740","source":"openstreetmap"},"geometry":{"type":"Polygon","coordinates":[[[153.1234946,-27.6120584],[153.1247115,-27.6116885],[153.1249426,-27.6122854],[153.1248493,-27.6123138],[153.1249721,-27.612631],[153.1240098,-27.6129235],[153.1238173,-27.6124262],[153.123656,-27.6124752],[153.1234946,-27.6120584]]]}},{"type":"Feature","properties":{"id":"supplemental-qld-dd53e544d661c7fa","name":"Stratford Medical Centre","category":"doctor","category_label":"Doctor / general practice","service_type":"Pregnancy termination","suburb":"","state":"QLD","postcode":"4870","appointment_required":false,"geometry_source":"openstreetmap","boundary_status":"matched","zone_basis":"osm-containing-building","zone_confidence":"building-match","legal_note":"Termination of Pregnancy Act 2018 (Qld) s 14 covers the premises and places no more than 150 m from an entrance, unless another distance is prescribed. This map instead buffers the entire mapped building, so its boundary can differ from the legal zone.","osm_url":"https://www.openstreetmap.org/way/281808136","source":"openstreetmap"},"geometry":{"type":"Polygon","coordinates":[[[145.723346,-16.8767729],[145.7234386,-16.8767622],[145.7234539,-16.876884],[145.7233614,-16.8768946],[145.723346,-16.8767729]]]}},{"type":"Feature","properties":{"id":"supplemental-qld-18e8be5b3b0691cb","name":"Strathpine GP Superclinic","category":"doctor","category_label":"Doctor / general practice","service_type":"Pregnancy termination","suburb":"","state":"QLD","postcode":"4500","appointment_required":false,"geometry_source":"openstreetmap","boundary_status":"matched","zone_basis":"osm-containing-building","zone_confidence":"building-match","legal_note":"Termination of Pregnancy Act 2018 (Qld) s 14 covers the premises and places no more than 150 m from an entrance, unless another distance is prescribed. This map instead buffers the entire mapped building, so its boundary can differ from the legal zone.","osm_url":"https://www.openstreetmap.org/way/1064823768","source":"openstreetmap"},"geometry":{"type":"Polygon","coordinates":[[[152.9883348,-27.305841],[152.9884844,-27.306366],[152.988496,-27.3063632],[152.9885558,-27.3065752],[152.9885443,-27.3065771],[152.9885679,-27.306659],[152.9885931,-27.3067461],[152.9888266,-27.3066918],[152.989059,-27.3066592],[152.9889809,-27.3063986],[152.9889865,-27.3063875],[152.9889674,-27.3063139],[152.9889002,-27.3063282],[152.988903,-27.3063381],[152.988897,-27.3063395],[152.9888733,-27.3063448],[152.9888702,-27.3063359],[152.9888107,-27.3063489],[152.9888118,-27.3063641],[152.9887887,-27.3063706],[152.9887761,-27.3063254],[152.9887871,-27.3063238],[152.9887722,-27.3062715],[152.9886854,-27.3062895],[152.9886243,-27.3060689],[152.9886739,-27.3060569],[152.9886625,-27.3060114],[152.9889737,-27.3059407],[152.9889337,-27.3058062],[152.9886016,-27.3058824],[152.9885744,-27.3057861],[152.9883348,-27.305841]]]}},{"type":"Feature","properties":{"id":"supplemental-qld-6b1ff420adb43488","name":"Sunnybank Plaza Family Clinic","category":"clinic","category_label":"Abortion clinic","service_type":"Pregnancy termination","suburb":"","state":"QLD","postcode":"4109","appointment_required":false,"geometry_source":"openstreetmap","boundary_status":"matched","zone_basis":"osm-containing-building","zone_confidence":"building-match","legal_note":"Termination of Pregnancy Act 2018 (Qld) s 14 covers the premises and places no more than 150 m from an entrance, unless another distance is prescribed. This map instead buffers the entire mapped building, so its boundary can differ from the legal zone.","osm_url":"https://www.openstreetmap.org/way/16198282","source":"openstreetmap"},"geometry":{"type":"Polygon","coordinates":[[[153.0613675,-27.5701952],[153.0613354,-27.5701905],[153.0613349,-27.5701941],[153.0611886,-27.5701716],[153.0611764,-27.5702301],[153.0611843,-27.5702408],[153.0612086,-27.570245],[153.0611841,-27.5703755],[153.0619913,-27.5704943],[153.0620001,-27.5704358],[153.0620381,-27.5704415],[153.0620459,-27.5704389],[153.0620523,-27.5704333],[153.0620539,-27.5704258],[153.0620497,-27.5704189],[153.0620424,-27.5704151],[153.0620049,-27.5704098],[153.0620258,-27.5703008],[153.0620125,-27.570298],[153.0620137,-27.5702889],[153.0620023,-27.5702873],[153.0620043,-27.5702668],[153.0620352,-27.5702711],[153.062059,-27.5702745],[153.0621226,-27.5702834],[153.062286,-27.5703064],[153.0624173,-27.5703249],[153.0624268,-27.5703262],[153.0624943,-27.5703352],[153.0628003,-27.5703824],[153.0628034,-27.5703578],[153.0628381,-27.5703627],[153.0628378,-27.5703706],[153.0628156,-27.5703813],[153.0628049,-27.5704078],[153.0627965,-27.5704418],[153.0628009,-27.5704746],[153.0628129,-27.5705158],[153.0628256,-27.5705382],[153.0628422,-27.5705534],[153.0626434,-27.5705256],[153.062602,-27.5705227],[153.0625637,-27.5705366],[153.0625404,-27.5705644],[153.0625203,-27.5705968],[153.062506,-27.5706263],[153.062502,-27.5706699],[153.0623815,-27.5706522],[153.0622721,-27.5712678],[153.0622686,-27.5713017],[153.0622753,-27.5713434],[153.0622995,-27.5713831],[153.0623345,-27.5714096],[153.0623702,-27.5714229],[153.0624117,-27.5714285],[153.0624005,-27.5714818],[153.0632757,-27.5716035],[153.0632762,-27.5715927],[153.0633635,-27.5716058],[153.0633741,-27.5715359],[153.0635395,-27.5715588],[153.0635577,-27.5715613],[153.0636369,-27.5715539],[153.0636961,-27.5715407],[153.0637492,-27.5715133],[153.0637095,-27.5714517],[153.0636536,-27.5714762],[153.0635926,-27.5714853],[153.0635534,-27.5714833],[153.0635384,-27.5714826],[153.0634616,-27.5714713],[153.0634708,-27.5714217],[153.0635631,-27.5714328],[153.0636673,-27.5708415],[153.0634453,-27.5708118],[153.06345,-27.5707858],[153.0638151,-27.5708395],[153.0638217,-27.5708009],[153.0638273,-27.5707652],[153.0634881,-27.5707148],[153.0634469,-27.5706641],[153.0634471,-27.5706525],[153.0634474,-27.5706409],[153.0635644,-27.5706582],[153.0635767,-27.5705813],[153.0633377,-27.5705462],[153.0633258,-27.5706212],[153.0631752,-27.5705989],[153.0631929,-27.570495],[153.0640617,-27.5706167],[153.0641735,-27.5700168],[153.063168,-27.5698728],[153.0632489,-27.569432],[153.0630455,-27.5694022],[153.0630541,-27.5693531],[153.0629494,-27.5693372],[153.0629625,-27.5692644],[153.0619988,-27.569122],[153.0619777,-27.5692255],[153.0618797,-27.5692114],[153.0618643,-27.5692921],[153.0618456,-27.5692887],[153.06182,-27.5694352],[153.0617942,-27.5695827],[153.0618196,-27.5695863],[153.0617949,-27.5697137],[153.0617911,-27.5697131],[153.0617855,-27.5697432],[153.0617375,-27.5697355],[153.0617448,-27.5697005],[153.0614645,-27.5696597],[153.0614323,-27.5698328],[153.0613962,-27.569827],[153.0613712,-27.5699572],[153.0613865,-27.5699599],[153.061379,-27.5700032],[153.061403,-27.570007],[153.0613675,-27.5701952]]]}},{"type":"Feature","properties":{"id":"supplemental-qld-a84f70e9f4635ddb","name":"Tamborine Village Medical","category":"doctor","category_label":"Doctor / general practice","service_type":"Pregnancy termination","suburb":"","state":"QLD","postcode":"4270","appointment_required":false,"geometry_source":"openstreetmap","boundary_status":"matched","zone_basis":"osm-containing-building","zone_confidence":"building-match","legal_note":"Termination of Pregnancy Act 2018 (Qld) s 14 covers the premises and places no more than 150 m from an entrance, unless another distance is prescribed. This map instead buffers the entire mapped building, so its boundary can differ from the legal zone.","osm_url":"https://www.openstreetmap.org/way/972828658","source":"openstreetmap"},"geometry":{"type":"Polygon","coordinates":[[[153.1295156,-27.8821163],[153.1295326,-27.8824091],[153.1296362,-27.8824044],[153.129619,-27.8821115],[153.1295156,-27.8821163]]]}},{"type":"Feature","properties":{"id":"supplemental-qld-9c9eca0c20098388","name":"The Butterfly Clinic","category":"clinic","category_label":"Abortion clinic","service_type":"Pregnancy termination","suburb":"","state":"QLD","postcode":"4000","appointment_required":false,"geometry_source":"openstreetmap","boundary_status":"matched","zone_basis":"osm-containing-building","zone_confidence":"building-match","legal_note":"Termination of Pregnancy Act 2018 (Qld) s 14 covers the premises and places no more than 150 m from an entrance, unless another distance is prescribed. This map instead buffers the entire mapped building, so its boundary can differ from the legal zone.","osm_url":"https://www.openstreetmap.org/way/26325858","source":"openstreetmap"},"geometry":{"type":"Polygon","coordinates":[[[153.0306567,-27.4618699],[153.030761,-27.4618849],[153.0307417,-27.4619818],[153.030727,-27.4619934],[153.0307357,-27.462002],[153.0303806,-27.4622813],[153.0303901,-27.4623031],[153.0303768,-27.4623291],[153.0303458,-27.4623394],[153.03032,-27.462329],[153.0301657,-27.4624504],[153.0299512,-27.4626191],[153.0297075,-27.4623751],[153.0296984,-27.462366],[153.0296924,-27.46236],[153.0296865,-27.462354],[153.0300741,-27.4620492],[153.0300798,-27.4620339],[153.0301114,-27.4620199],[153.0301265,-27.4620244],[153.030138,-27.4620278],[153.0301428,-27.4620327],[153.0302531,-27.462143],[153.0304597,-27.4619805],[153.0304474,-27.4619682],[153.0304085,-27.4619293],[153.0303862,-27.461907],[153.0303971,-27.4618984],[153.0303603,-27.4618616],[153.0303954,-27.461834],[153.0304171,-27.4618556],[153.0304473,-27.461837],[153.0304818,-27.4618257],[153.0305184,-27.4618223],[153.0305472,-27.4618255],[153.0305747,-27.4618337],[153.0305999,-27.4618465],[153.0306217,-27.4618634],[153.0306362,-27.461852],[153.0306567,-27.4618699]]]}},{"type":"Feature","properties":{"id":"supplemental-qld-b2bb48be50173548","name":"The Keperra Clinic","category":"clinic","category_label":"Abortion clinic","service_type":"Pregnancy termination","suburb":"","state":"QLD","postcode":"4054","appointment_required":false,"geometry_source":"openstreetmap","boundary_status":"matched","zone_basis":"osm-containing-building","zone_confidence":"building-match","legal_note":"Termination of Pregnancy Act 2018 (Qld) s 14 covers the premises and places no more than 150 m from an entrance, unless another distance is prescribed. This map instead buffers the entire mapped building, so its boundary can differ from the legal zone.","osm_url":"https://www.openstreetmap.org/way/176073355","source":"openstreetmap"},"geometry":{"type":"Polygon","coordinates":[[[152.958369,-27.4092015],[152.9582109,-27.4089867],[152.9587153,-27.4086941],[152.9588734,-27.4089089],[152.958369,-27.4092015]]]}},{"type":"Feature","properties":{"id":"supplemental-qld-94eceb9dddb63fde","name":"Top Health Doctors Capalaba","category":"doctor","category_label":"Doctor / general practice","service_type":"Pregnancy termination","suburb":"","state":"QLD","postcode":"4159","appointment_required":false,"geometry_source":"openstreetmap","boundary_status":"matched","zone_basis":"osm-containing-building","zone_confidence":"building-match","legal_note":"Termination of Pregnancy Act 2018 (Qld) s 14 covers the premises and places no more than 150 m from an entrance, unless another distance is prescribed. This map instead buffers the entire mapped building, so its boundary can differ from the legal zone.","osm_url":"https://www.openstreetmap.org/way/35607286","source":"openstreetmap"},"geometry":{"type":"Polygon","coordinates":[[[153.1899828,-27.52372],[153.1898684,-27.52372],[153.1898033,-27.5237614],[153.1897447,-27.5248154],[153.1898569,-27.5248211],[153.1898604,-27.5247249],[153.1903111,-27.5247422],[153.1902896,-27.5251779],[153.1912409,-27.5255295],[153.1919116,-27.5256498],[153.1922058,-27.5254593],[153.1920421,-27.5252275],[153.1921102,-27.5251905],[153.1919679,-27.5249616],[153.1918846,-27.5250013],[153.1917224,-27.5247822],[153.1914112,-27.5249604],[153.1913936,-27.5249397],[153.1919886,-27.5245855],[153.1920026,-27.5245213],[153.1918799,-27.5243576],[153.1917574,-27.5241941],[153.1918882,-27.5241175],[153.1918298,-27.5240409],[153.1916687,-27.5240243],[153.1916874,-27.5239042],[153.191563,-27.5238819],[153.1915917,-27.5237241],[153.1911667,-27.5231298],[153.191071,-27.5231091],[153.1909729,-27.5231526],[153.1909332,-27.5231546],[153.190833,-27.523215],[153.1906719,-27.5233098],[153.1899828,-27.52372]]]}},{"type":"Feature","properties":{"id":"supplemental-qld-f077d9b2404b7749","name":"Top Health Doctors Underwood","category":"doctor","category_label":"Doctor / general practice","service_type":"Pregnancy termination","suburb":"","state":"QLD","postcode":"4119","appointment_required":false,"geometry_source":"openstreetmap","boundary_status":"matched","zone_basis":"osm-containing-building","zone_confidence":"building-match","legal_note":"Termination of Pregnancy Act 2018 (Qld) s 14 covers the premises and places no more than 150 m from an entrance, unless another distance is prescribed. This map instead buffers the entire mapped building, so its boundary can differ from the legal zone.","osm_url":"https://www.openstreetmap.org/way/223697914","source":"openstreetmap"},"geometry":{"type":"Polygon","coordinates":[[[153.1082367,-27.594338],[153.1082614,-27.5941929],[153.1082937,-27.5941972],[153.1083187,-27.5940501],[153.1081681,-27.59403],[153.1080801,-27.5940183],[153.1080782,-27.5940294],[153.1080551,-27.5941654],[153.1080785,-27.5941685],[153.1080538,-27.5943135],[153.1082367,-27.594338]]]}},{"type":"Feature","properties":{"id":"supplemental-qld-f9e531cdd146a1fe","name":"Top Health West End","category":"doctor","category_label":"Doctor / general practice","service_type":"Pregnancy termination","suburb":"","state":"QLD","postcode":"4101","appointment_required":false,"geometry_source":"openstreetmap","boundary_status":"matched","zone_basis":"osm-containing-building","zone_confidence":"building-match","legal_note":"Termination of Pregnancy Act 2018 (Qld) s 14 covers the premises and places no more than 150 m from an entrance, unless another distance is prescribed. This map instead buffers the entire mapped building, so its boundary can differ from the legal zone.","osm_url":"https://www.openstreetmap.org/way/784396063","source":"openstreetmap"},"geometry":{"type":"Polygon","coordinates":[[[153.0006118,-27.4861869],[153.0006384,-27.4861355],[153.0006653,-27.4860922],[153.000987,-27.485576],[153.0011023,-27.4853923],[153.0011268,-27.4853533],[153.0011348,-27.4853405],[153.001208,-27.4853218],[153.0014609,-27.4854524],[153.0014799,-27.4854616],[153.0014594,-27.4854948],[153.001563,-27.4855059],[153.0015457,-27.4855323],[153.0017059,-27.4855624],[153.0015794,-27.4857659],[153.0015057,-27.4857718],[153.001432,-27.4857949],[153.0013863,-27.4858567],[153.0013715,-27.4859226],[153.0014016,-27.4860436],[153.0011845,-27.4864062],[153.0010755,-27.4864374],[153.0010455,-27.4864459],[153.0009223,-27.4864164],[153.0009432,-27.4863826],[153.0009673,-27.4863465],[153.0009144,-27.4863217],[153.0009339,-27.486292],[153.0008657,-27.4862604],[153.0008782,-27.4862405],[153.0008599,-27.4862313],[153.00085,-27.4862479],[153.0007077,-27.4861864],[153.0006903,-27.4862196],[153.0006118,-27.4861869]]]}},{"type":"Feature","properties":{"id":"supplemental-qld-42e9de6c09a96694","name":"TRUE Relationships and Reproductive Health  Cairns","category":"doctor","category_label":"Doctor / general practice","service_type":"Pregnancy termination","suburb":"","state":"QLD","postcode":"4870","appointment_required":false,"geometry_source":"openstreetmap","boundary_status":"matched","zone_basis":"osm-containing-building","zone_confidence":"building-match","legal_note":"Termination of Pregnancy Act 2018 (Qld) s 14 covers the premises and places no more than 150 m from an entrance, unless another distance is prescribed. This map instead buffers the entire mapped building, so its boundary can differ from the legal zone.","osm_url":"https://www.openstreetmap.org/way/305521542","source":"openstreetmap"},"geometry":{"type":"Polygon","coordinates":[[[145.7711946,-16.9177051],[145.7712232,-16.9177385],[145.7711454,-16.9177993],[145.7712331,-16.9179019],[145.7711779,-16.9179451],[145.7711637,-16.9179285],[145.7709862,-16.9180674],[145.7709273,-16.9179984],[145.7709051,-16.9180158],[145.770862,-16.9179653],[145.7709036,-16.9179327],[145.7709145,-16.9179454],[145.7710717,-16.9178223],[145.7710609,-16.9178097],[145.7711946,-16.9177051]]]}},{"type":"Feature","properties":{"id":"supplemental-qld-9f14a5770c85bebb","name":"TRUE Relationships and Reproductive Health Rockhampton","category":"doctor","category_label":"Doctor / general practice","service_type":"Pregnancy termination","suburb":"","state":"QLD","postcode":"4701","appointment_required":false,"geometry_source":"openstreetmap","boundary_status":"matched","zone_basis":"osm-containing-building","zone_confidence":"building-match","legal_note":"Termination of Pregnancy Act 2018 (Qld) s 14 covers the premises and places no more than 150 m from an entrance, unless another distance is prescribed. This map instead buffers the entire mapped building, so its boundary can differ from the legal zone.","osm_url":"https://www.openstreetmap.org/way/344201112","source":"openstreetmap"},"geometry":{"type":"Polygon","coordinates":[[[150.5197904,-23.3345469],[150.5200168,-23.3344409],[150.5199112,-23.3342509],[150.5198381,-23.3342852],[150.5196209,-23.3338943],[150.5195478,-23.33387],[150.5195834,-23.3337795],[150.519415,-23.3337237],[150.5193999,-23.3337623],[150.5192377,-23.3337086],[150.5191738,-23.3338712],[150.5193032,-23.3339141],[150.5192799,-23.3339733],[150.519469,-23.334036],[150.5196838,-23.3344225],[150.5197135,-23.3344085],[150.5197904,-23.3345469]]]}},{"type":"Feature","properties":{"id":"supplemental-qld-d07d8ebe1ea46810","name":"TRUE Relationships and Reproductive Health Windsor","category":"doctor","category_label":"Doctor / general practice","service_type":"Pregnancy termination","suburb":"","state":"QLD","postcode":"4030","appointment_required":false,"geometry_source":"openstreetmap","boundary_status":"matched","zone_basis":"osm-containing-building","zone_confidence":"building-match","legal_note":"Termination of Pregnancy Act 2018 (Qld) s 14 covers the premises and places no more than 150 m from an entrance, unless another distance is prescribed. This map instead buffers the entire mapped building, so its boundary can differ from the legal zone.","osm_url":"https://www.openstreetmap.org/way/309201571","source":"openstreetmap"},"geometry":{"type":"Polygon","coordinates":[[[153.0314276,-27.4346664],[153.0312101,-27.4347206],[153.031204,-27.434744],[153.0311369,-27.4347368],[153.0311308,-27.4347639],[153.0310597,-27.4347584],[153.0310495,-27.4347855],[153.0309763,-27.4347747],[153.0307792,-27.4348306],[153.0307629,-27.4349749],[153.0307954,-27.4349767],[153.0307914,-27.434993],[153.0310002,-27.4350228],[153.0312833,-27.4350633],[153.0313382,-27.4350327],[153.0313666,-27.4348487],[153.0313992,-27.4348541],[153.0314276,-27.4346664]]]}},{"type":"Feature","properties":{"id":"supplemental-qld-c24fda92929a1fd6","name":"Upward Life Family Practice","category":"doctor","category_label":"Doctor / general practice","service_type":"Pregnancy termination","suburb":"","state":"QLD","postcode":"4870","appointment_required":false,"geometry_source":"openstreetmap","boundary_status":"matched","zone_basis":"osm-containing-building","zone_confidence":"building-match","legal_note":"Termination of Pregnancy Act 2018 (Qld) s 14 covers the premises and places no more than 150 m from an entrance, unless another distance is prescribed. This map instead buffers the entire mapped building, so its boundary can differ from the legal zone.","osm_url":"https://www.openstreetmap.org/way/305163507","source":"openstreetmap"},"geometry":{"type":"Polygon","coordinates":[[[145.7667864,-16.9181142],[145.7668334,-16.9181739],[145.766887,-16.9181353],[145.7669508,-16.9182164],[145.7670405,-16.9181518],[145.7669234,-16.9180032],[145.7668539,-16.9180533],[145.7668042,-16.9180891],[145.7668104,-16.9180969],[145.7667864,-16.9181142]]]}},{"type":"Feature","properties":{"id":"supplemental-qld-4f783df1cb0b2dbf","name":"Walton Bridge Medical Centre","category":"doctor","category_label":"Doctor / general practice","service_type":"Pregnancy termination","suburb":"","state":"QLD","postcode":"4061","appointment_required":false,"geometry_source":"openstreetmap","boundary_status":"matched","zone_basis":"osm-containing-building","zone_confidence":"building-match","legal_note":"Termination of Pregnancy Act 2018 (Qld) s 14 covers the premises and places no more than 150 m from an entrance, unless another distance is prescribed. This map instead buffers the entire mapped building, so its boundary can differ from the legal zone.","osm_url":"https://www.openstreetmap.org/way/795851276","source":"openstreetmap"},"geometry":{"type":"Polygon","coordinates":[[[152.9528995,-27.4451479],[152.9528899,-27.4453799],[152.9528846,-27.4455023],[152.9529212,-27.4455032],[152.9529199,-27.4455272],[152.9531655,-27.4455389],[152.9531628,-27.4456365],[152.9533645,-27.4456471],[152.9534039,-27.4455122],[152.9533065,-27.4454912],[152.9533194,-27.4452121],[152.9532045,-27.4452062],[152.9532039,-27.4452315],[152.9531772,-27.4452308],[152.9531782,-27.4451931],[152.9529753,-27.4451832],[152.952978,-27.4451286],[152.9529376,-27.4451279],[152.9529171,-27.4451281],[152.9529164,-27.4451484],[152.9528995,-27.4451479]]]}},{"type":"Feature","properties":{"id":"supplemental-qld-35529f7f714612a8","name":"Warner Family Medical Practice","category":"doctor","category_label":"Doctor / general practice","service_type":"Pregnancy termination","suburb":"","state":"QLD","postcode":"4500","appointment_required":false,"geometry_source":"openstreetmap","boundary_status":"matched","zone_basis":"osm-containing-building","zone_confidence":"building-match","legal_note":"Termination of Pregnancy Act 2018 (Qld) s 14 covers the premises and places no more than 150 m from an entrance, unless another distance is prescribed. This map instead buffers the entire mapped building, so its boundary can differ from the legal zone.","osm_url":"https://www.openstreetmap.org/way/982168571","source":"openstreetmap"},"geometry":{"type":"Polygon","coordinates":[[[152.9526958,-27.2919062],[152.9526286,-27.2918956],[152.9526298,-27.2918898],[152.9525159,-27.2918718],[152.9524544,-27.2917972],[152.9524662,-27.2917411],[152.9524428,-27.2917372],[152.9524516,-27.2916953],[152.952435,-27.2916925],[152.9524175,-27.2916263],[152.9524122,-27.2915814],[152.9524161,-27.2915614],[152.9524556,-27.2915675],[152.9524599,-27.2915447],[152.9526445,-27.2915728],[152.9526212,-27.2916934],[152.9526243,-27.2916973],[152.9526311,-27.291693],[152.9526549,-27.2917229],[152.9526448,-27.2917293],[152.9526468,-27.2917317],[152.9527473,-27.2917475],[152.9527166,-27.2919026],[152.9526972,-27.2918995],[152.9526958,-27.2919062]]]}},{"type":"Feature","properties":{"id":"supplemental-qld-6ea4d7c7cb114fae","name":"Weipa Integrated Health Service","category":"doctor","category_label":"Doctor / general practice","service_type":"Pregnancy termination","suburb":"","state":"QLD","postcode":"4874","appointment_required":false,"geometry_source":"openstreetmap","boundary_status":"matched","zone_basis":"osm-containing-building","zone_confidence":"building-match","legal_note":"Termination of Pregnancy Act 2018 (Qld) s 14 covers the premises and places no more than 150 m from an entrance, unless another distance is prescribed. This map instead buffers the entire mapped building, so its boundary can differ from the legal zone.","osm_url":"https://www.openstreetmap.org/way/337014626","source":"openstreetmap"},"geometry":{"type":"Polygon","coordinates":[[[141.864649,-12.6408607],[141.8648385,-12.6408603],[141.8648389,-12.641003],[141.8646606,-12.6410034],[141.8646605,-12.6409729],[141.864619,-12.640973],[141.8646188,-12.6408865],[141.8646491,-12.6408864],[141.864649,-12.6408607]]]}},{"type":"Feature","properties":{"id":"supplemental-qld-f491882eca04839e","name":"Whitsunday Doctors Service","category":"doctor","category_label":"Doctor / general practice","service_type":"Pregnancy termination","suburb":"","state":"QLD","postcode":"4802","appointment_required":false,"geometry_source":"openstreetmap","boundary_status":"matched","zone_basis":"osm-containing-building","zone_confidence":"building-match","legal_note":"Termination of Pregnancy Act 2018 (Qld) s 14 covers the premises and places no more than 150 m from an entrance, unless another distance is prescribed. This map instead buffers the entire mapped building, so its boundary can differ from the legal zone.","osm_url":"https://www.openstreetmap.org/way/745638847","source":"openstreetmap"},"geometry":{"type":"Polygon","coordinates":[[[148.7166289,-20.2674856],[148.7167746,-20.2675476],[148.716647,-20.26781],[148.7165032,-20.2677463],[148.7166289,-20.2674856]]]}},{"type":"Feature","properties":{"id":"supplemental-qld-0339e194eb870c05","name":"Women's Wellbeing","category":"doctor","category_label":"Doctor / general practice","service_type":"Pregnancy termination","suburb":"","state":"QLD","postcode":"4120","appointment_required":false,"geometry_source":"openstreetmap","boundary_status":"matched","zone_basis":"osm-containing-building","zone_confidence":"building-match","legal_note":"Termination of Pregnancy Act 2018 (Qld) s 14 covers the premises and places no more than 150 m from an entrance, unless another distance is prescribed. This map instead buffers the entire mapped building, so its boundary can differ from the legal zone.","osm_url":"https://www.openstreetmap.org/way/1484772973","source":"openstreetmap"},"geometry":{"type":"Polygon","coordinates":[[[153.0516925,-27.508871],[153.0515943,-27.5087713],[153.0515681,-27.5087903],[153.0514105,-27.5089162],[153.0515073,-27.5090145],[153.0516925,-27.508871]]]}},{"type":"Feature","properties":{"id":"supplemental-qld-3ab0d72495cb60d6","name":"Yorkeys Medical","category":"doctor","category_label":"Doctor / general practice","service_type":"Pregnancy termination","suburb":"","state":"QLD","postcode":"4878","appointment_required":false,"geometry_source":"openstreetmap","boundary_status":"matched","zone_basis":"osm-containing-building","zone_confidence":"building-match","legal_note":"Termination of Pregnancy Act 2018 (Qld) s 14 covers the premises and places no more than 150 m from an entrance, unless another distance is prescribed. This map instead buffers the entire mapped building, so its boundary can differ from the legal zone.","osm_url":"https://www.openstreetmap.org/way/273396488","source":"openstreetmap"},"geometry":{"type":"Polygon","coordinates":[[[145.7204162,-16.8114568],[145.7205719,-16.8114762],[145.7205426,-16.8117499],[145.7206818,-16.8117649],[145.7206415,-16.8121013],[145.7204967,-16.8120859],[145.7204431,-16.8125275],[145.720427,-16.8126482],[145.7202821,-16.8126328],[145.7204162,-16.8114568]]]}},{"type":"Feature","properties":{"id":"supplemental-sa-5a8c276a847dcc7d","name":"Bridge Clinic General Practice (Murray Bridge)","category":"clinic","category_label":"Abortion clinic","service_type":"Pregnancy termination","suburb":"Murray Bridge","state":"SA","postcode":"","appointment_required":false,"geometry_source":"openstreetmap","boundary_status":"matched","zone_basis":"osm-containing-building","zone_confidence":"building-match","legal_note":"Health Care Act 2008 (SA) s 48B defines the health access zone as the protected premises plus public areas within 150 m. This map shows the full building buffer, including land that may not be a public area.","osm_url":"https://www.openstreetmap.org/way/1485543615","source":"openstreetmap"},"geometry":{"type":"Polygon","coordinates":[[[139.2725095,-35.1215759],[139.2725618,-35.1216132],[139.2724773,-35.1216867],[139.2725297,-35.1217306],[139.2723553,-35.1218875],[139.2723379,-35.1219193],[139.2723352,-35.1219555],[139.2723593,-35.1219884],[139.2723982,-35.1220015],[139.2724331,-35.122007],[139.2724666,-35.1219982],[139.2725109,-35.1219664],[139.2726637,-35.1218304],[139.2727442,-35.1218853],[139.272818,-35.121826],[139.2727938,-35.1218063],[139.272881,-35.121724],[139.2728917,-35.1217328],[139.2730473,-35.1215869],[139.2727725,-35.1213956],[139.2726108,-35.1215543],[139.2725663,-35.1215251],[139.2725095,-35.1215759]]]}},{"type":"Feature","properties":{"id":"supplemental-sa-f50e746c7e50578f","name":"Clare Hospital","category":"hospital","category_label":"Hospital","service_type":"Pregnancy termination","suburb":"","state":"SA","postcode":"","appointment_required":false,"geometry_source":"openstreetmap","boundary_status":"matched","zone_basis":"osm-containing-building","zone_confidence":"building-match","legal_note":"Health Care Act 2008 (SA) s 48B defines the health access zone as the protected premises plus public areas within 150 m. This map shows the full building buffer, including land that may not be a public area.","osm_url":"https://www.openstreetmap.org/way/975996065","source":"openstreetmap"},"geometry":{"type":"Polygon","coordinates":[[[138.615016,-33.8293775],[138.6150068,-33.8293313],[138.6150708,-33.8293226],[138.6150491,-33.8292132],[138.6149984,-33.8292202],[138.6149699,-33.8291732],[138.6146907,-33.829218],[138.6146541,-33.8290606],[138.6144575,-33.8290921],[138.6144803,-33.8291904],[138.6145223,-33.8291837],[138.6145462,-33.8292871],[138.6141525,-33.8293498],[138.6141143,-33.829184],[138.6139297,-33.8292133],[138.6139688,-33.8293833],[138.6137721,-33.8294145],[138.6138102,-33.829581],[138.6139155,-33.829558],[138.6139205,-33.8296097],[138.6141757,-33.8295575],[138.6141873,-33.8296095],[138.614224,-33.8296059],[138.6142416,-33.8296891],[138.6141997,-33.8296937],[138.6141884,-33.8296326],[138.6140495,-33.8296522],[138.6140711,-33.8297582],[138.6144264,-33.8297083],[138.6143786,-33.8294727],[138.6144669,-33.8294604],[138.6144791,-33.8295209],[138.614753,-33.8294829],[138.6147396,-33.8294156],[138.615016,-33.8293775]]]}},{"type":"Feature","properties":{"id":"supplemental-sa-8f47be58ff9d37c8","name":"Mount Barker District Soldiers' Memorial Hospital","category":"hospital","category_label":"Hospital","service_type":"Pregnancy termination","suburb":"Mount Barker","state":"SA","postcode":"","appointment_required":false,"geometry_source":"openstreetmap","boundary_status":"matched","zone_basis":"osm-containing-building","zone_confidence":"building-match","legal_note":"Health Care Act 2008 (SA) s 48B defines the health access zone as the protected premises plus public areas within 150 m. This map shows the full building buffer, including land that may not be a public area.","osm_url":"https://www.openstreetmap.org/way/1342286554","source":"openstreetmap"},"geometry":{"type":"Polygon","coordinates":[[[138.8694192,-35.0817616],[138.8693976,-35.0818297],[138.8693945,-35.0818776],[138.8694038,-35.0819255],[138.86949,-35.0819331],[138.8695021,-35.0819529],[138.8696934,-35.0819633],[138.8697334,-35.0820036],[138.869671,-35.0820526],[138.86974,-35.0821067],[138.8698105,-35.0820667],[138.8698721,-35.0821045],[138.8698382,-35.0821474],[138.8700046,-35.0822886],[138.8700077,-35.0823112],[138.8700693,-35.0823692],[138.8702018,-35.0822558],[138.8703866,-35.0823818],[138.8703342,-35.0824449],[138.8702695,-35.082397],[138.8701525,-35.0824978],[138.8701894,-35.0825306],[138.8702357,-35.0825659],[138.8702911,-35.0826088],[138.8703079,-35.0826555],[138.8704205,-35.0827626],[138.8705661,-35.0826311],[138.8704271,-35.0825216],[138.8705529,-35.0824149],[138.8706689,-35.0825033],[138.8708118,-35.082397],[138.8707594,-35.0823491],[138.8708928,-35.0822393],[138.8707951,-35.0821661],[138.870771,-35.0821481],[138.8707348,-35.0821852],[138.8706947,-35.0821574],[138.8707334,-35.0821199],[138.8705761,-35.0820021],[138.8705426,-35.0820307],[138.8705187,-35.0820119],[138.8704629,-35.0820517],[138.8705302,-35.0821082],[138.8704187,-35.0821994],[138.8703196,-35.0821248],[138.8704143,-35.0820394],[138.8703267,-35.0819735],[138.8703833,-35.0819265],[138.8703913,-35.081933],[138.8703833,-35.0819438],[138.8704399,-35.0819866],[138.8704718,-35.081959],[138.8705753,-35.0818845],[138.8705346,-35.0818396],[138.8706231,-35.0817737],[138.8704965,-35.0816687],[138.8706337,-35.08155],[138.8705452,-35.0814783],[138.8706478,-35.0813885],[138.8702895,-35.0811438],[138.8698843,-35.081424],[138.8698391,-35.0814645],[138.8698161,-35.08145],[138.8697825,-35.0814725],[138.8697949,-35.0814826],[138.8697029,-35.0815594],[138.869856,-35.0816825],[138.8699037,-35.0816441],[138.8699312,-35.0816644],[138.8699462,-35.0816564],[138.869971,-35.0816759],[138.869994,-35.0816578],[138.8700311,-35.081689],[138.8698816,-35.0818164],[138.8697454,-35.0818113],[138.869748,-35.081794],[138.8697746,-35.081794],[138.8697825,-35.0817194],[138.8695233,-35.0817006],[138.8695233,-35.0817187],[138.8694896,-35.0817172],[138.8694861,-35.0817693],[138.8694192,-35.0817616]]]}},{"type":"Feature","properties":{"id":"supplemental-sa-25da04305122fdaa","name":"Riverland General Hospital (Berri)","category":"hospital","category_label":"Hospital","service_type":"Pregnancy termination","suburb":"Berri","state":"SA","postcode":"","appointment_required":false,"geometry_source":"openstreetmap","boundary_status":"matched","zone_basis":"osm-containing-building","zone_confidence":"building-match","legal_note":"Health Care Act 2008 (SA) s 48B defines the health access zone as the protected premises plus public areas within 150 m. This map shows the full building buffer, including land that may not be a public area.","osm_url":"https://www.openstreetmap.org/way/243356757","source":"openstreetmap"},"geometry":{"type":"Polygon","coordinates":[[[140.6006323,-34.2760661],[140.6008276,-34.2760806],[140.6008226,-34.2761203],[140.6009782,-34.2761297],[140.6009795,-34.2761008],[140.6009469,-34.2760968],[140.600947,-34.2760899],[140.6009271,-34.2760793],[140.600945,-34.2760558],[140.6009244,-34.2760442],[140.6009509,-34.2760189],[140.6009349,-34.2760057],[140.6009606,-34.2759843],[140.6011263,-34.2759987],[140.6011512,-34.2760319],[140.6011272,-34.2760392],[140.6011481,-34.2760662],[140.6011236,-34.2760726],[140.6011448,-34.2761029],[140.6011156,-34.2761107],[140.6010837,-34.2761082],[140.6010813,-34.2761387],[140.6012334,-34.276155],[140.6012555,-34.2759798],[140.6011384,-34.2759706],[140.6011407,-34.2759122],[140.6008667,-34.2758921],[140.6008651,-34.2759115],[140.6008468,-34.2759102],[140.6006771,-34.2758977],[140.6006922,-34.2757206],[140.601028,-34.2757498],[140.6010427,-34.2756457],[140.6010431,-34.2756227],[140.601016,-34.2756208],[140.6010128,-34.2756411],[140.6009312,-34.2756355],[140.6009336,-34.2756094],[140.6008481,-34.2756027],[140.6008517,-34.2755649],[140.6009524,-34.2755728],[140.6009567,-34.2755353],[140.6011053,-34.2755461],[140.6011135,-34.2754983],[140.6014656,-34.2755285],[140.6014455,-34.2757096],[140.6014278,-34.2757206],[140.6014278,-34.275768],[140.6015671,-34.275768],[140.6015847,-34.275768],[140.6016311,-34.2758173],[140.6016576,-34.2758611],[140.6016562,-34.2758969],[140.6016509,-34.2760291],[140.6016929,-34.2760327],[140.6016794,-34.2762028],[140.6016368,-34.2761999],[140.6015935,-34.2765986],[140.6011811,-34.2765408],[140.6011978,-34.2764028],[140.6013241,-34.2764153],[140.6013262,-34.276396],[140.6010937,-34.276368],[140.6010713,-34.2765192],[140.6010198,-34.2764984],[140.6009637,-34.2765454],[140.6008358,-34.2764658],[140.6009288,-34.2763805],[140.6009315,-34.2763594],[140.6006016,-34.2763339],[140.6006323,-34.2760661]]]}},{"type":"Feature","properties":{"id":"supplemental-tas-ba13d14b1f7af10d","name":"Aboriginal Health Service Launceston","category":"doctor","category_label":"Doctor / general practice","service_type":"Pregnancy termination","suburb":"Launceston","state":"TAS","postcode":"7250","appointment_required":false,"geometry_source":"openstreetmap","boundary_status":"matched","zone_basis":"osm-containing-building","zone_confidence":"building-match","legal_note":"Reproductive Health (Access to Terminations) Act 2013 (Tas) s 9 defines the access zone as the area within a 150 m radius of premises where terminations are provided. This map uses the mapped building as a proxy for the legal premises.","osm_url":"https://www.openstreetmap.org/way/299397345","source":"openstreetmap"},"geometry":{"type":"Polygon","coordinates":[[[147.1391094,-41.4411963],[147.1392408,-41.441124],[147.1394233,-41.4413208],[147.1395443,-41.4414422],[147.1393969,-41.4415067],[147.1391094,-41.4411963]]]}},{"type":"Feature","properties":{"id":"supplemental-tas-31f82ce45dc8a7cd","name":"Aboriginal Health Service Nipaluna/Hobart","category":"doctor","category_label":"Doctor / general practice","service_type":"Pregnancy termination","suburb":"Hobart","state":"TAS","postcode":"7000","appointment_required":false,"geometry_source":"openstreetmap","boundary_status":"matched","zone_basis":"osm-containing-building","zone_confidence":"building-match","legal_note":"Reproductive Health (Access to Terminations) Act 2013 (Tas) s 9 defines the access zone as the area within a 150 m radius of premises where terminations are provided. This map uses the mapped building as a proxy for the legal premises.","osm_url":"https://www.openstreetmap.org/way/1147780453","source":"openstreetmap"},"geometry":{"type":"Polygon","coordinates":[[[147.3216038,-42.8788904],[147.321767,-42.8789714],[147.3217153,-42.8790129],[147.3216916,-42.8790319],[147.3216091,-42.8790982],[147.3215655,-42.8791331],[147.3214653,-42.8790665],[147.3214294,-42.8790961],[147.3214023,-42.8790784],[147.3214408,-42.8790467],[147.3214285,-42.8790386],[147.3214732,-42.8790037],[147.3215888,-42.8789138],[147.3215786,-42.8789077],[147.3216038,-42.8788904]]]}},{"type":"Feature","properties":{"id":"supplemental-tas-7a897a0ba399dbad","name":"Aboriginal Health Service Pataway/Burnie","category":"doctor","category_label":"Doctor / general practice","service_type":"Pregnancy termination","suburb":"Burnie","state":"TAS","postcode":"7320","appointment_required":false,"geometry_source":"openstreetmap","boundary_status":"matched","zone_basis":"osm-containing-building","zone_confidence":"building-match","legal_note":"Reproductive Health (Access to Terminations) Act 2013 (Tas) s 9 defines the access zone as the area within a 150 m radius of premises where terminations are provided. This map uses the mapped building as a proxy for the legal premises.","osm_url":"https://www.openstreetmap.org/way/254981535","source":"openstreetmap"},"geometry":{"type":"Polygon","coordinates":[[[145.9034526,-41.05341],[145.9034338,-41.0535004],[145.9034271,-41.0535322],[145.9034762,-41.053538],[145.9034429,-41.0536972],[145.9034992,-41.0537039],[145.9034944,-41.0537269],[145.9036971,-41.053751],[145.9037164,-41.0536586],[145.903662,-41.0536521],[145.9036812,-41.05356],[145.9036668,-41.0535582],[145.9036918,-41.0534384],[145.9035407,-41.0534205],[145.9034526,-41.05341]]]}},{"type":"Feature","properties":{"id":"supplemental-tas-62255406d8cd16b3","name":"Bass House Surgery","category":"doctor","category_label":"Doctor / general practice","service_type":"Pregnancy termination","suburb":"Burnie","state":"TAS","postcode":"7320","appointment_required":false,"geometry_source":"openstreetmap","boundary_status":"matched","zone_basis":"osm-containing-building","zone_confidence":"building-match","legal_note":"Reproductive Health (Access to Terminations) Act 2013 (Tas) s 9 defines the access zone as the area within a 150 m radius of premises where terminations are provided. This map uses the mapped building as a proxy for the legal premises.","osm_url":"https://www.openstreetmap.org/way/264431089","source":"openstreetmap"},"geometry":{"type":"Polygon","coordinates":[[[145.901141,-41.0506259],[145.9011618,-41.0504686],[145.9011925,-41.050471],[145.9014434,-41.0504898],[145.9014225,-41.0506472],[145.901141,-41.0506259]]]}},{"type":"Feature","properties":{"id":"supplemental-tas-3da4da6e9eb2b1c0","name":"Burnie General Practice","category":"doctor","category_label":"Doctor / general practice","service_type":"Pregnancy termination","suburb":"Burnie","state":"TAS","postcode":"7320","appointment_required":false,"geometry_source":"openstreetmap","boundary_status":"matched","zone_basis":"osm-containing-building","zone_confidence":"building-match","legal_note":"Reproductive Health (Access to Terminations) Act 2013 (Tas) s 9 defines the access zone as the area within a 150 m radius of premises where terminations are provided. This map uses the mapped building as a proxy for the legal premises.","osm_url":"https://www.openstreetmap.org/way/167318560","source":"openstreetmap"},"geometry":{"type":"Polygon","coordinates":[[[145.9052553,-41.0516436],[145.9052679,-41.0515835],[145.9052932,-41.0514626],[145.9057379,-41.0515156],[145.9058829,-41.0515328],[145.9058451,-41.0517137],[145.9052553,-41.0516436]]]}},{"type":"Feature","properties":{"id":"supplemental-tas-9adcfa41a340465b","name":"Clarence GP Superclinic","category":"doctor","category_label":"Doctor / general practice","service_type":"Pregnancy termination","suburb":"Rosny Park","state":"TAS","postcode":"7018","appointment_required":false,"geometry_source":"openstreetmap","boundary_status":"matched","zone_basis":"osm-containing-building","zone_confidence":"building-match","legal_note":"Reproductive Health (Access to Terminations) Act 2013 (Tas) s 9 defines the access zone as the area within a 150 m radius of premises where terminations are provided. This map uses the mapped building as a proxy for the legal premises.","osm_url":"https://www.openstreetmap.org/way/208505419","source":"openstreetmap"},"geometry":{"type":"Polygon","coordinates":[[[147.370956,-42.8665627],[147.3710066,-42.8664709],[147.3712506,-42.8665433],[147.3712716,-42.8665053],[147.3710664,-42.8664445],[147.3711195,-42.8663483],[147.3713585,-42.8664191],[147.3713755,-42.8663884],[147.3711316,-42.8663162],[147.3711859,-42.8662176],[147.3714274,-42.8662891],[147.3714442,-42.8662585],[147.3711608,-42.8661747],[147.3712175,-42.8660715],[147.3714674,-42.8661454],[147.3714578,-42.8661629],[147.3715182,-42.8661807],[147.3715241,-42.8661699],[147.3716739,-42.8662144],[147.3716667,-42.8662275],[147.3717276,-42.8662455],[147.3717352,-42.8662318],[147.3719809,-42.8663049],[147.3719296,-42.8663976],[147.3716675,-42.8663197],[147.3716472,-42.8663564],[147.3718704,-42.8664228],[147.3718171,-42.8665189],[147.371627,-42.8664623],[147.3716101,-42.866493],[147.3718072,-42.8665516],[147.3717515,-42.8666523],[147.3715416,-42.8665898],[147.3715234,-42.8666227],[147.3717677,-42.8666953],[147.3717158,-42.8667891],[147.3714117,-42.8666986],[147.371391,-42.8667359],[147.3712406,-42.8666913],[147.3712616,-42.8666534],[147.370956,-42.8665627]]]}},{"type":"Feature","properties":{"id":"supplemental-tas-916e3dfc22ca4c36","name":"Cygnet Family Practice","category":"doctor","category_label":"Doctor / general practice","service_type":"Pregnancy termination","suburb":"Cygnet","state":"TAS","postcode":"7112","appointment_required":false,"geometry_source":"openstreetmap","boundary_status":"matched","zone_basis":"osm-containing-building","zone_confidence":"building-match","legal_note":"Reproductive Health (Access to Terminations) Act 2013 (Tas) s 9 defines the access zone as the area within a 150 m radius of premises where terminations are provided. This map uses the mapped building as a proxy for the legal premises.","osm_url":"https://www.openstreetmap.org/way/1087469250","source":"openstreetmap"},"geometry":{"type":"Polygon","coordinates":[[[147.0831792,-43.162507],[147.0832616,-43.1626261],[147.0830802,-43.1626929],[147.0829978,-43.1625739],[147.0831792,-43.162507]]]}},{"type":"Feature","properties":{"id":"supplemental-tas-25fc028ebe63f1eb","name":"Deloraine Medical Centre","category":"doctor","category_label":"Doctor / general practice","service_type":"Pregnancy termination","suburb":"Deloraine","state":"TAS","postcode":"7304","appointment_required":false,"geometry_source":"openstreetmap","boundary_status":"matched","zone_basis":"osm-containing-building","zone_confidence":"building-match","legal_note":"Reproductive Health (Access to Terminations) Act 2013 (Tas) s 9 defines the access zone as the area within a 150 m radius of premises where terminations are provided. This map uses the mapped building as a proxy for the legal premises.","osm_url":"https://www.openstreetmap.org/way/340393315","source":"openstreetmap"},"geometry":{"type":"Polygon","coordinates":[[[146.6525849,-41.5218761],[146.6527583,-41.5218025],[146.6529549,-41.5220621],[146.6527816,-41.5221357],[146.6525849,-41.5218761]]]}},{"type":"Feature","properties":{"id":"supplemental-tas-306fe82b8a2efef8","name":"Derwent Valley Medical Centre","category":"doctor","category_label":"Doctor / general practice","service_type":"Pregnancy termination","suburb":"New Norfolk","state":"TAS","postcode":"7140","appointment_required":false,"geometry_source":"openstreetmap","boundary_status":"matched","zone_basis":"osm-containing-building","zone_confidence":"building-match","legal_note":"Reproductive Health (Access to Terminations) Act 2013 (Tas) s 9 defines the access zone as the area within a 150 m radius of premises where terminations are provided. This map uses the mapped building as a proxy for the legal premises.","osm_url":"https://www.openstreetmap.org/way/391523106","source":"openstreetmap"},"geometry":{"type":"Polygon","coordinates":[[[147.0607943,-42.7801816],[147.060891,-42.7801375],[147.0609429,-42.7801987],[147.0608916,-42.7802221],[147.0609154,-42.7802502],[147.0611725,-42.780133],[147.0611591,-42.7801171],[147.0612674,-42.7800677],[147.06136,-42.7801771],[147.0612544,-42.7802252],[147.0612387,-42.7802067],[147.0607072,-42.7804491],[147.0606425,-42.7803727],[147.0609013,-42.7802547],[147.060876,-42.7802248],[147.0608435,-42.7802397],[147.0607943,-42.7801816]]]}},{"type":"Feature","properties":{"id":"supplemental-tas-61c91eaa41969c90","name":"Don Medical Clinic","category":"clinic","category_label":"Abortion clinic","service_type":"Pregnancy termination","suburb":"Devonport","state":"TAS","postcode":"7310","appointment_required":false,"geometry_source":"openstreetmap","boundary_status":"matched","zone_basis":"osm-containing-building","zone_confidence":"building-match","legal_note":"Reproductive Health (Access to Terminations) Act 2013 (Tas) s 9 defines the access zone as the area within a 150 m radius of premises where terminations are provided. This map uses the mapped building as a proxy for the legal premises.","osm_url":"https://www.openstreetmap.org/way/451779032","source":"openstreetmap"},"geometry":{"type":"Polygon","coordinates":[[[146.3558549,-41.1758326],[146.356049,-41.1758542],[146.3560359,-41.1759206],[146.3562305,-41.1759422],[146.356245,-41.1758687],[146.3562749,-41.1757164],[146.3564109,-41.1757315],[146.3564322,-41.1756233],[146.3564379,-41.1755941],[146.3564482,-41.1755417],[146.356416,-41.1755381],[146.3564227,-41.175504],[146.3564022,-41.1755017],[146.3564103,-41.1754609],[146.3564592,-41.1754664],[146.3564619,-41.1754524],[146.3564901,-41.1754555],[146.3565323,-41.1752399],[146.356341,-41.1752187],[146.3563037,-41.1754276],[146.3562025,-41.1754178],[146.355935,-41.1753933],[146.3559335,-41.1754313],[146.3558359,-41.1754205],[146.3558001,-41.1756043],[146.3559049,-41.1756181],[146.3558549,-41.1758326]]]}},{"type":"Feature","properties":{"id":"supplemental-tas-307dd9d8f18ceac3","name":"Family Planning Tasmania Burnie","category":"clinic","category_label":"Abortion clinic","service_type":"Pregnancy termination","suburb":"Upper Burnie","state":"TAS","postcode":"7320","appointment_required":false,"geometry_source":"openstreetmap","boundary_status":"matched","zone_basis":"osm-containing-building","zone_confidence":"building-match","legal_note":"Reproductive Health (Access to Terminations) Act 2013 (Tas) s 9 defines the access zone as the area within a 150 m radius of premises where terminations are provided. This map uses the mapped building as a proxy for the legal premises.","osm_url":"https://www.openstreetmap.org/way/271056068","source":"openstreetmap"},"geometry":{"type":"Polygon","coordinates":[[[145.9011761,-41.0703291],[145.9011991,-41.0702192],[145.9013876,-41.0702416],[145.9013646,-41.0703515],[145.9011761,-41.0703291]]]}},{"type":"Feature","properties":{"id":"supplemental-tas-f40db2db5ba04e7e","name":"Family Planning Tasmania Glenorchy","category":"clinic","category_label":"Abortion clinic","service_type":"Pregnancy termination","suburb":"Glenorchy","state":"TAS","postcode":"7010","appointment_required":false,"geometry_source":"openstreetmap","boundary_status":"matched","zone_basis":"osm-containing-building","zone_confidence":"building-match","legal_note":"Reproductive Health (Access to Terminations) Act 2013 (Tas) s 9 defines the access zone as the area within a 150 m radius of premises where terminations are provided. This map uses the mapped building as a proxy for the legal premises.","osm_url":"https://www.openstreetmap.org/way/347545195","source":"openstreetmap"},"geometry":{"type":"Polygon","coordinates":[[[147.2719834,-42.8322285],[147.2720866,-42.8322775],[147.2721947,-42.8321551],[147.2720915,-42.8321061],[147.2719834,-42.8322285]]]}},{"type":"Feature","properties":{"id":"supplemental-tas-a846db2c9908e905","name":"George Town Medical Centre","category":"doctor","category_label":"Doctor / general practice","service_type":"Pregnancy termination","suburb":"George Town","state":"TAS","postcode":"7253","appointment_required":false,"geometry_source":"openstreetmap","boundary_status":"matched","zone_basis":"osm-containing-building","zone_confidence":"building-match","legal_note":"Reproductive Health (Access to Terminations) Act 2013 (Tas) s 9 defines the access zone as the area within a 150 m radius of premises where terminations are provided. This map uses the mapped building as a proxy for the legal premises.","osm_url":"https://www.openstreetmap.org/way/957496185","source":"openstreetmap"},"geometry":{"type":"Polygon","coordinates":[[[146.8213174,-41.1037226],[146.8215524,-41.1036377],[146.8214927,-41.1035439],[146.8213643,-41.1035903],[146.821344,-41.1035583],[146.8213896,-41.1035418],[146.821365,-41.103503],[146.8212992,-41.1035268],[146.8212398,-41.1034335],[146.8212027,-41.1034469],[146.8211362,-41.1033424],[146.8210333,-41.1033795],[146.8211634,-41.1035841],[146.8211925,-41.1035736],[146.8212114,-41.1036034],[146.821236,-41.1035945],[146.8213174,-41.1037226]]]}},{"type":"Feature","properties":{"id":"supplemental-tas-ec8f753798c4af34","name":"Huon Doctors","category":"doctor","category_label":"Doctor / general practice","service_type":"Pregnancy termination","suburb":"Huonville","state":"TAS","postcode":"7109","appointment_required":false,"geometry_source":"openstreetmap","boundary_status":"matched","zone_basis":"osm-containing-building","zone_confidence":"building-match","legal_note":"Reproductive Health (Access to Terminations) Act 2013 (Tas) s 9 defines the access zone as the area within a 150 m radius of premises where terminations are provided. This map uses the mapped building as a proxy for the legal premises.","osm_url":"https://www.openstreetmap.org/way/1544395726","source":"openstreetmap"},"geometry":{"type":"Polygon","coordinates":[[[147.0485815,-43.0296796],[147.0489039,-43.0297653],[147.0488602,-43.0298531],[147.0486008,-43.0297842],[147.0486119,-43.0297618],[147.0485489,-43.0297451],[147.0485815,-43.0296796]]]}},{"type":"Feature","properties":{"id":"supplemental-tas-90e2f8e38492f532","name":"Huon Valley Medical Services - Dover","category":"doctor","category_label":"Doctor / general practice","service_type":"Pregnancy termination","suburb":"Dover","state":"TAS","postcode":"7117","appointment_required":false,"geometry_source":"openstreetmap","boundary_status":"matched","zone_basis":"osm-containing-building","zone_confidence":"building-match","legal_note":"Reproductive Health (Access to Terminations) Act 2013 (Tas) s 9 defines the access zone as the area within a 150 m radius of premises where terminations are provided. This map uses the mapped building as a proxy for the legal premises.","osm_url":"https://www.openstreetmap.org/way/1460167673","source":"openstreetmap"},"geometry":{"type":"Polygon","coordinates":[[[147.0167829,-43.3140549],[147.0169364,-43.3140785],[147.0169211,-43.3141308],[147.01689,-43.314126],[147.0168796,-43.3141616],[147.0168346,-43.3141547],[147.0168237,-43.3141924],[147.0167463,-43.3141805],[147.0167829,-43.3140549]]]}},{"type":"Feature","properties":{"id":"supplemental-tas-bf68c249ce37dc2d","name":"Kingston Plaza General Practice","category":"doctor","category_label":"Doctor / general practice","service_type":"Pregnancy termination","suburb":"Kingston","state":"TAS","postcode":"7050","appointment_required":false,"geometry_source":"openstreetmap","boundary_status":"matched","zone_basis":"osm-containing-building","zone_confidence":"building-match","legal_note":"Reproductive Health (Access to Terminations) Act 2013 (Tas) s 9 defines the access zone as the area within a 150 m radius of premises where terminations are provided. This map uses the mapped building as a proxy for the legal premises.","osm_url":"https://www.openstreetmap.org/way/237603557","source":"openstreetmap"},"geometry":{"type":"Polygon","coordinates":[[[147.3118099,-42.9746586],[147.3118631,-42.9746985],[147.3118911,-42.9747868],[147.3119404,-42.9747779],[147.3119786,-42.9748846],[147.3113936,-42.9749842],[147.3113816,-42.9749355],[147.3111816,-42.9747791],[147.3112209,-42.9747186],[147.3110706,-42.9746624],[147.3110554,-42.9746726],[147.3110134,-42.9745955],[147.3106354,-42.9747224],[147.3105187,-42.9745362],[147.3107276,-42.9744019],[147.310788,-42.9744504],[147.3109638,-42.9744018],[147.3112374,-42.9742034],[147.3111682,-42.9741499],[147.3111584,-42.9741544],[147.31113,-42.9741305],[147.3112119,-42.974079],[147.3112628,-42.9740809],[147.3113155,-42.9740975],[147.3119318,-42.9745709],[147.3118099,-42.9746586]]]}},{"type":"Feature","properties":{"id":"supplemental-tas-86b73a5f788323e8","name":"Launceston General Hospital - Women's+ Clinic","category":"hospital","category_label":"Hospital","service_type":"Pregnancy termination","suburb":"Launceston","state":"TAS","postcode":"7250","appointment_required":false,"geometry_source":"openstreetmap","boundary_status":"matched","zone_basis":"osm-containing-building","zone_confidence":"building-match","legal_note":"Reproductive Health (Access to Terminations) Act 2013 (Tas) s 9 defines the access zone as the area within a 150 m radius of premises where terminations are provided. This map uses the mapped building as a proxy for the legal premises.","osm_url":"https://www.openstreetmap.org/way/87328587","source":"openstreetmap"},"geometry":{"type":"Polygon","coordinates":[[[147.1429722,-41.4470277],[147.1427475,-41.4471143],[147.1426559,-41.4470016],[147.1426055,-41.4470148],[147.1425061,-41.4468931],[147.1422694,-41.4469871],[147.1422921,-41.4470253],[147.1423592,-41.4471113],[147.1420108,-41.4472664],[147.1419349,-41.447162],[147.141914,-41.4471415],[147.1417409,-41.4472109],[147.1416937,-41.4472299],[147.1411337,-41.4474757],[147.1410551,-41.4473751],[147.1405934,-41.4475622],[147.1404902,-41.4474383],[147.1405895,-41.4473933],[147.1404564,-41.4472001],[147.1406042,-41.4471247],[147.1406516,-41.4471752],[147.140943,-41.447057],[147.1409013,-41.4469934],[147.1409077,-41.4469437],[147.1409571,-41.4469031],[147.1408396,-41.4467336],[147.141147,-41.446598],[147.1411282,-41.4465689],[147.1412434,-41.4465242],[147.1413201,-41.4466153],[147.1414327,-41.4465846],[147.1415646,-41.4465261],[147.1413794,-41.4462775],[147.1416784,-41.4461497],[147.141605,-41.4460317],[147.1423288,-41.44572],[147.1425228,-41.4459658],[147.1422748,-41.44608],[147.1425297,-41.4463965],[147.1425731,-41.4463718],[147.1425429,-41.4463322],[147.1426109,-41.4463008],[147.1426523,-41.4463447],[147.1426823,-41.4463348],[147.1427803,-41.446511],[147.1428456,-41.4466724],[147.1427088,-41.4467243],[147.1429722,-41.4470277]]]}},{"type":"Feature","properties":{"id":"supplemental-tas-4c95831ba762114a","name":"Launceston Women's Health Clinic","category":"clinic","category_label":"Abortion clinic","service_type":"Pregnancy termination","suburb":"Norwood","state":"TAS","postcode":"7250","appointment_required":false,"geometry_source":"openstreetmap","boundary_status":"matched","zone_basis":"osm-containing-building","zone_confidence":"building-match","legal_note":"Reproductive Health (Access to Terminations) Act 2013 (Tas) s 9 defines the access zone as the area within a 150 m radius of premises where terminations are provided. This map uses the mapped building as a proxy for the legal premises.","osm_url":"https://www.openstreetmap.org/way/304520632","source":"openstreetmap"},"geometry":{"type":"Polygon","coordinates":[[[147.1777816,-41.456387],[147.1779484,-41.4562875],[147.1780442,-41.4563777],[147.1778775,-41.4564772],[147.1777816,-41.456387]]]}},{"type":"Feature","properties":{"id":"supplemental-tas-6d7377f74364e154","name":"Lenah Valley Medical Centre","category":"doctor","category_label":"Doctor / general practice","service_type":"Pregnancy termination","suburb":"Lenah Valley","state":"TAS","postcode":"7009","appointment_required":false,"geometry_source":"openstreetmap","boundary_status":"matched","zone_basis":"osm-containing-building","zone_confidence":"building-match","legal_note":"Reproductive Health (Access to Terminations) Act 2013 (Tas) s 9 defines the access zone as the area within a 150 m radius of premises where terminations are provided. This map uses the mapped building as a proxy for the legal premises.","osm_url":"https://www.openstreetmap.org/way/326651748","source":"openstreetmap"},"geometry":{"type":"Polygon","coordinates":[[[147.2973734,-42.8657029],[147.2974675,-42.8657245],[147.2974634,-42.8657342],[147.2975171,-42.8657466],[147.2974713,-42.8658704],[147.2974405,-42.8658648],[147.2974411,-42.8658634],[147.2974163,-42.8658584],[147.297416,-42.8658591],[147.2973465,-42.8658451],[147.2973657,-42.865793],[147.2973376,-42.8657871],[147.2973734,-42.8657029]]]}},{"type":"Feature","properties":{"id":"supplemental-tas-3f3c87c58091c95b","name":"Mowbray Medical","category":"doctor","category_label":"Doctor / general practice","service_type":"Pregnancy termination","suburb":"Mowbray","state":"TAS","postcode":"7248","appointment_required":false,"geometry_source":"openstreetmap","boundary_status":"matched","zone_basis":"osm-containing-building","zone_confidence":"building-match","legal_note":"Reproductive Health (Access to Terminations) Act 2013 (Tas) s 9 defines the access zone as the area within a 150 m radius of premises where terminations are provided. This map uses the mapped building as a proxy for the legal premises.","osm_url":"https://www.openstreetmap.org/way/1418288398","source":"openstreetmap"},"geometry":{"type":"Polygon","coordinates":[[[147.1321577,-41.4044482],[147.1320945,-41.4043403],[147.1325168,-41.4042004],[147.1325754,-41.4042999],[147.1324945,-41.4043268],[147.1325058,-41.4043461],[147.1324682,-41.4043584],[147.1324568,-41.404339],[147.1323506,-41.4043742],[147.1323619,-41.4043935],[147.132334,-41.4044027],[147.1323278,-41.4043921],[147.1321577,-41.4044482]]]}},{"type":"Feature","properties":{"id":"supplemental-tas-7b8d5a3b86e39bb1","name":"Newstead Medical","category":"doctor","category_label":"Doctor / general practice","service_type":"Pregnancy termination","suburb":"Newstead","state":"TAS","postcode":"7250","appointment_required":false,"geometry_source":"openstreetmap","boundary_status":"matched","zone_basis":"osm-containing-building","zone_confidence":"building-match","legal_note":"Reproductive Health (Access to Terminations) Act 2013 (Tas) s 9 defines the access zone as the area within a 150 m radius of premises where terminations are provided. This map uses the mapped building as a proxy for the legal premises.","osm_url":"https://www.openstreetmap.org/way/194218229","source":"openstreetmap"},"geometry":{"type":"Polygon","coordinates":[[[147.161416,-41.4413556],[147.1612706,-41.4411894],[147.1608648,-41.4413564],[147.1609936,-41.4415292],[147.161416,-41.4413556]]]}},{"type":"Feature","properties":{"id":"supplemental-tas-8b1c7d66f9706e8d","name":"Ochre Health Medical Centre Flinders Island","category":"doctor","category_label":"Doctor / general practice","service_type":"Pregnancy termination","suburb":"Whitemark","state":"TAS","postcode":"7255","appointment_required":false,"geometry_source":"openstreetmap","boundary_status":"matched","zone_basis":"osm-containing-building","zone_confidence":"building-match","legal_note":"Reproductive Health (Access to Terminations) Act 2013 (Tas) s 9 defines the access zone as the area within a 150 m radius of premises where terminations are provided. This map uses the mapped building as a proxy for the legal premises.","osm_url":"https://www.openstreetmap.org/way/209517721","source":"openstreetmap"},"geometry":{"type":"Polygon","coordinates":[[[148.0170416,-40.1210212],[148.01712,-40.1210334],[148.0171304,-40.1209942],[148.0173199,-40.1210236],[148.0173126,-40.121051],[148.017394,-40.1210637],[148.0173698,-40.121155],[148.0173942,-40.1211588],[148.0173784,-40.1212181],[148.0173479,-40.1212133],[148.0174216,-40.1212917],[148.0174007,-40.1213032],[148.0174832,-40.1213911],[148.0173969,-40.1214385],[148.0173115,-40.1213475],[148.0171987,-40.1213301],[148.0171712,-40.1214344],[148.0174175,-40.1214724],[148.0173872,-40.121587],[148.0169327,-40.1215169],[148.0169296,-40.1215285],[148.0168632,-40.1215182],[148.0168936,-40.1214037],[148.0170161,-40.1214227],[148.0170813,-40.1211771],[148.0170034,-40.121165],[148.0170416,-40.1210212]]]}},{"type":"Feature","properties":{"id":"supplemental-tas-11b274d0cc17c4b6","name":"Ochre Health Medical Centre Hobart","category":"doctor","category_label":"Doctor / general practice","service_type":"Pregnancy termination","suburb":"Hobart","state":"TAS","postcode":"7000","appointment_required":false,"geometry_source":"openstreetmap","boundary_status":"matched","zone_basis":"osm-containing-building","zone_confidence":"building-match","legal_note":"Reproductive Health (Access to Terminations) Act 2013 (Tas) s 9 defines the access zone as the area within a 150 m radius of premises where terminations are provided. This map uses the mapped building as a proxy for the legal premises.","osm_url":"https://www.openstreetmap.org/way/326651255","source":"openstreetmap"},"geometry":{"type":"Polygon","coordinates":[[[147.3229473,-42.8852785],[147.3231774,-42.8854349],[147.3230875,-42.885707],[147.3230842,-42.8857044],[147.3229392,-42.8858112],[147.3228591,-42.8857535],[147.3229903,-42.8856568],[147.3229772,-42.8856471],[147.322846,-42.8857438],[147.3226269,-42.8855948],[147.3226245,-42.8855714],[147.3229473,-42.8852785]]]}},{"type":"Feature","properties":{"id":"supplemental-tas-20b72c06c88b5b0f","name":"Ochre Health Medical Centre Kings Meadows","category":"doctor","category_label":"Doctor / general practice","service_type":"Pregnancy termination","suburb":"Kings Meadows","state":"TAS","postcode":"7249","appointment_required":false,"geometry_source":"openstreetmap","boundary_status":"matched","zone_basis":"osm-containing-building","zone_confidence":"building-match","legal_note":"Reproductive Health (Access to Terminations) Act 2013 (Tas) s 9 defines the access zone as the area within a 150 m radius of premises where terminations are provided. This map uses the mapped building as a proxy for the legal premises.","osm_url":"https://www.openstreetmap.org/way/297685544","source":"openstreetmap"},"geometry":{"type":"Polygon","coordinates":[[[147.1585735,-41.4653919],[147.1585542,-41.465369],[147.1585084,-41.4653914],[147.1584454,-41.4653219],[147.1585678,-41.4652551],[147.158561,-41.4652475],[147.1584455,-41.4653081],[147.158382,-41.4652376],[147.158654,-41.4650934],[147.1587089,-41.465147],[147.1587479,-41.4651292],[147.1587095,-41.4650885],[147.1588328,-41.4650295],[147.1588578,-41.4650299],[147.1588964,-41.465071],[147.1589132,-41.4650607],[147.1589932,-41.4652023],[147.1589815,-41.4652321],[147.1589335,-41.4652526],[147.1589411,-41.4652634],[147.1587867,-41.4653329],[147.1587683,-41.4653093],[147.1585735,-41.4653919]]]}},{"type":"Feature","properties":{"id":"supplemental-tas-fce0280c83796d76","name":"Port Sorell Medical Centre","category":"doctor","category_label":"Doctor / general practice","service_type":"Pregnancy termination","suburb":"Shearwater","state":"TAS","postcode":"7307","appointment_required":false,"geometry_source":"openstreetmap","boundary_status":"matched","zone_basis":"osm-containing-building","zone_confidence":"building-match","legal_note":"Reproductive Health (Access to Terminations) Act 2013 (Tas) s 9 defines the access zone as the area within a 150 m radius of premises where terminations are provided. This map uses the mapped building as a proxy for the legal premises.","osm_url":"https://www.openstreetmap.org/way/342664251","source":"openstreetmap"},"geometry":{"type":"Polygon","coordinates":[[[146.5308068,-41.1611852],[146.5307844,-41.1611814],[146.5307121,-41.1614222],[146.5308651,-41.1614482],[146.5308951,-41.1613482],[146.5309475,-41.1613571],[146.5309621,-41.1613083],[146.5309075,-41.1612991],[146.5309288,-41.1612283],[146.5309579,-41.1612333],[146.5309927,-41.1611174],[146.5308353,-41.1610906],[146.5308068,-41.1611852]]]}},{"type":"Feature","properties":{"id":"supplemental-tas-b2257e97ec0d078e","name":"Royal Hobart Hospital - Women's Clinic","category":"hospital","category_label":"Hospital","service_type":"Pregnancy termination","suburb":"Hobart","state":"TAS","postcode":"7000","appointment_required":false,"geometry_source":"openstreetmap","boundary_status":"matched","zone_basis":"osm-containing-building","zone_confidence":"building-match","legal_note":"Reproductive Health (Access to Terminations) Act 2013 (Tas) s 9 defines the access zone as the area within a 150 m radius of premises where terminations are provided. This map uses the mapped building as a proxy for the legal premises.","osm_url":"https://www.openstreetmap.org/way/1146187258","source":"openstreetmap"},"geometry":{"type":"Polygon","coordinates":[[[147.3294716,-42.8795095],[147.3295153,-42.8795392],[147.3297624,-42.8797068],[147.329522,-42.879897],[147.3295658,-42.8799267],[147.3295456,-42.8799428],[147.3294994,-42.8799114],[147.3292535,-42.880106],[147.3290256,-42.8799513],[147.329101,-42.8798916],[147.3290355,-42.8798476],[147.3291998,-42.8797163],[147.3292662,-42.8797609],[147.3292962,-42.8797372],[147.3292223,-42.8796875],[147.3293012,-42.8796244],[147.3293757,-42.8796743],[147.3295008,-42.8795753],[147.3294403,-42.8795343],[147.3294716,-42.8795095]]]}},{"type":"Feature","properties":{"id":"supplemental-tas-d8e4b7d166e92672","name":"Sorell Family Practice","category":"doctor","category_label":"Doctor / general practice","service_type":"Pregnancy termination","suburb":"Sorell","state":"TAS","postcode":"7172","appointment_required":false,"geometry_source":"openstreetmap","boundary_status":"matched","zone_basis":"osm-containing-building","zone_confidence":"building-match","legal_note":"Reproductive Health (Access to Terminations) Act 2013 (Tas) s 9 defines the access zone as the area within a 150 m radius of premises where terminations are provided. This map uses the mapped building as a proxy for the legal premises.","osm_url":"https://www.openstreetmap.org/way/112118662","source":"openstreetmap"},"geometry":{"type":"Polygon","coordinates":[[[147.5656758,-42.7824015],[147.5664443,-42.7825127],[147.5664237,-42.7825928],[147.5663869,-42.782728],[147.5662767,-42.7831476],[147.5662458,-42.7831614],[147.5661654,-42.7831515],[147.5658234,-42.7830511],[147.5658542,-42.7829773],[147.5655847,-42.7829015],[147.5655511,-42.7828602],[147.5656205,-42.782582],[147.5654855,-42.7825638],[147.565409,-42.7828173],[147.5652605,-42.7827947],[147.5653329,-42.7825223],[147.5654309,-42.7825345],[147.5654659,-42.7824097],[147.5656036,-42.7824293],[147.5656758,-42.7824015]]]}},{"type":"Feature","properties":{"id":"supplemental-tas-217a9a0215e26ac9","name":"Tasmanian Early Pregnancy Support Service/Brighton Regional Doctors","category":"doctor","category_label":"Doctor / general practice","service_type":"Pregnancy termination","suburb":"Brighton","state":"TAS","postcode":"7030","appointment_required":false,"geometry_source":"openstreetmap","boundary_status":"matched","zone_basis":"osm-containing-building","zone_confidence":"building-match","legal_note":"Reproductive Health (Access to Terminations) Act 2013 (Tas) s 9 defines the access zone as the area within a 150 m radius of premises where terminations are provided. This map uses the mapped building as a proxy for the legal premises.","osm_url":"https://www.openstreetmap.org/way/1354336065","source":"openstreetmap"},"geometry":{"type":"Polygon","coordinates":[[[147.2537577,-42.6958915],[147.2538619,-42.695906],[147.2538669,-42.6958869],[147.2540021,-42.6959056],[147.2539967,-42.695927],[147.2540072,-42.6959284],[147.2540126,-42.6959068],[147.2541956,-42.6959316],[147.254193,-42.695942],[147.2542655,-42.6959518],[147.2542563,-42.6959889],[147.2543682,-42.696004],[147.2543931,-42.6960176],[147.2544149,-42.695996],[147.2545124,-42.6960491],[147.2544251,-42.6961357],[147.2543478,-42.6960936],[147.2543442,-42.6961072],[147.2541519,-42.6960796],[147.2541492,-42.6960897],[147.2539771,-42.6960651],[147.2539848,-42.6960359],[147.2539662,-42.6960333],[147.2539588,-42.6960613],[147.2538277,-42.6960427],[147.2538344,-42.696017],[147.253821,-42.6960151],[147.2538184,-42.6960253],[147.2537264,-42.6960124],[147.2537577,-42.6958915]]]}},{"type":"Feature","properties":{"id":"supplemental-tas-f590d22a5c308dc0","name":"TasWomen (by TasOGS)","category":"doctor","category_label":"Doctor / general practice","service_type":"Pregnancy termination","suburb":"Hobart","state":"TAS","postcode":"7000","appointment_required":false,"geometry_source":"openstreetmap","boundary_status":"matched","zone_basis":"osm-containing-building","zone_confidence":"building-match","legal_note":"Reproductive Health (Access to Terminations) Act 2013 (Tas) s 9 defines the access zone as the area within a 150 m radius of premises where terminations are provided. This map uses the mapped building as a proxy for the legal premises.","osm_url":"https://www.openstreetmap.org/way/323035625","source":"openstreetmap"},"geometry":{"type":"Polygon","coordinates":[[[147.3308744,-42.8814433],[147.3307028,-42.8815199],[147.3306309,-42.881557],[147.3302924,-42.8813195],[147.3304387,-42.8812279],[147.3305568,-42.8811791],[147.330662,-42.8813074],[147.3307553,-42.8812694],[147.330796,-42.881323],[147.3308744,-42.8814433]]]}},{"type":"Feature","properties":{"id":"supplemental-tas-1761ef899d5f9c59","name":"The Bubble Launceston","category":"doctor","category_label":"Doctor / general practice","service_type":"Pregnancy termination","suburb":"Launceston","state":"TAS","postcode":"7250","appointment_required":false,"geometry_source":"openstreetmap","boundary_status":"matched","zone_basis":"osm-containing-building","zone_confidence":"building-match","legal_note":"Reproductive Health (Access to Terminations) Act 2013 (Tas) s 9 defines the access zone as the area within a 150 m radius of premises where terminations are provided. This map uses the mapped building as a proxy for the legal premises.","osm_url":"https://www.openstreetmap.org/way/274259716","source":"openstreetmap"},"geometry":{"type":"Polygon","coordinates":[[[147.143727,-41.4344993],[147.1439857,-41.4346573],[147.1438732,-41.4347608],[147.1436146,-41.4346028],[147.143727,-41.4344993]]]}},{"type":"Feature","properties":{"id":"supplemental-tas-a144a859b063a6f3","name":"West Tamar Health","category":"doctor","category_label":"Doctor / general practice","service_type":"Pregnancy termination","suburb":"Riverside","state":"TAS","postcode":"7250","appointment_required":false,"geometry_source":"openstreetmap","boundary_status":"matched","zone_basis":"osm-containing-building","zone_confidence":"building-match","legal_note":"Reproductive Health (Access to Terminations) Act 2013 (Tas) s 9 defines the access zone as the area within a 150 m radius of premises where terminations are provided. This map uses the mapped building as a proxy for the legal premises.","osm_url":"https://www.openstreetmap.org/way/660834287","source":"openstreetmap"},"geometry":{"type":"Polygon","coordinates":[[[147.0939477,-41.4004876],[147.0938332,-41.400599],[147.0940504,-41.4007259],[147.0940603,-41.4007188],[147.0941709,-41.4008098],[147.0943174,-41.4009187],[147.0944533,-41.4009616],[147.094552,-41.4008896],[147.0944133,-41.4007924],[147.0943959,-41.4007784],[147.0941686,-41.4006108],[147.0939477,-41.4004876]]]}},{"type":"Feature","properties":{"id":"supplemental-tas-8890496a49ee473e","name":"Your Hobart Doctor","category":"doctor","category_label":"Doctor / general practice","service_type":"Pregnancy termination","suburb":"Hobart","state":"TAS","postcode":"7000","appointment_required":false,"geometry_source":"openstreetmap","boundary_status":"matched","zone_basis":"osm-containing-building","zone_confidence":"building-match","legal_note":"Reproductive Health (Access to Terminations) Act 2013 (Tas) s 9 defines the access zone as the area within a 150 m radius of premises where terminations are provided. This map uses the mapped building as a proxy for the legal premises.","osm_url":"https://www.openstreetmap.org/way/1077650135","source":"openstreetmap"},"geometry":{"type":"Polygon","coordinates":[[[147.3265624,-42.8796879],[147.3262239,-42.8799396],[147.3264669,-42.8801215],[147.326802,-42.8798741],[147.3265624,-42.8796879]]]}},{"type":"Feature","properties":{"id":"supplemental-vic-bdd1d5d69ad5a800","name":"Airlie Women's Clinic","category":"clinic","category_label":"Abortion clinic","service_type":"Pregnancy termination","suburb":"Prahran","state":"VIC","postcode":"3181","appointment_required":false,"geometry_source":"openstreetmap","boundary_status":"matched","zone_basis":"osm-containing-building","zone_confidence":"building-match","legal_note":"Public Health and Wellbeing Act 2008 (Vic) s 185B defines the safe access zone as the area within a 150 m radius of premises where abortions are provided, excluding pharmacies. This map uses the mapped building as a proxy for the legal premises.","osm_url":"https://www.openstreetmap.org/way/1453010993","source":"openstreetmap"},"geometry":{"type":"Polygon","coordinates":[[[145.0088561,-37.8546004],[145.0086525,-37.8545741],[145.0086604,-37.8545364],[145.0086217,-37.8545314],[145.0086281,-37.8545005],[145.008604,-37.8544974],[145.008614,-37.8544491],[145.0087368,-37.854465],[145.008739,-37.8544544],[145.0087937,-37.8544615],[145.0087915,-37.8544721],[145.008842,-37.8544787],[145.0088296,-37.8545383],[145.0089154,-37.8545495],[145.008913,-37.8545612],[145.0089228,-37.8545624],[145.0089117,-37.8546159],[145.0088544,-37.8546085],[145.0088561,-37.8546004]]]}},{"type":"Feature","properties":{"id":"supplemental-vic-e4ac86b52261e674","name":"Anglesea Medical","category":"doctor","category_label":"Doctor / general practice","service_type":"Pregnancy termination","suburb":"Anglesea","state":"VIC","postcode":"3230","appointment_required":false,"geometry_source":"openstreetmap","boundary_status":"matched","zone_basis":"osm-containing-building","zone_confidence":"building-match","legal_note":"Public Health and Wellbeing Act 2008 (Vic) s 185B defines the safe access zone as the area within a 150 m radius of premises where abortions are provided, excluding pharmacies. This map uses the mapped building as a proxy for the legal premises.","osm_url":"https://www.openstreetmap.org/way/365228281","source":"openstreetmap"},"geometry":{"type":"Polygon","coordinates":[[[144.1843173,-38.4097136],[144.1844037,-38.4098906],[144.184694,-38.4098037],[144.1846729,-38.4097605],[144.1846362,-38.4097715],[144.1846005,-38.4096983],[144.184648,-38.4096841],[144.1846184,-38.4096234],[144.1843173,-38.4097136]]]}},{"type":"Feature","properties":{"id":"supplemental-vic-890e9082ecf762c7","name":"Ballarat Community Health (Ararat)","category":"doctor","category_label":"Doctor / general practice","service_type":"Pregnancy termination","suburb":"Ararat","state":"VIC","postcode":"3377","appointment_required":false,"geometry_source":"openstreetmap","boundary_status":"matched","zone_basis":"osm-containing-building","zone_confidence":"building-match","legal_note":"Public Health and Wellbeing Act 2008 (Vic) s 185B defines the safe access zone as the area within a 150 m radius of premises where abortions are provided, excluding pharmacies. This map uses the mapped building as a proxy for the legal premises.","osm_url":"https://www.openstreetmap.org/way/952999282","source":"openstreetmap"},"geometry":{"type":"Polygon","coordinates":[[[142.9318163,-37.2845697],[142.9316891,-37.2845553],[142.9316822,-37.2845935],[142.9315801,-37.284582],[142.9315708,-37.2846338],[142.9315875,-37.2846357],[142.931586,-37.284644],[142.9316885,-37.2846556],[142.9317987,-37.2846681],[142.9318163,-37.2845697]]]}},{"type":"Feature","properties":{"id":"supplemental-vic-4ce33fde3e86a5f8","name":"Ballarat Community Health (Lucas)","category":"doctor","category_label":"Doctor / general practice","service_type":"Pregnancy termination","suburb":"Lucas","state":"VIC","postcode":"3350","appointment_required":false,"geometry_source":"openstreetmap","boundary_status":"matched","zone_basis":"osm-containing-building","zone_confidence":"building-match","legal_note":"Public Health and Wellbeing Act 2008 (Vic) s 185B defines the safe access zone as the area within a 150 m radius of premises where abortions are provided, excluding pharmacies. This map uses the mapped building as a proxy for the legal premises.","osm_url":"https://www.openstreetmap.org/way/240342049","source":"openstreetmap"},"geometry":{"type":"Polygon","coordinates":[[[143.7864889,-37.5431217],[143.7863504,-37.5439491],[143.7861273,-37.543921],[143.7860249,-37.5439087],[143.7859161,-37.5438961],[143.7853222,-37.5438295],[143.7853393,-37.5437319],[143.785349,-37.5436821],[143.78536,-37.5436229],[143.7853914,-37.5436264],[143.7854006,-37.5435704],[143.7855709,-37.5435908],[143.7856385,-37.5432287],[143.7856581,-37.5431225],[143.7860245,-37.54316],[143.7860438,-37.5430729],[143.7862299,-37.5430964],[143.7862243,-37.543143],[143.7863821,-37.543161],[143.7863919,-37.5431127],[143.7864889,-37.5431217]]]}},{"type":"Feature","properties":{"id":"supplemental-vic-83d697c2edf5ce46","name":"Ballarat Health Services Choices Clinic","category":"clinic","category_label":"Abortion clinic","service_type":"Pregnancy termination","suburb":"Ballarat","state":"VIC","postcode":"3350","appointment_required":false,"geometry_source":"openstreetmap","boundary_status":"matched","zone_basis":"osm-containing-building","zone_confidence":"building-match","legal_note":"Public Health and Wellbeing Act 2008 (Vic) s 185B defines the safe access zone as the area within a 150 m radius of premises where abortions are provided, excluding pharmacies. This map uses the mapped building as a proxy for the legal premises.","osm_url":"https://www.openstreetmap.org/way/150909207","source":"openstreetmap"},"geometry":{"type":"Polygon","coordinates":[[[143.8466118,-37.5630805],[143.8468122,-37.5631037],[143.8467884,-37.5632332],[143.846588,-37.56321],[143.8466118,-37.5630805]]]}},{"type":"Feature","properties":{"id":"supplemental-vic-a8dd3b01c060cfaa","name":"Barwon Health Choices Clinic","category":"clinic","category_label":"Abortion clinic","service_type":"Pregnancy termination","suburb":"Geelong","state":"VIC","postcode":"3220","appointment_required":false,"geometry_source":"openstreetmap","boundary_status":"matched","zone_basis":"osm-containing-building","zone_confidence":"building-match","legal_note":"Public Health and Wellbeing Act 2008 (Vic) s 185B defines the safe access zone as the area within a 150 m radius of premises where abortions are provided, excluding pharmacies. This map uses the mapped building as a proxy for the legal premises.","osm_url":"https://www.openstreetmap.org/way/266724974","source":"openstreetmap"},"geometry":{"type":"Polygon","coordinates":[[[144.3640812,-38.1519103],[144.3640741,-38.151926],[144.3640634,-38.1519499],[144.3640532,-38.1519471],[144.364042,-38.1519721],[144.3640326,-38.1519694],[144.3640231,-38.1519906],[144.3640016,-38.1519846],[144.3639817,-38.152029],[144.3637562,-38.1519662],[144.3637769,-38.1519199],[144.3637315,-38.1519073],[144.3637697,-38.1518218],[144.3637719,-38.1518224],[144.3640812,-38.1519103]]]}},{"type":"Feature","properties":{"id":"supplemental-vic-32387e30ff0d819d","name":"Bendigo Community Health Services (Bendigo)","category":"doctor","category_label":"Doctor / general practice","service_type":"Pregnancy termination","suburb":"Bendigo","state":"VIC","postcode":"3550","appointment_required":false,"geometry_source":"openstreetmap","boundary_status":"matched","zone_basis":"osm-containing-building","zone_confidence":"building-match","legal_note":"Public Health and Wellbeing Act 2008 (Vic) s 185B defines the safe access zone as the area within a 150 m radius of premises where abortions are provided, excluding pharmacies. This map uses the mapped building as a proxy for the legal premises.","osm_url":"https://www.openstreetmap.org/way/835692261","source":"openstreetmap"},"geometry":{"type":"Polygon","coordinates":[[[144.2821316,-36.7576203],[144.2818893,-36.7574114],[144.2819923,-36.7573354],[144.2822335,-36.7575451],[144.2821979,-36.7575714],[144.2821316,-36.7576203]]]}},{"type":"Feature","properties":{"id":"supplemental-vic-93c18d602fabf66f","name":"Box Hill Family Clinic","category":"clinic","category_label":"Abortion clinic","service_type":"Pregnancy termination","suburb":"Box Hill","state":"VIC","postcode":"3128","appointment_required":false,"geometry_source":"openstreetmap","boundary_status":"matched","zone_basis":"osm-containing-building","zone_confidence":"building-match","legal_note":"Public Health and Wellbeing Act 2008 (Vic) s 185B defines the safe access zone as the area within a 150 m radius of premises where abortions are provided, excluding pharmacies. This map uses the mapped building as a proxy for the legal premises.","osm_url":"https://www.openstreetmap.org/way/712611698","source":"openstreetmap"},"geometry":{"type":"Polygon","coordinates":[[[145.1258738,-37.8201068],[145.1260422,-37.8201255],[145.1260391,-37.8201488],[145.1260118,-37.8203522],[145.1260052,-37.8204021],[145.1258233,-37.8203808],[145.1258738,-37.8201068]]]}},{"type":"Feature","properties":{"id":"supplemental-vic-c83739b277daa491","name":"Campaspe Family Practice","category":"doctor","category_label":"Doctor / general practice","service_type":"Pregnancy termination","suburb":"Kyneton","state":"VIC","postcode":"3444","appointment_required":false,"geometry_source":"openstreetmap","boundary_status":"matched","zone_basis":"osm-containing-building","zone_confidence":"building-match","legal_note":"Public Health and Wellbeing Act 2008 (Vic) s 185B defines the safe access zone as the area within a 150 m radius of premises where abortions are provided, excluding pharmacies. This map uses the mapped building as a proxy for the legal premises.","osm_url":"https://www.openstreetmap.org/way/59032703","source":"openstreetmap"},"geometry":{"type":"Polygon","coordinates":[[[144.4694688,-37.2539978],[144.4696366,-37.2538473],[144.46997,-37.2540614],[144.4700175,-37.2537082],[144.4701462,-37.253721],[144.4700903,-37.2541193],[144.4703876,-37.2539423],[144.4705004,-37.2540546],[144.4701999,-37.2542548],[144.4706269,-37.2545619],[144.4705637,-37.2548373],[144.4703535,-37.2548139],[144.4703205,-37.2547897],[144.4703044,-37.2547609],[144.4703442,-37.2546148],[144.4701975,-37.2546253],[144.4701182,-37.2546082],[144.4700441,-37.2543971],[144.4698735,-37.2546304],[144.4696902,-37.2545494],[144.4697493,-37.2544725],[144.4696795,-37.2544384],[144.4693791,-37.2544896],[144.4693255,-37.2543103],[144.4697814,-37.2542292],[144.4694688,-37.2539978]]]}},{"type":"Feature","properties":{"id":"supplemental-vic-d5733ef166bc59b6","name":"CBD Doctors","category":"doctor","category_label":"Doctor / general practice","service_type":"Pregnancy termination","suburb":"Melbourne","state":"VIC","postcode":"3000","appointment_required":false,"geometry_source":"openstreetmap","boundary_status":"matched","zone_basis":"osm-containing-building","zone_confidence":"building-match","legal_note":"Public Health and Wellbeing Act 2008 (Vic) s 185B defines the safe access zone as the area within a 150 m radius of premises where abortions are provided, excluding pharmacies. This map uses the mapped building as a proxy for the legal premises.","osm_url":"https://www.openstreetmap.org/way/309326022","source":"openstreetmap"},"geometry":{"type":"Polygon","coordinates":[[[144.9615012,-37.817528],[144.961483,-37.8174936],[144.961645,-37.8174471],[144.9618143,-37.8178065],[144.9615273,-37.817888],[144.9613771,-37.8175672],[144.9615012,-37.817528]]]}},{"type":"Feature","properties":{"id":"supplemental-vic-0149def96aa085c4","name":"Clifton Hill Medical Group","category":"doctor","category_label":"Doctor / general practice","service_type":"Pregnancy termination","suburb":"Fitzroy North","state":"VIC","postcode":"3068","appointment_required":false,"geometry_source":"openstreetmap","boundary_status":"matched","zone_basis":"osm-containing-building","zone_confidence":"building-match","legal_note":"Public Health and Wellbeing Act 2008 (Vic) s 185B defines the safe access zone as the area within a 150 m radius of premises where abortions are provided, excluding pharmacies. This map uses the mapped building as a proxy for the legal premises.","osm_url":"https://www.openstreetmap.org/way/1474326219","source":"openstreetmap"},"geometry":{"type":"Polygon","coordinates":[[[144.9876466,-37.7893262],[144.9877045,-37.7893021],[144.9877491,-37.7893688],[144.9877313,-37.7893762],[144.9877821,-37.7894523],[144.987788,-37.7894498],[144.9878244,-37.7895043],[144.9877784,-37.7895235],[144.9877821,-37.789529],[144.9877152,-37.7895569],[144.9876827,-37.7895082],[144.9876485,-37.7895225],[144.987617,-37.7894754],[144.9876512,-37.7894612],[144.9875753,-37.7893474],[144.9876421,-37.7893195],[144.9876466,-37.7893262]]]}},{"type":"Feature","properties":{"id":"supplemental-vic-bfbfe5ecc4fa214b","name":"Cohealth (Joslin Clinic) West Footscray site","category":"clinic","category_label":"Abortion clinic","service_type":"Pregnancy termination","suburb":"West Footscray","state":"VIC","postcode":"3012","appointment_required":false,"geometry_source":"openstreetmap","boundary_status":"matched","zone_basis":"osm-containing-building","zone_confidence":"building-match","legal_note":"Public Health and Wellbeing Act 2008 (Vic) s 185B defines the safe access zone as the area within a 150 m radius of premises where abortions are provided, excluding pharmacies. This map uses the mapped building as a proxy for the legal premises.","osm_url":"https://www.openstreetmap.org/way/1088103063","source":"openstreetmap"},"geometry":{"type":"Polygon","coordinates":[[[144.8756559,-37.7973015],[144.8756021,-37.7975944],[144.8757334,-37.7976095],[144.875745,-37.7975464],[144.8757327,-37.797545],[144.875775,-37.7973151],[144.8756559,-37.7973015]]]}},{"type":"Feature","properties":{"id":"supplemental-vic-0bdabad4567cc8bc","name":"Cohealth Fitzroy","category":"doctor","category_label":"Doctor / general practice","service_type":"Pregnancy termination","suburb":"Fitzroy","state":"VIC","postcode":"3065","appointment_required":false,"geometry_source":"openstreetmap","boundary_status":"matched","zone_basis":"osm-containing-building","zone_confidence":"building-match","legal_note":"Public Health and Wellbeing Act 2008 (Vic) s 185B defines the safe access zone as the area within a 150 m radius of premises where abortions are provided, excluding pharmacies. This map uses the mapped building as a proxy for the legal premises.","osm_url":"https://www.openstreetmap.org/way/1061910350","source":"openstreetmap"},"geometry":{"type":"Polygon","coordinates":[[[144.9771682,-37.8052789],[144.9771744,-37.805241],[144.9771948,-37.8051157],[144.9770471,-37.8051007],[144.9768413,-37.8050795],[144.976814,-37.8052416],[144.9768204,-37.8052423],[144.9769003,-37.8052507],[144.9771682,-37.8052789]]]}},{"type":"Feature","properties":{"id":"supplemental-vic-df36a856fd9f28c7","name":"Cohealth Laverton","category":"doctor","category_label":"Doctor / general practice","service_type":"Pregnancy termination","suburb":"Laverton","state":"VIC","postcode":"3028","appointment_required":false,"geometry_source":"openstreetmap","boundary_status":"matched","zone_basis":"osm-containing-building","zone_confidence":"building-match","legal_note":"Public Health and Wellbeing Act 2008 (Vic) s 185B defines the safe access zone as the area within a 150 m radius of premises where abortions are provided, excluding pharmacies. This map uses the mapped building as a proxy for the legal premises.","osm_url":"https://www.openstreetmap.org/way/675839753","source":"openstreetmap"},"geometry":{"type":"Polygon","coordinates":[[[144.7691014,-37.8655323],[144.7689003,-37.8655831],[144.7688379,-37.8654497],[144.7688218,-37.8653719],[144.7687072,-37.8654026],[144.768736,-37.8654751],[144.7687192,-37.8656313],[144.7686153,-37.8656223],[144.7685911,-37.8658404],[144.7686072,-37.8658579],[144.7685945,-37.8659521],[144.7684966,-37.8660162],[144.7683558,-37.8660045],[144.7682679,-37.8659145],[144.7682767,-37.8658457],[144.7683162,-37.8658203],[144.7683122,-37.8658081],[144.7683565,-37.8657795],[144.7683705,-37.8655842],[144.7683343,-37.8655365],[144.7683608,-37.8653553],[144.7685712,-37.8653007],[144.7691671,-37.8651507],[144.7691936,-37.8651655],[144.7690465,-37.8653994],[144.7691014,-37.8655323]]]}},{"type":"Feature","properties":{"id":"supplemental-vic-6ebf323e1d0f2a83","name":"Collingwood Medical","category":"doctor","category_label":"Doctor / general practice","service_type":"Pregnancy termination","suburb":"Collingwood","state":"VIC","postcode":"3066","appointment_required":false,"geometry_source":"openstreetmap","boundary_status":"matched","zone_basis":"osm-containing-building","zone_confidence":"building-match","legal_note":"Public Health and Wellbeing Act 2008 (Vic) s 185B defines the safe access zone as the area within a 150 m radius of premises where abortions are provided, excluding pharmacies. This map uses the mapped building as a proxy for the legal premises.","osm_url":"https://www.openstreetmap.org/way/306960087","source":"openstreetmap"},"geometry":{"type":"Polygon","coordinates":[[[144.9866707,-37.8068806],[144.9866548,-37.8069793],[144.9861345,-37.8069267],[144.9861518,-37.8068195],[144.9865252,-37.8068572],[144.9865473,-37.8067208],[144.9868786,-37.8067543],[144.9868645,-37.8068416],[144.9868623,-37.8068553],[144.9867123,-37.8068401],[144.9867052,-37.8068841],[144.9866707,-37.8068806]]]}},{"type":"Feature","properties":{"id":"supplemental-vic-fb7fb7f4450a979d","name":"Completely Well Woman","category":"doctor","category_label":"Doctor / general practice","service_type":"Pregnancy termination","suburb":"North Melbourne","state":"VIC","postcode":"3051","appointment_required":false,"geometry_source":"openstreetmap","boundary_status":"matched","zone_basis":"osm-containing-building","zone_confidence":"building-match","legal_note":"Public Health and Wellbeing Act 2008 (Vic) s 185B defines the safe access zone as the area within a 150 m radius of premises where abortions are provided, excluding pharmacies. This map uses the mapped building as a proxy for the legal premises.","osm_url":"https://www.openstreetmap.org/way/1126925564","source":"openstreetmap"},"geometry":{"type":"Polygon","coordinates":[[[144.9526339,-37.8043502],[144.952607,-37.8043471],[144.9526187,-37.8042829],[144.9528009,-37.8043035],[144.9527893,-37.8043677],[144.9526988,-37.8043575],[144.9526339,-37.8043502]]]}},{"type":"Feature","properties":{"id":"supplemental-vic-70950a3c83a8ba5f","name":"Corangamite Clinic","category":"clinic","category_label":"Abortion clinic","service_type":"Pregnancy termination","suburb":"Colac","state":"VIC","postcode":"3250","appointment_required":false,"geometry_source":"openstreetmap","boundary_status":"matched","zone_basis":"osm-containing-building","zone_confidence":"building-match","legal_note":"Public Health and Wellbeing Act 2008 (Vic) s 185B defines the safe access zone as the area within a 150 m radius of premises where abortions are provided, excluding pharmacies. This map uses the mapped building as a proxy for the legal premises.","osm_url":"https://www.openstreetmap.org/way/1529013525","source":"openstreetmap"},"geometry":{"type":"Polygon","coordinates":[[[143.5817494,-38.341798],[143.5819788,-38.3418412],[143.5819135,-38.3420547],[143.5819452,-38.3420606],[143.5819157,-38.3421574],[143.5817466,-38.3421256],[143.5817644,-38.3420672],[143.5816723,-38.3420499],[143.5817494,-38.341798]]]}},{"type":"Feature","properties":{"id":"supplemental-vic-801fadceec0c5e5a","name":"Doctors of South Melbourne","category":"doctor","category_label":"Doctor / general practice","service_type":"Pregnancy termination","suburb":"South Melbourne","state":"VIC","postcode":"3205","appointment_required":false,"geometry_source":"openstreetmap","boundary_status":"matched","zone_basis":"osm-containing-building","zone_confidence":"building-match","legal_note":"Public Health and Wellbeing Act 2008 (Vic) s 185B defines the safe access zone as the area within a 150 m radius of premises where abortions are provided, excluding pharmacies. This map uses the mapped building as a proxy for the legal premises.","osm_url":"https://www.openstreetmap.org/way/1287024075","source":"openstreetmap"},"geometry":{"type":"Polygon","coordinates":[[[144.958051,-37.8329222],[144.9580742,-37.8329542],[144.9581444,-37.8329341],[144.9582194,-37.8329131],[144.9582521,-37.8329809],[144.9582823,-37.8329733],[144.9582956,-37.8329943],[144.9583114,-37.8329886],[144.9583211,-37.8330182],[144.9582097,-37.8330507],[144.9582061,-37.8330373],[144.9580367,-37.8330774],[144.9579816,-37.8329416],[144.958051,-37.8329222]]]}},{"type":"Feature","properties":{"id":"supplemental-vic-70b33cd06b078d12","name":"Euroa Medical","category":"doctor","category_label":"Doctor / general practice","service_type":"Pregnancy termination","suburb":"Euroa","state":"VIC","postcode":"3666","appointment_required":false,"geometry_source":"openstreetmap","boundary_status":"matched","zone_basis":"osm-containing-building","zone_confidence":"building-match","legal_note":"Public Health and Wellbeing Act 2008 (Vic) s 185B defines the safe access zone as the area within a 150 m radius of premises where abortions are provided, excluding pharmacies. This map uses the mapped building as a proxy for the legal premises.","osm_url":"https://www.openstreetmap.org/way/970332601","source":"openstreetmap"},"geometry":{"type":"Polygon","coordinates":[[[145.5709367,-36.7515913],[145.5708636,-36.7514745],[145.5706043,-36.7515787],[145.5706774,-36.7516955],[145.5709367,-36.7515913]]]}},{"type":"Feature","properties":{"id":"supplemental-vic-594fcdd2168a4c57","name":"First Peoples’ Health and Wellbeing","category":"doctor","category_label":"Doctor / general practice","service_type":"Pregnancy termination","suburb":"Thomastown","state":"VIC","postcode":"3074","appointment_required":false,"geometry_source":"openstreetmap","boundary_status":"matched","zone_basis":"osm-containing-building","zone_confidence":"building-match","legal_note":"Public Health and Wellbeing Act 2008 (Vic) s 185B defines the safe access zone as the area within a 150 m radius of premises where abortions are provided, excluding pharmacies. This map uses the mapped building as a proxy for the legal premises.","osm_url":"https://www.openstreetmap.org/way/539984147","source":"openstreetmap"},"geometry":{"type":"Polygon","coordinates":[[[145.0144827,-37.6756542],[145.0144452,-37.6758738],[145.0142929,-37.6758575],[145.0143305,-37.6756379],[145.0144827,-37.6756542]]]}},{"type":"Feature","properties":{"id":"supplemental-vic-fd0eb9280b6642df","name":"Gateway Health: Clinic 35 Wodonga","category":"clinic","category_label":"Abortion clinic","service_type":"Pregnancy termination","suburb":"Wodonga","state":"VIC","postcode":"3690","appointment_required":false,"geometry_source":"openstreetmap","boundary_status":"matched","zone_basis":"osm-containing-building","zone_confidence":"building-match","legal_note":"Public Health and Wellbeing Act 2008 (Vic) s 185B defines the safe access zone as the area within a 150 m radius of premises where abortions are provided, excluding pharmacies. This map uses the mapped building as a proxy for the legal premises.","osm_url":"https://www.openstreetmap.org/way/684916675","source":"openstreetmap"},"geometry":{"type":"Polygon","coordinates":[[[146.8871775,-36.1237643],[146.8876258,-36.1237579],[146.8879478,-36.1237582],[146.8879436,-36.1233887],[146.887647,-36.1233912],[146.8871747,-36.1233949],[146.8871775,-36.1237643]]]}},{"type":"Feature","properties":{"id":"supplemental-vic-8b2ee40667276fc8","name":"Hamilton Street Medical Centre","category":"doctor","category_label":"Doctor / general practice","service_type":"Pregnancy termination","suburb":"Horsham","state":"VIC","postcode":"3400","appointment_required":false,"geometry_source":"openstreetmap","boundary_status":"matched","zone_basis":"osm-containing-building","zone_confidence":"building-match","legal_note":"Public Health and Wellbeing Act 2008 (Vic) s 185B defines the safe access zone as the area within a 150 m radius of premises where abortions are provided, excluding pharmacies. This map uses the mapped building as a proxy for the legal premises.","osm_url":"https://www.openstreetmap.org/way/1350175818","source":"openstreetmap"},"geometry":{"type":"Polygon","coordinates":[[[142.2027783,-36.7180067],[142.203062,-36.7180094],[142.2030631,-36.7179358],[142.2032039,-36.7179372],[142.2032006,-36.7181663],[142.202776,-36.7181624],[142.2027783,-36.7180067]]]}},{"type":"Feature","properties":{"id":"supplemental-vic-420418f02c2fb6df","name":"Hawthorn Medical","category":"doctor","category_label":"Doctor / general practice","service_type":"Pregnancy termination","suburb":"Hawthorn","state":"VIC","postcode":"3122","appointment_required":false,"geometry_source":"openstreetmap","boundary_status":"matched","zone_basis":"osm-containing-building","zone_confidence":"building-match","legal_note":"Public Health and Wellbeing Act 2008 (Vic) s 185B defines the safe access zone as the area within a 150 m radius of premises where abortions are provided, excluding pharmacies. This map uses the mapped building as a proxy for the legal premises.","osm_url":"https://www.openstreetmap.org/way/860883535","source":"openstreetmap"},"geometry":{"type":"Polygon","coordinates":[[[145.0264744,-37.8220368],[145.0266546,-37.8220534],[145.0266935,-37.8220861],[145.0266811,-37.8221706],[145.0264577,-37.82215],[145.0264744,-37.8220368]]]}},{"type":"Feature","properties":{"id":"supplemental-vic-703bbe6332bcdfb4","name":"Knoxfield Medical Centre","category":"doctor","category_label":"Doctor / general practice","service_type":"Pregnancy termination","suburb":"Wantirna South","state":"VIC","postcode":"3152","appointment_required":false,"geometry_source":"openstreetmap","boundary_status":"matched","zone_basis":"osm-containing-building","zone_confidence":"building-match","legal_note":"Public Health and Wellbeing Act 2008 (Vic) s 185B defines the safe access zone as the area within a 150 m radius of premises where abortions are provided, excluding pharmacies. This map uses the mapped building as a proxy for the legal premises.","osm_url":"https://www.openstreetmap.org/way/1274288152","source":"openstreetmap"},"geometry":{"type":"Polygon","coordinates":[[[145.2435972,-37.8797439],[145.2434932,-37.8797428],[145.2434905,-37.8799001],[145.2435044,-37.8799003],[145.2435012,-37.8800848],[145.24368,-37.8800867],[145.243681,-37.880031],[145.2436589,-37.8800307],[145.2436604,-37.8799467],[145.2436937,-37.8799471],[145.2436949,-37.8798828],[145.2435957,-37.8798817],[145.2435962,-37.8798522],[145.2436092,-37.8798524],[145.2436103,-37.8797854],[145.2435965,-37.8797853],[145.2435972,-37.8797439]]]}},{"type":"Feature","properties":{"id":"supplemental-vic-900edc1de6b52507","name":"Lyttleton Street Medical Clinic","category":"clinic","category_label":"Abortion clinic","service_type":"Pregnancy termination","suburb":"Castlemaine","state":"VIC","postcode":"3450","appointment_required":false,"geometry_source":"openstreetmap","boundary_status":"matched","zone_basis":"osm-containing-building","zone_confidence":"building-match","legal_note":"Public Health and Wellbeing Act 2008 (Vic) s 185B defines the safe access zone as the area within a 150 m radius of premises where abortions are provided, excluding pharmacies. This map uses the mapped building as a proxy for the legal premises.","osm_url":"https://www.openstreetmap.org/way/972117635","source":"openstreetmap"},"geometry":{"type":"Polygon","coordinates":[[[144.2189467,-37.0648184],[144.2191674,-37.0648433],[144.219139,-37.0650036],[144.2189183,-37.0649787],[144.2189467,-37.0648184]]]}},{"type":"Feature","properties":{"id":"supplemental-vic-8a21789faf399447","name":"Myhealth Medical Centre Dandenong - Dr Rashmi Saluja","category":"doctor","category_label":"Doctor / general practice","service_type":"Pregnancy termination","suburb":"Dandenong","state":"VIC","postcode":"3175","appointment_required":false,"geometry_source":"openstreetmap","boundary_status":"matched","zone_basis":"osm-containing-building","zone_confidence":"building-match","legal_note":"Public Health and Wellbeing Act 2008 (Vic) s 185B defines the safe access zone as the area within a 150 m radius of premises where abortions are provided, excluding pharmacies. This map uses the mapped building as a proxy for the legal premises.","osm_url":"https://www.openstreetmap.org/way/109555499","source":"openstreetmap"},"geometry":{"type":"Polygon","coordinates":[[[145.2175507,-37.9878634],[145.2176636,-37.9879775],[145.2179609,-37.9883329],[145.2186831,-37.9879176],[145.2187665,-37.988003],[145.2187972,-37.987984],[145.2188361,-37.9880017],[145.2189386,-37.9880016],[145.2192429,-37.9878055],[145.2192579,-37.9877906],[145.2192632,-37.9877696],[145.2192603,-37.9877479],[145.219248,-37.9877068],[145.219683,-37.9874582],[145.2196581,-37.9874268],[145.2196708,-37.9874181],[145.2196824,-37.9874056],[145.2196906,-37.9873928],[145.2196941,-37.9873786],[145.2196912,-37.987364],[145.2196822,-37.9873483],[145.2196657,-37.9873324],[145.2197242,-37.9872918],[145.2193578,-37.9868944],[145.2193013,-37.9868433],[145.2175507,-37.9878634]]]}},{"type":"Feature","properties":{"id":"supplemental-vic-3919bd05f76ffe15","name":"Myhealth Medical Centre Doncaster","category":"doctor","category_label":"Doctor / general practice","service_type":"Pregnancy termination","suburb":"Doncaster","state":"VIC","postcode":"3108","appointment_required":false,"geometry_source":"openstreetmap","boundary_status":"matched","zone_basis":"osm-containing-building","zone_confidence":"building-match","legal_note":"Public Health and Wellbeing Act 2008 (Vic) s 185B defines the safe access zone as the area within a 150 m radius of premises where abortions are provided, excluding pharmacies. This map uses the mapped building as a proxy for the legal premises.","osm_url":"https://www.openstreetmap.org/way/715330268","source":"openstreetmap"},"geometry":{"type":"Polygon","coordinates":[[[145.1249727,-37.7862897],[145.1249531,-37.7862774],[145.1249603,-37.7859666],[145.1249268,-37.7859462],[145.1249108,-37.785882],[145.1247559,-37.7852616],[145.1247759,-37.7852582],[145.1249689,-37.7852259],[145.1250709,-37.7852199],[145.1250709,-37.7852335],[145.1250966,-37.7852335],[145.1251052,-37.7851521],[145.1250795,-37.7851385],[145.1250451,-37.7847654],[145.1251138,-37.7847586],[145.1251052,-37.7846976],[145.1250795,-37.7847044],[145.1250709,-37.7845823],[145.1251052,-37.7845755],[145.1251052,-37.7844669],[145.125191,-37.7844602],[145.1251825,-37.7843584],[145.125131,-37.7843584],[145.125131,-37.7842295],[145.125088,-37.7842295],[145.125088,-37.7841949],[145.1250805,-37.7841813],[145.125088,-37.784121],[145.125131,-37.784121],[145.1250966,-37.7839107],[145.1251653,-37.7839107],[145.1251639,-37.7838647],[145.1251481,-37.7833409],[145.1260322,-37.7833341],[145.1260408,-37.7837275],[145.1260665,-37.7837269],[145.1260579,-37.7834019],[145.1260557,-37.7832871],[145.126054,-37.7831977],[145.1260519,-37.783085],[145.1260507,-37.7830224],[145.1260493,-37.7829474],[145.1274306,-37.7831343],[145.1274357,-37.7833768],[145.127587,-37.7833758],[145.1275885,-37.7835253],[145.1275904,-37.7836199],[145.1275976,-37.7839845],[145.1275996,-37.7840882],[145.1276029,-37.7842566],[145.1275287,-37.7842566],[145.1273464,-37.7842567],[145.127358,-37.7848254],[145.1273911,-37.7857422],[145.1274022,-37.7861888],[145.1274075,-37.7863245],[145.12741,-37.7864455],[145.1269645,-37.7864466],[145.1269731,-37.7864126],[145.1266554,-37.7864086],[145.126663,-37.7864884],[145.1267193,-37.7864861],[145.1267274,-37.7867951],[145.1268248,-37.7867893],[145.1267961,-37.7869293],[145.1267789,-37.7869293],[145.1266845,-37.7870717],[145.1266642,-37.7870717],[145.1266307,-37.7870942],[145.1265855,-37.7871063],[145.126545,-37.7871104],[145.126284,-37.7871166],[145.1262823,-37.7870906],[145.125725,-37.787103],[145.1257252,-37.7871111],[145.1257254,-37.7871188],[145.1256052,-37.7871188],[145.1255396,-37.7871126],[145.1254451,-37.787091],[145.1253403,-37.7870452],[145.1252853,-37.7870145],[145.1252069,-37.786961],[145.1251298,-37.7868926],[145.1250939,-37.7868531],[145.1250469,-37.7867868],[145.1250269,-37.7867383],[145.1250122,-37.7866919],[145.1249918,-37.7865731],[145.1249875,-37.786524],[145.1249817,-37.7864321],[145.1249727,-37.7862897]]]}},{"type":"Feature","properties":{"id":"supplemental-vic-410a9ceba87957af","name":"MyHealth Mentone","category":"doctor","category_label":"Doctor / general practice","service_type":"Pregnancy termination","suburb":"Mentone","state":"VIC","postcode":"3194","appointment_required":false,"geometry_source":"openstreetmap","boundary_status":"matched","zone_basis":"osm-containing-building","zone_confidence":"building-match","legal_note":"Public Health and Wellbeing Act 2008 (Vic) s 185B defines the safe access zone as the area within a 150 m radius of premises where abortions are provided, excluding pharmacies. This map uses the mapped building as a proxy for the legal premises.","osm_url":"https://www.openstreetmap.org/way/303122963","source":"openstreetmap"},"geometry":{"type":"Polygon","coordinates":[[[145.0643601,-37.9828759],[145.0648116,-37.9829364],[145.0647518,-37.9836252],[145.064514,-37.9836148],[145.064513,-37.9835409],[145.0644524,-37.9835356],[145.0644547,-37.983497],[145.0642859,-37.9834933],[145.0642842,-37.983546],[145.0641091,-37.9835426],[145.0641321,-37.9834182],[145.0644631,-37.9834317],[145.0644656,-37.983394],[145.0645141,-37.9833971],[145.0645203,-37.9833514],[145.064121,-37.9833152],[145.0641352,-37.9832434],[145.064453,-37.9832552],[145.0644558,-37.9831937],[145.0642417,-37.9831861],[145.0642167,-37.9831745],[145.0641487,-37.9831701],[145.0641664,-37.9830827],[145.064214,-37.9828513],[145.0643347,-37.9828724],[145.0643149,-37.9830978],[145.0645123,-37.9831035],[145.0645201,-37.9830602],[145.0643841,-37.9830515],[145.0643798,-37.9829678],[145.0643593,-37.9829426],[145.0643601,-37.9828759]]]}},{"type":"Feature","properties":{"id":"supplemental-vic-e2b40dd1b7bc0148","name":"Northcote Medical - Dr Daniela Todaro","category":"doctor","category_label":"Doctor / general practice","service_type":"Pregnancy termination","suburb":"Northcote","state":"VIC","postcode":"3070","appointment_required":false,"geometry_source":"openstreetmap","boundary_status":"matched","zone_basis":"osm-containing-building","zone_confidence":"building-match","legal_note":"Public Health and Wellbeing Act 2008 (Vic) s 185B defines the safe access zone as the area within a 150 m radius of premises where abortions are provided, excluding pharmacies. This map uses the mapped building as a proxy for the legal premises.","osm_url":"https://www.openstreetmap.org/way/27527599","source":"openstreetmap"},"geometry":{"type":"Polygon","coordinates":[[[145.0011603,-37.7674479],[145.0014019,-37.7673951],[145.0014729,-37.7673796],[145.0014471,-37.7672506],[145.0014557,-37.7670878],[145.0014729,-37.7669046],[145.0016188,-37.7668775],[145.0017733,-37.766986],[145.0019621,-37.7669589],[145.0020446,-37.7672346],[145.0019483,-37.7672529],[145.0020672,-37.7676331],[145.002159,-37.7676143],[145.0021483,-37.7675465],[145.0022261,-37.767538],[145.0022556,-37.7677267],[145.0023126,-37.7678152],[145.0023334,-37.7678475],[145.0024249,-37.7681189],[145.0023312,-37.7681395],[145.0024007,-37.7683764],[145.0026058,-37.7690758],[145.0024771,-37.7691029],[145.0025457,-37.7693472],[145.0023288,-37.7693856],[145.0019034,-37.7694608],[145.0019363,-37.7695846],[145.0015926,-37.7695594],[145.0015587,-37.7694489],[145.0013699,-37.7694782],[145.0013351,-37.7693477],[145.0010908,-37.7693881],[145.0009379,-37.7688895],[145.0009307,-37.7688658],[145.0009188,-37.7688305],[145.0008809,-37.7687034],[145.0013088,-37.7686172],[145.0013935,-37.7684905],[145.0014557,-37.7683973],[145.0013293,-37.767991],[145.0011603,-37.7674479]]]}},{"type":"Feature","properties":{"id":"supplemental-vic-e6eb578b3e772984","name":"Northern Health: Broadmeadows Hospital Campus","category":"hospital","category_label":"Hospital","service_type":"Pregnancy termination","suburb":"Broadmeadows","state":"VIC","postcode":"3047","appointment_required":false,"geometry_source":"openstreetmap","boundary_status":"matched","zone_basis":"osm-containing-building","zone_confidence":"building-match","legal_note":"Public Health and Wellbeing Act 2008 (Vic) s 185B defines the safe access zone as the area within a 150 m radius of premises where abortions are provided, excluding pharmacies. This map uses the mapped building as a proxy for the legal premises.","osm_url":"https://www.openstreetmap.org/way/245398974","source":"openstreetmap"},"geometry":{"type":"Polygon","coordinates":[[[144.9134158,-37.6841316],[144.9134433,-37.6841543],[144.9134586,-37.6841723],[144.9134735,-37.6841994],[144.9134816,-37.6842264],[144.9133465,-37.6842734],[144.9133604,-37.684306],[144.9133762,-37.6843029],[144.9133883,-37.6843608],[144.9133919,-37.6844126],[144.91333,-37.684436],[144.9133394,-37.6844491],[144.9134313,-37.6844107],[144.9134573,-37.6844554],[144.9134401,-37.6844633],[144.9134643,-37.6845],[144.9133964,-37.6845303],[144.9134204,-37.6845658],[144.9134133,-37.6845842],[144.9135938,-37.6846271],[144.9135315,-37.6848005],[144.9134086,-37.6847737],[144.9133996,-37.684799],[144.9133766,-37.6847953],[144.9133712,-37.6848165],[144.9133602,-37.6848375],[144.9133407,-37.6848577],[144.9133119,-37.6848729],[144.9133317,-37.684904],[144.9131467,-37.6849863],[144.9131142,-37.6849392],[144.9130676,-37.6849585],[144.9130357,-37.6849113],[144.912889,-37.6849735],[144.9126226,-37.6845889],[144.9125262,-37.6846162],[144.9125824,-37.6846968],[144.9125405,-37.6847124],[144.9125585,-37.6847347],[144.9125973,-37.6847173],[144.9126909,-37.6848536],[144.9126517,-37.684869],[144.9126687,-37.6848912],[144.9127052,-37.6848729],[144.9127365,-37.6849254],[144.9127485,-37.68492],[144.9127758,-37.6849635],[144.9127236,-37.6849868],[144.9127485,-37.6850216],[144.9127033,-37.6850418],[144.9126816,-37.6850092],[144.9126066,-37.6850413],[144.91263,-37.6850747],[144.9125845,-37.6850922],[144.9125609,-37.6850579],[144.9125073,-37.6850814],[144.9124773,-37.6850369],[144.9124836,-37.6850346],[144.9124506,-37.6849849],[144.9124876,-37.6849695],[144.912473,-37.684947],[144.9124346,-37.6849633],[144.9123612,-37.684859],[144.9124001,-37.684842],[144.9123856,-37.684821],[144.9123469,-37.6848385],[144.9123139,-37.6847897],[144.912306,-37.6847923],[144.9122726,-37.6847448],[144.9122817,-37.6847412],[144.9122643,-37.6847151],[144.9121709,-37.684755],[144.9124099,-37.6851024],[144.9122464,-37.685174],[144.9120719,-37.6849207],[144.9119255,-37.6849843],[144.9118596,-37.6848906],[144.9117236,-37.6849499],[144.9115517,-37.6850243],[144.9115535,-37.68506],[144.9117152,-37.6850579],[144.9117198,-37.6851556],[144.9118033,-37.6851549],[144.9118062,-37.6852215],[144.9119728,-37.6852201],[144.9119733,-37.6852578],[144.9120033,-37.6852574],[144.912005,-37.6853851],[144.9119521,-37.6853847],[144.9119515,-37.6854065],[144.9117068,-37.6854086],[144.9117518,-37.6855035],[144.9117123,-37.6855153],[144.9117288,-37.6855511],[144.9116916,-37.6855629],[144.9116728,-37.6855271],[144.9116332,-37.685539],[144.911571,-37.6854092],[144.9115516,-37.6854093],[144.9115521,-37.6854462],[144.9115201,-37.6854537],[144.9114854,-37.6854543],[144.9114513,-37.6854467],[144.9114505,-37.6854102],[144.9114324,-37.6854103],[144.9113734,-37.6855406],[144.911331,-37.6855297],[144.9113159,-37.6855681],[144.911278,-37.6855568],[144.9112923,-37.6855197],[144.9112535,-37.6855097],[144.9112964,-37.6854123],[144.9108091,-37.6854178],[144.9108081,-37.6853891],[144.9107859,-37.6853889],[144.9107854,-37.6853555],[144.910807,-37.6853555],[144.9108054,-37.6853103],[144.9107852,-37.6853111],[144.9107845,-37.6852778],[144.9108043,-37.6852782],[144.9108033,-37.6852472],[144.9111984,-37.685247],[144.911181,-37.6851845],[144.9110805,-37.6851403],[144.9112415,-37.6850764],[144.9112989,-37.6851229],[144.9113161,-37.6851229],[144.9113209,-37.6850985],[144.9113354,-37.6850791],[144.9113607,-37.6850669],[144.9113924,-37.6850618],[144.9113932,-37.6850516],[144.9114226,-37.6850515],[144.9114227,-37.6850325],[144.9115138,-37.6850318],[144.9115137,-37.6850073],[144.9115238,-37.6850041],[144.9115178,-37.6849938],[144.9115564,-37.6849759],[144.911564,-37.6849856],[144.9115859,-37.6849781],[144.9115784,-37.6849656],[144.9116192,-37.6849487],[144.9116251,-37.6849586],[144.9116457,-37.6849505],[144.9116394,-37.6849401],[144.911682,-37.6849231],[144.9116881,-37.6849322],[144.9117075,-37.6849245],[144.9116993,-37.6849133],[144.9117332,-37.6848992],[144.9117072,-37.6848592],[144.9117765,-37.6848287],[144.9118113,-37.6848788],[144.9118318,-37.6848718],[144.9118238,-37.6848602],[144.9118656,-37.6848435],[144.9118715,-37.6848525],[144.9118919,-37.684845],[144.9118849,-37.6848337],[144.9119267,-37.684816],[144.9119325,-37.684826],[144.9119526,-37.684818],[144.9119466,-37.6848074],[144.911987,-37.6847914],[144.9119924,-37.6847996],[144.9120145,-37.6847914],[144.9120068,-37.6847815],[144.9120485,-37.6847649],[144.9120542,-37.6847728],[144.9120752,-37.684764],[144.9120686,-37.6847538],[144.9121135,-37.6847347],[144.9120758,-37.684678],[144.9120167,-37.6847034],[144.9119959,-37.6846715],[144.9119666,-37.6846855],[144.9119902,-37.6847151],[144.9119278,-37.684743],[144.911932,-37.6847486],[144.911951,-37.684741],[144.9119811,-37.6847865],[144.9118978,-37.6848221],[144.911867,-37.6847772],[144.9118858,-37.6847694],[144.9118821,-37.6847626],[144.9118192,-37.6847896],[144.9117985,-37.6847582],[144.9117688,-37.6847707],[144.9117911,-37.6848009],[144.911729,-37.6848271],[144.9117338,-37.6848333],[144.9116783,-37.6848565],[144.9116501,-37.6848148],[144.9116055,-37.6848337],[144.9115794,-37.6847972],[144.9116195,-37.6847816],[144.9115809,-37.6847226],[144.9115406,-37.6847395],[144.9114874,-37.6846638],[144.9116515,-37.6845996],[144.9116707,-37.6846303],[144.9117003,-37.6846167],[144.9116786,-37.684586],[144.9118099,-37.6845287],[144.9118303,-37.6845595],[144.9118585,-37.6845476],[144.9118373,-37.6845169],[144.9119627,-37.6844564],[144.9120063,-37.6845251],[144.9120365,-37.6845124],[144.912134,-37.6846518],[144.9121124,-37.6846613],[144.9121524,-37.6847169],[144.9121961,-37.6846991],[144.9122024,-37.6847077],[144.9122239,-37.6846989],[144.9122164,-37.6846887],[144.9122355,-37.6846808],[144.9122414,-37.6846898],[144.912252,-37.6846848],[144.9122461,-37.6846751],[144.9122383,-37.6846788],[144.912225,-37.6846584],[144.9122168,-37.6846621],[144.9121834,-37.6846139],[144.9121916,-37.6846107],[144.9121571,-37.6845615],[144.9121973,-37.6845449],[144.9121815,-37.6845237],[144.9121416,-37.6845409],[144.9120714,-37.6844365],[144.9121095,-37.6844198],[144.9120941,-37.6843965],[144.9120548,-37.684413],[144.9120217,-37.6843643],[144.9120138,-37.6843674],[144.9119855,-37.6843231],[144.9120362,-37.684301],[144.9120137,-37.6842673],[144.9120596,-37.6842482],[144.9120788,-37.6842786],[144.9121548,-37.6842463],[144.9121319,-37.6842142],[144.912178,-37.6841958],[144.9122009,-37.6842291],[144.9122519,-37.6842073],[144.9123112,-37.6843028],[144.9122719,-37.6843192],[144.9122876,-37.6843411],[144.9123276,-37.6843245],[144.9124179,-37.6844583],[144.91238,-37.6844754],[144.9123956,-37.6844982],[144.9124377,-37.684481],[144.9124883,-37.6845587],[144.9125332,-37.6845317],[144.9125705,-37.6845121],[144.9123363,-37.6841712],[144.9123607,-37.684161],[144.9123123,-37.6840895],[144.9122765,-37.684075],[144.9124903,-37.6839802],[144.9124562,-37.683932],[144.9125311,-37.6838992],[144.9125138,-37.6838748],[144.9126317,-37.6838228],[144.912676,-37.6838865],[144.9127292,-37.6838986],[144.9128078,-37.6838634],[144.9128347,-37.6837911],[144.9130519,-37.6838411],[144.9130005,-37.6839856],[144.913022,-37.6839905],[144.9131127,-37.6841201],[144.9131665,-37.6840962],[144.9132155,-37.6841234],[144.9132613,-37.6841537],[144.9132524,-37.684161],[144.9132912,-37.6841968],[144.9134158,-37.6841316]]]}},{"type":"Feature","properties":{"id":"supplemental-vic-378ebcff62e59947","name":"Northside Clinic","category":"clinic","category_label":"Abortion clinic","service_type":"Pregnancy termination","suburb":"Fitzroy North","state":"VIC","postcode":"3068","appointment_required":false,"geometry_source":"openstreetmap","boundary_status":"matched","zone_basis":"osm-containing-building","zone_confidence":"building-match","legal_note":"Public Health and Wellbeing Act 2008 (Vic) s 185B defines the safe access zone as the area within a 150 m radius of premises where abortions are provided, excluding pharmacies. This map uses the mapped building as a proxy for the legal premises.","osm_url":"https://www.openstreetmap.org/way/1424062925","source":"openstreetmap"},"geometry":{"type":"Polygon","coordinates":[[[144.9880633,-37.7787908],[144.9880589,-37.7788151],[144.9878838,-37.778795],[144.9878912,-37.7787546],[144.9879222,-37.7787582],[144.9879329,-37.7786996],[144.9881597,-37.7787255],[144.9881461,-37.7788002],[144.9880633,-37.7787908]]]}},{"type":"Feature","properties":{"id":"supplemental-vic-471c4f3c156bc950","name":"Ochre Medical Centre Creswick","category":"doctor","category_label":"Doctor / general practice","service_type":"Pregnancy termination","suburb":"Creswick","state":"VIC","postcode":"3363","appointment_required":false,"geometry_source":"openstreetmap","boundary_status":"matched","zone_basis":"osm-containing-building","zone_confidence":"building-match","legal_note":"Public Health and Wellbeing Act 2008 (Vic) s 185B defines the safe access zone as the area within a 150 m radius of premises where abortions are provided, excluding pharmacies. This map uses the mapped building as a proxy for the legal premises.","osm_url":"https://www.openstreetmap.org/way/757728948","source":"openstreetmap"},"geometry":{"type":"Polygon","coordinates":[[[143.8951893,-37.4230883],[143.8953664,-37.4231075],[143.8953672,-37.4231284],[143.8956319,-37.4231608],[143.895597,-37.4232843],[143.8953342,-37.4232481],[143.8953296,-37.4232647],[143.8952416,-37.4232548],[143.8952349,-37.4232758],[143.8951472,-37.423269],[143.8951893,-37.4230883]]]}},{"type":"Feature","properties":{"id":"supplemental-vic-feae5f4f91134996","name":"Parkmore Medical Centre - Dr Nicholas Demediuk","category":"doctor","category_label":"Doctor / general practice","service_type":"Pregnancy termination","suburb":"Keysborough","state":"VIC","postcode":"3173","appointment_required":false,"geometry_source":"openstreetmap","boundary_status":"matched","zone_basis":"osm-containing-building","zone_confidence":"building-match","legal_note":"Public Health and Wellbeing Act 2008 (Vic) s 185B defines the safe access zone as the area within a 150 m radius of premises where abortions are provided, excluding pharmacies. This map uses the mapped building as a proxy for the legal premises.","osm_url":"https://www.openstreetmap.org/way/324207395","source":"openstreetmap"},"geometry":{"type":"Polygon","coordinates":[[[145.1710772,-37.9930854],[145.1710268,-37.9933463],[145.171149,-37.9933609],[145.171168,-37.9932626],[145.1711902,-37.9932653],[145.1712133,-37.9931456],[145.1711657,-37.993096],[145.1710772,-37.9930854]]]}},{"type":"Feature","properties":{"id":"supplemental-vic-7fa9630b995132ab","name":"Port Melbourne Medical","category":"doctor","category_label":"Doctor / general practice","service_type":"Pregnancy termination","suburb":"Port Melbourne","state":"VIC","postcode":"3207","appointment_required":false,"geometry_source":"openstreetmap","boundary_status":"matched","zone_basis":"osm-containing-building","zone_confidence":"building-match","legal_note":"Public Health and Wellbeing Act 2008 (Vic) s 185B defines the safe access zone as the area within a 150 m radius of premises where abortions are provided, excluding pharmacies. This map uses the mapped building as a proxy for the legal premises.","osm_url":"https://www.openstreetmap.org/way/362177083","source":"openstreetmap"},"geometry":{"type":"Polygon","coordinates":[[[144.9458852,-37.8342056],[144.946082,-37.8339901],[144.946264,-37.8340938],[144.9460671,-37.8343093],[144.9458852,-37.8342056]]]}},{"type":"Feature","properties":{"id":"supplemental-vic-725f2a16a93c7d9d","name":"Premier Health Partners","category":"doctor","category_label":"Doctor / general practice","service_type":"Pregnancy termination","suburb":"West Melbourne","state":"VIC","postcode":"3003","appointment_required":false,"geometry_source":"openstreetmap","boundary_status":"matched","zone_basis":"osm-containing-building","zone_confidence":"building-match","legal_note":"Public Health and Wellbeing Act 2008 (Vic) s 185B defines the safe access zone as the area within a 150 m radius of premises where abortions are provided, excluding pharmacies. This map uses the mapped building as a proxy for the legal premises.","osm_url":"https://www.openstreetmap.org/way/1179707960","source":"openstreetmap"},"geometry":{"type":"Polygon","coordinates":[[[144.9513162,-37.808659],[144.9512797,-37.8086109],[144.9513084,-37.8085972],[144.9514104,-37.808549],[144.9514706,-37.8085206],[144.9516425,-37.8084392],[144.951679,-37.8084874],[144.9513162,-37.808659]]]}},{"type":"Feature","properties":{"id":"supplemental-vic-b284b7a03dfecbfa","name":"Preston Family Medical","category":"doctor","category_label":"Doctor / general practice","service_type":"Pregnancy termination","suburb":"Preston","state":"VIC","postcode":"3072","appointment_required":false,"geometry_source":"openstreetmap","boundary_status":"matched","zone_basis":"osm-containing-building","zone_confidence":"building-match","legal_note":"Public Health and Wellbeing Act 2008 (Vic) s 185B defines the safe access zone as the area within a 150 m radius of premises where abortions are provided, excluding pharmacies. This map uses the mapped building as a proxy for the legal premises.","osm_url":"https://www.openstreetmap.org/way/650340106","source":"openstreetmap"},"geometry":{"type":"Polygon","coordinates":[[[145.0065202,-37.7457772],[145.0065009,-37.7458068],[145.0065926,-37.7458459],[145.006513,-37.7459719],[145.0062015,-37.7458431],[145.0062462,-37.7457677],[145.0062679,-37.7457562],[145.0063029,-37.7457505],[145.0065202,-37.7457772]]]}},{"type":"Feature","properties":{"id":"supplemental-vic-58d129f51a0c20ab","name":"Richmond Medical","category":"doctor","category_label":"Doctor / general practice","service_type":"Pregnancy termination","suburb":"Richmond","state":"VIC","postcode":"3121","appointment_required":false,"geometry_source":"openstreetmap","boundary_status":"matched","zone_basis":"osm-containing-building","zone_confidence":"building-match","legal_note":"Public Health and Wellbeing Act 2008 (Vic) s 185B defines the safe access zone as the area within a 150 m radius of premises where abortions are provided, excluding pharmacies. This map uses the mapped building as a proxy for the legal premises.","osm_url":"https://www.openstreetmap.org/way/1339349854","source":"openstreetmap"},"geometry":{"type":"Polygon","coordinates":[[[145.0037803,-37.8198738],[145.0037715,-37.8199195],[145.0037572,-37.8199177],[145.0036617,-37.8204131],[145.0039015,-37.820442],[145.0040056,-37.8199009],[145.0037803,-37.8198738]]]}},{"type":"Feature","properties":{"id":"supplemental-vic-b51d9b64ca2f4744","name":"Royal Park Medical","category":"doctor","category_label":"Doctor / general practice","service_type":"Pregnancy termination","suburb":"North Melbourne","state":"VIC","postcode":"3051","appointment_required":false,"geometry_source":"openstreetmap","boundary_status":"matched","zone_basis":"osm-containing-building","zone_confidence":"building-match","legal_note":"Public Health and Wellbeing Act 2008 (Vic) s 185B defines the safe access zone as the area within a 150 m radius of premises where abortions are provided, excluding pharmacies. This map uses the mapped building as a proxy for the legal premises.","osm_url":"https://www.openstreetmap.org/way/725740225","source":"openstreetmap"},"geometry":{"type":"Polygon","coordinates":[[[144.9467865,-37.7937566],[144.9464777,-37.7937207],[144.9464751,-37.7937075],[144.9465074,-37.7935196],[144.9466777,-37.7933893],[144.946961,-37.7936118],[144.9469622,-37.7936187],[144.9469423,-37.7936362],[144.9467865,-37.7937566]]]}},{"type":"Feature","properties":{"id":"supplemental-vic-0c126477a7403fe3","name":"Sandhurst Medical Practice - Dr Una Kennedy","category":"doctor","category_label":"Doctor / general practice","service_type":"Pregnancy termination","suburb":"Bendigo","state":"VIC","postcode":"3550","appointment_required":false,"geometry_source":"openstreetmap","boundary_status":"matched","zone_basis":"osm-containing-building","zone_confidence":"building-match","legal_note":"Public Health and Wellbeing Act 2008 (Vic) s 185B defines the safe access zone as the area within a 150 m radius of premises where abortions are provided, excluding pharmacies. This map uses the mapped building as a proxy for the legal premises.","osm_url":"https://www.openstreetmap.org/way/822786508","source":"openstreetmap"},"geometry":{"type":"Polygon","coordinates":[[[144.2856738,-36.7611371],[144.2855527,-36.7610291],[144.2855305,-36.7610451],[144.2853104,-36.7608489],[144.2854754,-36.7607301],[144.2856166,-36.7606285],[144.2856513,-36.7606594],[144.2857762,-36.7607708],[144.2858442,-36.7608314],[144.2858053,-36.7608594],[144.2858313,-36.7608826],[144.2858105,-36.7608975],[144.2858981,-36.7609756],[144.2856738,-36.7611371]]]}},{"type":"Feature","properties":{"id":"supplemental-vic-d89d6053d60981b0","name":"SIA Medical - Box Hill","category":"doctor","category_label":"Doctor / general practice","service_type":"Pregnancy termination","suburb":"Box Hill","state":"VIC","postcode":"3128","appointment_required":false,"geometry_source":"openstreetmap","boundary_status":"matched","zone_basis":"osm-containing-building","zone_confidence":"building-match","legal_note":"Public Health and Wellbeing Act 2008 (Vic) s 185B defines the safe access zone as the area within a 150 m radius of premises where abortions are provided, excluding pharmacies. This map uses the mapped building as a proxy for the legal premises.","osm_url":"https://www.openstreetmap.org/way/1067444387","source":"openstreetmap"},"geometry":{"type":"Polygon","coordinates":[[[145.1227867,-37.8182518],[145.1230229,-37.8182815],[145.1230071,-37.8183614],[145.1229864,-37.8184666],[145.1229552,-37.8186282],[145.1227422,-37.8186031],[145.1227772,-37.818428],[145.1227954,-37.8183371],[145.1227703,-37.818334],[145.1227867,-37.8182518]]]}},{"type":"Feature","properties":{"id":"supplemental-vic-2ea9dc6e6156b7f5","name":"Southbank Medical Clinic","category":"clinic","category_label":"Abortion clinic","service_type":"Pregnancy termination","suburb":"Southbank","state":"VIC","postcode":"3006","appointment_required":false,"geometry_source":"openstreetmap","boundary_status":"matched","zone_basis":"osm-containing-building","zone_confidence":"building-match","legal_note":"Public Health and Wellbeing Act 2008 (Vic) s 185B defines the safe access zone as the area within a 150 m radius of premises where abortions are provided, excluding pharmacies. This map uses the mapped building as a proxy for the legal premises.","osm_url":"https://www.openstreetmap.org/way/1207449471","source":"openstreetmap"},"geometry":{"type":"Polygon","coordinates":[[[144.9668512,-37.8278451],[144.96625,-37.8277325],[144.966307,-37.8275427],[144.9664538,-37.8275702],[144.9664578,-37.8275567],[144.96652,-37.8275683],[144.966516,-37.8275818],[144.9667278,-37.8276215],[144.9667778,-37.8275957],[144.9668123,-37.8276373],[144.9669912,-37.8276708],[144.9669977,-37.8276494],[144.9670627,-37.8276616],[144.9670563,-37.827683],[144.9670851,-37.8276884],[144.9670887,-37.8276765],[144.967184,-37.8276943],[144.9671804,-37.8277062],[144.9671892,-37.8277079],[144.9671965,-37.8276837],[144.9672473,-37.8276932],[144.9672401,-37.8277174],[144.9671831,-37.8279073],[144.9668512,-37.8278451]]]}},{"type":"Feature","properties":{"id":"supplemental-vic-e490924b379f6930","name":"Springs Medical","category":"doctor","category_label":"Doctor / general practice","service_type":"Pregnancy termination","suburb":"Daylesford","state":"VIC","postcode":"3460","appointment_required":false,"geometry_source":"openstreetmap","boundary_status":"matched","zone_basis":"osm-containing-building","zone_confidence":"building-match","legal_note":"Public Health and Wellbeing Act 2008 (Vic) s 185B defines the safe access zone as the area within a 150 m radius of premises where abortions are provided, excluding pharmacies. This map uses the mapped building as a proxy for the legal premises.","osm_url":"https://www.openstreetmap.org/way/336030806","source":"openstreetmap"},"geometry":{"type":"Polygon","coordinates":[[[144.1454338,-37.3386355],[144.1459675,-37.3386974],[144.1460181,-37.3384503],[144.1458549,-37.3384265],[144.1458441,-37.338482],[144.1455169,-37.3384436],[144.1454955,-37.3385097],[144.1455867,-37.3385225],[144.1455893,-37.3385524],[144.1454525,-37.3385332],[144.1454338,-37.3386355]]]}},{"type":"Feature","properties":{"id":"supplemental-vic-6872bef5ea4ff153","name":"Sunbury Square Medical Centre","category":"doctor","category_label":"Doctor / general practice","service_type":"Pregnancy termination","suburb":"Sunbury","state":"VIC","postcode":"3429","appointment_required":false,"geometry_source":"openstreetmap","boundary_status":"matched","zone_basis":"osm-containing-building","zone_confidence":"building-match","legal_note":"Public Health and Wellbeing Act 2008 (Vic) s 185B defines the safe access zone as the area within a 150 m radius of premises where abortions are provided, excluding pharmacies. This map uses the mapped building as a proxy for the legal premises.","osm_url":"https://www.openstreetmap.org/way/75636370","source":"openstreetmap"},"geometry":{"type":"Polygon","coordinates":[[[144.7293936,-37.5790025],[144.7296028,-37.5790918],[144.729922,-37.5786472],[144.7305308,-37.5777993],[144.7302465,-37.577489],[144.7299407,-37.5773614],[144.7297691,-37.5776293],[144.7296886,-37.5775825],[144.7295116,-37.5778333],[144.7293989,-37.5777823],[144.7295491,-37.5775783],[144.7294955,-37.5775528],[144.7294311,-37.5776335],[144.7293507,-37.5776038],[144.7288088,-37.5783648],[144.7292702,-37.5785858],[144.7293292,-37.5785093],[144.7294258,-37.5785561],[144.7295277,-37.5785391],[144.729576,-37.5785688],[144.7295056,-37.5786658],[144.7293292,-37.578909],[144.7294365,-37.57896],[144.7293936,-37.5790025]]]}},{"type":"Feature","properties":{"id":"supplemental-vic-c7cda313de64058e","name":"Sunraysia Community Health Services","category":"doctor","category_label":"Doctor / general practice","service_type":"Pregnancy termination","suburb":"Mildura","state":"VIC","postcode":"3500","appointment_required":false,"geometry_source":"openstreetmap","boundary_status":"matched","zone_basis":"osm-containing-building","zone_confidence":"building-match","legal_note":"Public Health and Wellbeing Act 2008 (Vic) s 185B defines the safe access zone as the area within a 150 m radius of premises where abortions are provided, excluding pharmacies. This map uses the mapped building as a proxy for the legal premises.","osm_url":"https://www.openstreetmap.org/way/691153165","source":"openstreetmap"},"geometry":{"type":"Polygon","coordinates":[[[142.1526279,-34.191923],[142.1527655,-34.1918564],[142.1527746,-34.191852],[142.1528242,-34.1918737],[142.1528238,-34.1919004],[142.1528227,-34.1919889],[142.1528089,-34.1919829],[142.1528018,-34.1919955],[142.1527347,-34.1919546],[142.1526629,-34.1919261],[142.1526279,-34.191923]]]}},{"type":"Feature","properties":{"id":"supplemental-vic-5d66fa95a4d2d6d7","name":"Sunshine City Medical Centre","category":"doctor","category_label":"Doctor / general practice","service_type":"Pregnancy termination","suburb":"Sunshine","state":"VIC","postcode":"3020","appointment_required":false,"geometry_source":"openstreetmap","boundary_status":"matched","zone_basis":"osm-containing-building","zone_confidence":"building-match","legal_note":"Public Health and Wellbeing Act 2008 (Vic) s 185B defines the safe access zone as the area within a 150 m radius of premises where abortions are provided, excluding pharmacies. This map uses the mapped building as a proxy for the legal premises.","osm_url":"https://www.openstreetmap.org/way/722379795","source":"openstreetmap"},"geometry":{"type":"Polygon","coordinates":[[[144.8414271,-37.7790148],[144.8413472,-37.7790062],[144.8413608,-37.7789271],[144.8414066,-37.7789321],[144.8414253,-37.7788231],[144.841279,-37.7788074],[144.8413095,-37.7786301],[144.8413547,-37.778635],[144.8413571,-37.7786205],[144.841425,-37.7786278],[144.8414226,-37.7786423],[144.8415214,-37.7786529],[144.8415157,-37.7786861],[144.8415275,-37.7786873],[144.841484,-37.7789404],[144.841498,-37.7789419],[144.8414823,-37.7790333],[144.841425,-37.7790272],[144.8414271,-37.7790148]]]}},{"type":"Feature","properties":{"id":"supplemental-vic-69bce548798de74e","name":"The Breed Street Clinic","category":"clinic","category_label":"Abortion clinic","service_type":"Pregnancy termination","suburb":"Traralgon","state":"VIC","postcode":"3844","appointment_required":false,"geometry_source":"openstreetmap","boundary_status":"matched","zone_basis":"osm-containing-building","zone_confidence":"building-match","legal_note":"Public Health and Wellbeing Act 2008 (Vic) s 185B defines the safe access zone as the area within a 150 m radius of premises where abortions are provided, excluding pharmacies. This map uses the mapped building as a proxy for the legal premises.","osm_url":"https://www.openstreetmap.org/way/365952139","source":"openstreetmap"},"geometry":{"type":"Polygon","coordinates":[[[146.532919,-38.1967752],[146.5326286,-38.1967514],[146.5326594,-38.1965198],[146.5324539,-38.1965029],[146.5324741,-38.1963508],[146.5323317,-38.1963391],[146.5323423,-38.1962592],[146.5324932,-38.1962715],[146.5325001,-38.19622],[146.5325808,-38.1962266],[146.5325752,-38.1962683],[146.5329819,-38.1963017],[146.532919,-38.1967752]]]}},{"type":"Feature","properties":{"id":"supplemental-vic-82a8b9be8c12232a","name":"The Clinic Footscray","category":"clinic","category_label":"Abortion clinic","service_type":"Pregnancy termination","suburb":"Footscray","state":"VIC","postcode":"3011","appointment_required":false,"geometry_source":"openstreetmap","boundary_status":"matched","zone_basis":"osm-containing-building","zone_confidence":"building-match","legal_note":"Public Health and Wellbeing Act 2008 (Vic) s 185B defines the safe access zone as the area within a 150 m radius of premises where abortions are provided, excluding pharmacies. This map uses the mapped building as a proxy for the legal premises.","osm_url":"https://www.openstreetmap.org/way/512491213","source":"openstreetmap"},"geometry":{"type":"Polygon","coordinates":[[[144.8951427,-37.8007656],[144.8949162,-37.8007396],[144.8949606,-37.8004983],[144.8951871,-37.8005243],[144.8951427,-37.8007656]]]}},{"type":"Feature","properties":{"id":"supplemental-vic-dc8153dd82d817bb","name":"The Integrated Medical Centre","category":"doctor","category_label":"Doctor / general practice","service_type":"Pregnancy termination","suburb":"Fitzroy North","state":"VIC","postcode":"3068","appointment_required":false,"geometry_source":"openstreetmap","boundary_status":"matched","zone_basis":"osm-containing-building","zone_confidence":"building-match","legal_note":"Public Health and Wellbeing Act 2008 (Vic) s 185B defines the safe access zone as the area within a 150 m radius of premises where abortions are provided, excluding pharmacies. This map uses the mapped building as a proxy for the legal premises.","osm_url":"https://www.openstreetmap.org/way/1383553206","source":"openstreetmap"},"geometry":{"type":"Polygon","coordinates":[[[144.9796823,-37.7929169],[144.9797196,-37.7929714],[144.9795591,-37.7930399],[144.979504,-37.7930339],[144.9794802,-37.7930103],[144.9795008,-37.7928918],[144.9795593,-37.7928982],[144.9795623,-37.7928985],[144.9795609,-37.7929067],[144.9795953,-37.792892],[144.9796151,-37.792921],[144.9796304,-37.7929145],[144.979622,-37.7929022],[144.9796686,-37.7928823],[144.9796901,-37.7929136],[144.9796823,-37.7929169]]]}},{"type":"Feature","properties":{"id":"supplemental-vic-0870fc9918cb9cdf","name":"The Women’s Clinic @ Each","category":"clinic","category_label":"Abortion clinic","service_type":"Pregnancy termination","suburb":"Ringwood East","state":"VIC","postcode":"3135","appointment_required":false,"geometry_source":"openstreetmap","boundary_status":"matched","zone_basis":"osm-containing-building","zone_confidence":"building-match","legal_note":"Public Health and Wellbeing Act 2008 (Vic) s 185B defines the safe access zone as the area within a 150 m radius of premises where abortions are provided, excluding pharmacies. This map uses the mapped building as a proxy for the legal premises.","osm_url":"https://www.openstreetmap.org/way/597372510","source":"openstreetmap"},"geometry":{"type":"Polygon","coordinates":[[[145.2512504,-37.8109043],[145.2512844,-37.8108952],[145.2512644,-37.8108492],[145.2512915,-37.8108407],[145.2512937,-37.8108453],[145.251417,-37.8108137],[145.2514441,-37.8108067],[145.2514576,-37.8108033],[145.2514616,-37.8107903],[145.2514726,-37.8107769],[145.2514867,-37.810768],[145.2515206,-37.8107581],[145.2515145,-37.8107419],[145.2515322,-37.8107372],[145.2515552,-37.8107174],[145.25159,-37.8107113],[145.2516169,-37.8107148],[145.2516575,-37.8108104],[145.2516218,-37.8108205],[145.2516131,-37.810865],[145.2516212,-37.810877],[145.2516917,-37.8108617],[145.2517331,-37.8109548],[145.2515421,-37.8110068],[145.251527,-37.8109732],[145.2515406,-37.8109697],[145.2515257,-37.810935],[145.2515107,-37.8109388],[145.2514972,-37.8109102],[145.2514712,-37.810949],[145.2514114,-37.8109297],[145.2514046,-37.8109399],[145.2513931,-37.8109511],[145.2514246,-37.8110279],[145.2513075,-37.811058],[145.2512807,-37.8109939],[145.2512864,-37.8109919],[145.2512504,-37.8109043]]]}},{"type":"Feature","properties":{"id":"supplemental-vic-8aad8b9317f3893f","name":"The Women's Clinic St Albans","category":"clinic","category_label":"Abortion clinic","service_type":"Pregnancy termination","suburb":"St Albans","state":"VIC","postcode":"3021","appointment_required":false,"geometry_source":"openstreetmap","boundary_status":"matched","zone_basis":"osm-containing-building","zone_confidence":"building-match","legal_note":"Public Health and Wellbeing Act 2008 (Vic) s 185B defines the safe access zone as the area within a 150 m radius of premises where abortions are provided, excluding pharmacies. This map uses the mapped building as a proxy for the legal premises.","osm_url":"https://www.openstreetmap.org/way/1180580586","source":"openstreetmap"},"geometry":{"type":"Polygon","coordinates":[[[144.8163593,-37.7610054],[144.8163863,-37.7610086],[144.8163919,-37.7609789],[144.816433,-37.7609837],[144.8164274,-37.7610134],[144.8164396,-37.7610149],[144.8164701,-37.7610185],[144.8164538,-37.7611052],[144.8164233,-37.7611016],[144.8164129,-37.761157],[144.8163326,-37.7611475],[144.8163301,-37.7611606],[144.8163051,-37.7611576],[144.8162864,-37.7612572],[144.8161447,-37.7612405],[144.8161926,-37.7609858],[144.8163343,-37.7610025],[144.8163593,-37.7610054]]]}},{"type":"Feature","properties":{"id":"supplemental-vic-22e4e87c0babbead","name":"Turn the Corner Medical Clinic","category":"clinic","category_label":"Abortion clinic","service_type":"Pregnancy termination","suburb":"Northcote","state":"VIC","postcode":"3070","appointment_required":false,"geometry_source":"openstreetmap","boundary_status":"matched","zone_basis":"osm-containing-building","zone_confidence":"building-match","legal_note":"Public Health and Wellbeing Act 2008 (Vic) s 185B defines the safe access zone as the area within a 150 m radius of premises where abortions are provided, excluding pharmacies. This map uses the mapped building as a proxy for the legal premises.","osm_url":"https://www.openstreetmap.org/way/718209482","source":"openstreetmap"},"geometry":{"type":"Polygon","coordinates":[[[144.9986775,-37.7681288],[144.998659,-37.768225],[144.9990929,-37.7682736],[144.9990949,-37.7681774],[144.9986775,-37.7681288]]]}},{"type":"Feature","properties":{"id":"supplemental-vic-1ec6974703b00925","name":"Upper Beaconsfield GP Practice","category":"doctor","category_label":"Doctor / general practice","service_type":"Pregnancy termination","suburb":"Beaconsfield Upper","state":"VIC","postcode":"3808","appointment_required":false,"geometry_source":"openstreetmap","boundary_status":"matched","zone_basis":"osm-containing-building","zone_confidence":"building-match","legal_note":"Public Health and Wellbeing Act 2008 (Vic) s 185B defines the safe access zone as the area within a 150 m radius of premises where abortions are provided, excluding pharmacies. This map uses the mapped building as a proxy for the legal premises.","osm_url":"https://www.openstreetmap.org/way/1151509353","source":"openstreetmap"},"geometry":{"type":"Polygon","coordinates":[[[145.4102157,-38.0036269],[145.4102661,-38.0036688],[145.4103986,-38.0038068],[145.4103538,-38.0038458],[145.4101721,-38.0036538],[145.4102157,-38.0036269]]]}},{"type":"Feature","properties":{"id":"supplemental-vic-fcf480d055952b83","name":"Vermont Medical Clinic","category":"clinic","category_label":"Abortion clinic","service_type":"Pregnancy termination","suburb":"Vermont South","state":"VIC","postcode":"3133","appointment_required":false,"geometry_source":"openstreetmap","boundary_status":"matched","zone_basis":"osm-containing-building","zone_confidence":"building-match","legal_note":"Public Health and Wellbeing Act 2008 (Vic) s 185B defines the safe access zone as the area within a 150 m radius of premises where abortions are provided, excluding pharmacies. This map uses the mapped building as a proxy for the legal premises.","osm_url":"https://www.openstreetmap.org/way/987544453","source":"openstreetmap"},"geometry":{"type":"Polygon","coordinates":[[[145.1998668,-37.858109],[145.1998749,-37.8581202],[145.1998664,-37.8581724],[145.1999969,-37.858186],[145.1999926,-37.8582124],[145.1999563,-37.8584348],[145.1998221,-37.8584171],[145.1997977,-37.8585182],[145.1994664,-37.8584765],[145.1994725,-37.8584572],[145.1994359,-37.8584781],[145.1993381,-37.8583691],[145.1992428,-37.858263],[145.1992854,-37.8582438],[145.1992428,-37.858239],[145.1993098,-37.8579228],[145.1993956,-37.8579338],[145.1995963,-37.8579595],[145.1996229,-37.8579629],[145.1996297,-37.8579285],[145.1996412,-37.8578698],[145.1998008,-37.8578875],[145.1997728,-37.8580311],[145.1997972,-37.8580347],[145.1998082,-37.8580437],[145.1998366,-37.8580754],[145.1998668,-37.858109]]]}},{"type":"Feature","properties":{"id":"supplemental-vic-5f72c63fb614c595","name":"Vogue Medical","category":"doctor","category_label":"Doctor / general practice","service_type":"Pregnancy termination","suburb":"South Yarra","state":"VIC","postcode":"3141","appointment_required":false,"geometry_source":"openstreetmap","boundary_status":"matched","zone_basis":"osm-containing-building","zone_confidence":"building-match","legal_note":"Public Health and Wellbeing Act 2008 (Vic) s 185B defines the safe access zone as the area within a 150 m radius of premises where abortions are provided, excluding pharmacies. This map uses the mapped building as a proxy for the legal premises.","osm_url":"https://www.openstreetmap.org/way/42438860","source":"openstreetmap"},"geometry":{"type":"Polygon","coordinates":[[[144.9973118,-37.8384431],[144.9961196,-37.8375061],[144.996268,-37.836939],[144.9966622,-37.8369698],[144.9973647,-37.837063],[144.9974665,-37.8371105],[144.9975366,-37.8371659],[144.9973118,-37.8384431]]]}},{"type":"Feature","properties":{"id":"supplemental-vic-b8b202291f711e9a","name":"Warrnambool Obstetrics and Gynaecology","category":"doctor","category_label":"Doctor / general practice","service_type":"Pregnancy termination","suburb":"Warrnambool","state":"VIC","postcode":"3280","appointment_required":false,"geometry_source":"openstreetmap","boundary_status":"matched","zone_basis":"osm-containing-building","zone_confidence":"building-match","legal_note":"Public Health and Wellbeing Act 2008 (Vic) s 185B defines the safe access zone as the area within a 150 m radius of premises where abortions are provided, excluding pharmacies. This map uses the mapped building as a proxy for the legal premises.","osm_url":"https://www.openstreetmap.org/way/670880810","source":"openstreetmap"},"geometry":{"type":"Polygon","coordinates":[[[142.4795213,-38.3709844],[142.4794579,-38.3709778],[142.4794527,-38.3710087],[142.4792712,-38.3709899],[142.4792798,-38.3709387],[142.4791809,-38.3709284],[142.4791746,-38.370966],[142.4789859,-38.3709465],[142.4789887,-38.3709304],[142.4788828,-38.3709194],[142.4788802,-38.3709352],[142.4787113,-38.3709177],[142.4787188,-38.3708734],[142.4785858,-38.3708597],[142.4785785,-38.3709033],[142.4782416,-38.3708684],[142.4781024,-38.3716939],[142.478473,-38.3717323],[142.4784824,-38.3716765],[142.4785383,-38.3716823],[142.4785532,-38.3715936],[142.4785232,-38.371552],[142.4785407,-38.3714423],[142.4785828,-38.3714465],[142.4785888,-38.3714093],[142.478556,-38.3714061],[142.4785609,-38.371376],[142.4787216,-38.3713919],[142.4787133,-38.3714429],[142.4788112,-38.3714526],[142.4788194,-38.3714024],[142.4789781,-38.3714183],[142.4789673,-38.3714842],[142.4792061,-38.3715082],[142.4792165,-38.3714451],[142.4792631,-38.3714498],[142.4792955,-38.3712531],[142.4792456,-38.371248],[142.4792607,-38.3711569],[142.479325,-38.3711635],[142.4793287,-38.3711413],[142.4794151,-38.3711502],[142.4794119,-38.3711694],[142.4794889,-38.3711773],[142.4795213,-38.3709844]]]}},{"type":"Feature","properties":{"id":"supplemental-vic-b787dcf1d8fd8cd2","name":"Waverley Women's Clinic","category":"clinic","category_label":"Abortion clinic","service_type":"Pregnancy termination","suburb":"Glen Waverley","state":"VIC","postcode":"3150","appointment_required":false,"geometry_source":"openstreetmap","boundary_status":"matched","zone_basis":"osm-containing-building","zone_confidence":"building-match","legal_note":"Public Health and Wellbeing Act 2008 (Vic) s 185B defines the safe access zone as the area within a 150 m radius of premises where abortions are provided, excluding pharmacies. This map uses the mapped building as a proxy for the legal premises.","osm_url":"https://www.openstreetmap.org/way/1330343149","source":"openstreetmap"},"geometry":{"type":"Polygon","coordinates":[[[145.1465881,-37.8842331],[145.1466463,-37.8842398],[145.1466552,-37.8841917],[145.1466444,-37.8841904],[145.1466623,-37.8840933],[145.1464125,-37.8840647],[145.1463958,-37.8841554],[145.1464579,-37.8841625],[145.1464282,-37.8843236],[145.1465685,-37.8843397],[145.1465881,-37.8842331]]]}},{"type":"Feature","properties":{"id":"supplemental-vic-773b2b7b6c762d63","name":"Westcare Medical Centre","category":"doctor","category_label":"Doctor / general practice","service_type":"Pregnancy termination","suburb":"Melton West","state":"VIC","postcode":"3337","appointment_required":false,"geometry_source":"openstreetmap","boundary_status":"matched","zone_basis":"osm-containing-building","zone_confidence":"building-match","legal_note":"Public Health and Wellbeing Act 2008 (Vic) s 185B defines the safe access zone as the area within a 150 m radius of premises where abortions are provided, excluding pharmacies. This map uses the mapped building as a proxy for the legal premises.","osm_url":"https://www.openstreetmap.org/way/119131100","source":"openstreetmap"},"geometry":{"type":"Polygon","coordinates":[[[144.5581771,-37.6859675],[144.5581926,-37.6861086],[144.5584246,-37.6860914],[144.5584292,-37.6861252],[144.5581935,-37.6861389],[144.5582081,-37.6862908],[144.5585011,-37.6862685],[144.5585084,-37.6863247],[144.5587267,-37.6863103],[144.5587222,-37.6862505],[144.5589861,-37.6862318],[144.5589815,-37.6861526],[144.5589606,-37.6861554],[144.5589524,-37.6860762],[144.5587813,-37.6860849],[144.5587795,-37.6860633],[144.5590243,-37.6860446],[144.5590152,-37.6859797],[144.558997,-37.6859812],[144.5589852,-37.6859149],[144.5587149,-37.6859351],[144.5587113,-37.6859135],[144.5584956,-37.6859265],[144.5584965,-37.6859488],[144.5581771,-37.6859675]]]}},{"type":"Feature","properties":{"id":"supplemental-vic-29baba83d48e3844","name":"Wonthaggi Medical Group","category":"doctor","category_label":"Doctor / general practice","service_type":"Pregnancy termination","suburb":"Wonthaggi","state":"VIC","postcode":"3995","appointment_required":false,"geometry_source":"openstreetmap","boundary_status":"matched","zone_basis":"osm-containing-building","zone_confidence":"building-match","legal_note":"Public Health and Wellbeing Act 2008 (Vic) s 185B defines the safe access zone as the area within a 150 m radius of premises where abortions are provided, excluding pharmacies. This map uses the mapped building as a proxy for the legal premises.","osm_url":"https://www.openstreetmap.org/way/200882123","source":"openstreetmap"},"geometry":{"type":"Polygon","coordinates":[[[145.5880712,-38.6047139],[145.5881215,-38.6050038],[145.5877167,-38.6050467],[145.5876664,-38.6047568],[145.5880712,-38.6047139]]]}},{"type":"Feature","properties":{"id":"supplemental-vic-e7fc88c02f431f42","name":"Yarra Medical","category":"doctor","category_label":"Doctor / general practice","service_type":"Pregnancy termination","suburb":"Richmond","state":"VIC","postcode":"3121","appointment_required":false,"geometry_source":"openstreetmap","boundary_status":"matched","zone_basis":"osm-containing-building","zone_confidence":"building-match","legal_note":"Public Health and Wellbeing Act 2008 (Vic) s 185B defines the safe access zone as the area within a 150 m radius of premises where abortions are provided, excluding pharmacies. This map uses the mapped building as a proxy for the legal premises.","osm_url":"https://www.openstreetmap.org/way/1337587950","source":"openstreetmap"},"geometry":{"type":"Polygon","coordinates":[[[145.0078817,-37.8117196],[145.0076646,-37.8116974],[145.0077231,-37.8113395],[145.0079268,-37.8113603],[145.0078833,-37.8116269],[145.0078966,-37.8116282],[145.0078817,-37.8117196]]]}},{"type":"Feature","properties":{"id":"supplemental-wa-0813bda55621e646","name":"Albany Health Campus","category":"doctor","category_label":"Doctor / general practice","service_type":"Pregnancy termination","suburb":"Spencer Park","state":"WA","postcode":"6330","appointment_required":false,"geometry_source":"openstreetmap","boundary_status":"matched","zone_basis":"osm-containing-building","zone_confidence":"building-match","legal_note":"Public Health Act 2016 (WA) s 202O includes the abortion premises and the area within 150 m outside its boundary. This map buffers the mapped building, which may not exactly match the legal premises boundary.","osm_url":"https://www.openstreetmap.org/way/553212073","source":"openstreetmap"},"geometry":{"type":"Polygon","coordinates":[[[117.9040825,-35.003869],[117.9042551,-35.003878],[117.9042336,-35.0041538],[117.9040611,-35.0041448],[117.9040825,-35.003869]]]}},{"type":"Feature","properties":{"id":"supplemental-wa-dc6d95825ee7bea6","name":"Athena Women's Clinic","category":"clinic","category_label":"Abortion clinic","service_type":"Pregnancy termination","suburb":"Bentley","state":"WA","postcode":"6102","appointment_required":false,"geometry_source":"openstreetmap","boundary_status":"matched","zone_basis":"osm-containing-building","zone_confidence":"building-match","legal_note":"Public Health Act 2016 (WA) s 202O includes the abortion premises and the area within 150 m outside its boundary. This map buffers the mapped building, which may not exactly match the legal premises boundary.","osm_url":"https://www.openstreetmap.org/way/1089492473","source":"openstreetmap"},"geometry":{"type":"Polygon","coordinates":[[[115.926393,-32.0074981],[115.9263292,-32.007441],[115.9261625,-32.007575],[115.9262209,-32.0076273],[115.9262661,-32.007591],[115.9263116,-32.0076317],[115.9263984,-32.007562],[115.9263582,-32.0075261],[115.926393,-32.0074981]]]}},{"type":"Feature","properties":{"id":"supplemental-wa-260434f0565ab836","name":"Broome Medical Clinic","category":"clinic","category_label":"Abortion clinic","service_type":"Pregnancy termination","suburb":"Broome","state":"WA","postcode":"6725","appointment_required":false,"geometry_source":"openstreetmap","boundary_status":"matched","zone_basis":"osm-containing-building","zone_confidence":"building-match","legal_note":"Public Health Act 2016 (WA) s 202O includes the abortion premises and the area within 150 m outside its boundary. This map buffers the mapped building, which may not exactly match the legal premises boundary.","osm_url":"https://www.openstreetmap.org/way/480919302","source":"openstreetmap"},"geometry":{"type":"Polygon","coordinates":[[[122.2369132,-17.9598609],[122.2369918,-17.9598693],[122.2370039,-17.9597663],[122.2371314,-17.9597799],[122.2371357,-17.9597438],[122.2372155,-17.9597523],[122.2372287,-17.9596396],[122.2369427,-17.9596092],[122.2369132,-17.9598609]]]}},{"type":"Feature","properties":{"id":"supplemental-wa-f494d10299ae55a3","name":"Burton Street Family Practice","category":"doctor","category_label":"Doctor / general practice","service_type":"Pregnancy termination","suburb":"Bentley","state":"WA","postcode":"6102","appointment_required":false,"geometry_source":"openstreetmap","boundary_status":"matched","zone_basis":"osm-containing-building","zone_confidence":"building-match","legal_note":"Public Health Act 2016 (WA) s 202O includes the abortion premises and the area within 150 m outside its boundary. This map buffers the mapped building, which may not exactly match the legal premises boundary.","osm_url":"https://www.openstreetmap.org/way/909071867","source":"openstreetmap"},"geometry":{"type":"Polygon","coordinates":[[[115.9228371,-32.0108146],[115.9230158,-32.0109559],[115.9231309,-32.0108512],[115.9229521,-32.0107099],[115.9228371,-32.0108146]]]}},{"type":"Feature","properties":{"id":"supplemental-wa-144b967620f955da","name":"Claremont Medical Centre","category":"doctor","category_label":"Doctor / general practice","service_type":"Pregnancy termination","suburb":"Claremont","state":"WA","postcode":"6010","appointment_required":false,"geometry_source":"openstreetmap","boundary_status":"matched","zone_basis":"osm-containing-building","zone_confidence":"building-match","legal_note":"Public Health Act 2016 (WA) s 202O includes the abortion premises and the area within 150 m outside its boundary. This map buffers the mapped building, which may not exactly match the legal premises boundary.","osm_url":"https://www.openstreetmap.org/way/1524889313","source":"openstreetmap"},"geometry":{"type":"Polygon","coordinates":[[[115.7897963,-31.9817659],[115.7898271,-31.9818882],[115.7900687,-31.9818443],[115.7900884,-31.9818747],[115.7901315,-31.9818924],[115.7901377,-31.9820315],[115.7902449,-31.9820315],[115.7902461,-31.9820001],[115.7902843,-31.9820001],[115.7902831,-31.9817889],[115.7902547,-31.9817408],[115.7902202,-31.9817116],[115.7901759,-31.9817022],[115.7901414,-31.9817032],[115.7897963,-31.9817659]]]}},{"type":"Feature","properties":{"id":"supplemental-wa-a78303a32b395b0f","name":"Desert Blue Connect","category":"doctor","category_label":"Doctor / general practice","service_type":"Pregnancy termination","suburb":"Geraldton","state":"WA","postcode":"6530","appointment_required":false,"geometry_source":"openstreetmap","boundary_status":"matched","zone_basis":"osm-containing-building","zone_confidence":"building-match","legal_note":"Public Health Act 2016 (WA) s 202O includes the abortion premises and the area within 150 m outside its boundary. This map buffers the mapped building, which may not exactly match the legal premises boundary.","osm_url":"https://www.openstreetmap.org/way/1304835913","source":"openstreetmap"},"geometry":{"type":"Polygon","coordinates":[[[114.6111212,-28.7730605],[114.6108925,-28.7729482],[114.6107775,-28.7731283],[114.6110062,-28.7732405],[114.6111212,-28.7730605]]]}},{"type":"Feature","properties":{"id":"supplemental-wa-6935af7d29f84477","name":"Eaton Medical Centre","category":"doctor","category_label":"Doctor / general practice","service_type":"Pregnancy termination","suburb":"Eaton","state":"WA","postcode":"6232","appointment_required":false,"geometry_source":"openstreetmap","boundary_status":"matched","zone_basis":"osm-containing-building","zone_confidence":"building-match","legal_note":"Public Health Act 2016 (WA) s 202O includes the abortion premises and the area within 150 m outside its boundary. This map buffers the mapped building, which may not exactly match the legal premises boundary.","osm_url":"https://www.openstreetmap.org/way/391695003","source":"openstreetmap"},"geometry":{"type":"Polygon","coordinates":[[[115.7154511,-33.3211622],[115.7152611,-33.3212208],[115.715273,-33.3212478],[115.7149529,-33.3213464],[115.7149949,-33.3214416],[115.7153013,-33.3213472],[115.7152957,-33.3213053],[115.7154881,-33.321246],[115.7154511,-33.3211622]]]}},{"type":"Feature","properties":{"id":"supplemental-wa-da418ec701db1465","name":"Fremantle Women's Health Centre","category":"doctor","category_label":"Doctor / general practice","service_type":"Pregnancy termination","suburb":"Willagee","state":"WA","postcode":"6156","appointment_required":false,"geometry_source":"openstreetmap","boundary_status":"matched","zone_basis":"osm-containing-building","zone_confidence":"building-match","legal_note":"Public Health Act 2016 (WA) s 202O includes the abortion premises and the area within 150 m outside its boundary. This map buffers the mapped building, which may not exactly match the legal premises boundary.","osm_url":"https://www.openstreetmap.org/way/963371359","source":"openstreetmap"},"geometry":{"type":"Polygon","coordinates":[[[115.8068587,-32.052746],[115.8068593,-32.0529879],[115.8072749,-32.0529893],[115.807279,-32.053008],[115.8073641,-32.053008],[115.8073612,-32.0529874],[115.8077033,-32.0529844],[115.8077022,-32.0528588],[115.8075869,-32.0528583],[115.8075858,-32.0528088],[115.8073687,-32.0528107],[115.8073681,-32.0527092],[115.8072807,-32.0527077],[115.8072801,-32.0528107],[115.8071655,-32.0528068],[115.8071667,-32.0526719],[115.8071163,-32.0526768],[115.8071169,-32.0526292],[115.8070075,-32.0526292],[115.8070092,-32.0527096],[115.8069507,-32.0527092],[115.806949,-32.0527464],[115.8068587,-32.052746]]]}},{"type":"Feature","properties":{"id":"supplemental-wa-c996b10a0b404e5d","name":"Hale Road Medical","category":"doctor","category_label":"Doctor / general practice","service_type":"Pregnancy termination","suburb":"Forrestfield","state":"WA","postcode":"6058","appointment_required":false,"geometry_source":"openstreetmap","boundary_status":"matched","zone_basis":"osm-containing-building","zone_confidence":"building-match","legal_note":"Public Health Act 2016 (WA) s 202O includes the abortion premises and the area within 150 m outside its boundary. This map buffers the mapped building, which may not exactly match the legal premises boundary.","osm_url":"https://www.openstreetmap.org/way/923769591","source":"openstreetmap"},"geometry":{"type":"Polygon","coordinates":[[[116.0150864,-31.9884234],[116.0150582,-31.9882423],[116.0148842,-31.9882617],[116.0149124,-31.9884428],[116.0150864,-31.9884234]]]}},{"type":"Feature","properties":{"id":"supplemental-wa-169a01be7113b2de","name":"Hopetoun Medical Centre","category":"doctor","category_label":"Doctor / general practice","service_type":"Pregnancy termination","suburb":"Hopetoun","state":"WA","postcode":"6348","appointment_required":false,"geometry_source":"openstreetmap","boundary_status":"matched","zone_basis":"osm-containing-building","zone_confidence":"building-match","legal_note":"Public Health Act 2016 (WA) s 202O includes the abortion premises and the area within 150 m outside its boundary. This map buffers the mapped building, which may not exactly match the legal premises boundary.","osm_url":"https://www.openstreetmap.org/way/250490106","source":"openstreetmap"},"geometry":{"type":"Polygon","coordinates":[[[120.1272003,-33.9476425],[120.1271453,-33.9475141],[120.1271753,-33.9475142],[120.1271758,-33.9473147],[120.1273429,-33.9473121],[120.1273368,-33.9474913],[120.1274203,-33.9474997],[120.1274233,-33.9475234],[120.1274468,-33.9476366],[120.1272003,-33.9476425]]]}},{"type":"Feature","properties":{"id":"supplemental-wa-a92d0e40f9135c5e","name":"James Street Medical Northbridge","category":"doctor","category_label":"Doctor / general practice","service_type":"Pregnancy termination","suburb":"Northbridge","state":"WA","postcode":"6003","appointment_required":false,"geometry_source":"openstreetmap","boundary_status":"matched","zone_basis":"osm-containing-building","zone_confidence":"building-match","legal_note":"Public Health Act 2016 (WA) s 202O includes the abortion premises and the area within 150 m outside its boundary. This map buffers the mapped building, which may not exactly match the legal premises boundary.","osm_url":"https://www.openstreetmap.org/way/147856468","source":"openstreetmap"},"geometry":{"type":"Polygon","coordinates":[[[115.8579195,-31.9485431],[115.857688,-31.9489141],[115.8572946,-31.9487374],[115.8575261,-31.9483663],[115.8579195,-31.9485431]]]}},{"type":"Feature","properties":{"id":"supplemental-wa-96969eb98f40da41","name":"Karratha Health Campus","category":"doctor","category_label":"Doctor / general practice","service_type":"Pregnancy termination","suburb":"Pegs Creek","state":"WA","postcode":"6714","appointment_required":false,"geometry_source":"openstreetmap","boundary_status":"matched","zone_basis":"osm-containing-building","zone_confidence":"building-match","legal_note":"Public Health Act 2016 (WA) s 202O includes the abortion premises and the area within 150 m outside its boundary. This map buffers the mapped building, which may not exactly match the legal premises boundary.","osm_url":"https://www.openstreetmap.org/way/737272705","source":"openstreetmap"},"geometry":{"type":"Polygon","coordinates":[[[116.8414109,-20.7327739],[116.8407636,-20.7330879],[116.8403654,-20.73237],[116.8404556,-20.7323262],[116.8402784,-20.7320068],[116.8404777,-20.7319101],[116.8405347,-20.7320127],[116.8409754,-20.7317988],[116.8413095,-20.7324009],[116.8412264,-20.7324412],[116.8414109,-20.7327739]]]}},{"type":"Feature","properties":{"id":"supplemental-wa-d71e60ec88102ab8","name":"Kelso Medical Group","category":"doctor","category_label":"Doctor / general practice","service_type":"Pregnancy termination","suburb":"Kardinya","state":"WA","postcode":"6163","appointment_required":false,"geometry_source":"openstreetmap","boundary_status":"matched","zone_basis":"osm-containing-building","zone_confidence":"building-match","legal_note":"Public Health Act 2016 (WA) s 202O includes the abortion premises and the area within 150 m outside its boundary. This map buffers the mapped building, which may not exactly match the legal premises boundary.","osm_url":"https://www.openstreetmap.org/way/291750958","source":"openstreetmap"},"geometry":{"type":"Polygon","coordinates":[[[115.8188168,-32.0671591],[115.8188206,-32.0678811],[115.818767,-32.0678816],[115.8187676,-32.0678623],[115.8186094,-32.067864],[115.818604,-32.0674513],[115.8185614,-32.0674143],[115.8185507,-32.06716],[115.8188168,-32.0671591]]]}},{"type":"Feature","properties":{"id":"supplemental-wa-fb135ccefe1b501b","name":"Kununurra District Hospital","category":"hospital","category_label":"Hospital","service_type":"Pregnancy termination","suburb":"Kununurra","state":"WA","postcode":"6743","appointment_required":false,"geometry_source":"openstreetmap","boundary_status":"matched","zone_basis":"osm-containing-building","zone_confidence":"building-match","legal_note":"Public Health Act 2016 (WA) s 202O includes the abortion premises and the area within 150 m outside its boundary. This map buffers the mapped building, which may not exactly match the legal premises boundary.","osm_url":"https://www.openstreetmap.org/way/1190970301","source":"openstreetmap"},"geometry":{"type":"Polygon","coordinates":[[[128.7386732,-15.7745161],[128.7383651,-15.7747018],[128.7386004,-15.7750833],[128.7388404,-15.7749172],[128.7387774,-15.7747179],[128.7388276,-15.7746736],[128.7386732,-15.7745161]]]}},{"type":"Feature","properties":{"id":"supplemental-wa-c4de594f5411d13b","name":"LUMA Northbridge","category":"doctor","category_label":"Doctor / general practice","service_type":"Pregnancy termination","suburb":"Northbridge","state":"WA","postcode":"6003","appointment_required":false,"geometry_source":"openstreetmap","boundary_status":"matched","zone_basis":"osm-containing-building","zone_confidence":"building-match","legal_note":"Public Health Act 2016 (WA) s 202O includes the abortion premises and the area within 150 m outside its boundary. This map buffers the mapped building, which may not exactly match the legal premises boundary.","osm_url":"https://www.openstreetmap.org/way/149015702","source":"openstreetmap"},"geometry":{"type":"Polygon","coordinates":[[[115.8597368,-31.9458558],[115.8597991,-31.9458837],[115.859719,-31.9460122],[115.8596567,-31.9459842],[115.8597368,-31.9458558]]]}},{"type":"Feature","properties":{"id":"supplemental-wa-9ea047d188ad5325","name":"Margaret River Medical Centre","category":"doctor","category_label":"Doctor / general practice","service_type":"Pregnancy termination","suburb":"Margaret River","state":"WA","postcode":"6285","appointment_required":false,"geometry_source":"openstreetmap","boundary_status":"matched","zone_basis":"osm-containing-building","zone_confidence":"building-match","legal_note":"Public Health Act 2016 (WA) s 202O includes the abortion premises and the area within 150 m outside its boundary. This map buffers the mapped building, which may not exactly match the legal premises boundary.","osm_url":"https://www.openstreetmap.org/way/1269006928","source":"openstreetmap"},"geometry":{"type":"Polygon","coordinates":[[[115.0729753,-33.9526636],[115.0732783,-33.9526602],[115.0732765,-33.9525467],[115.0729734,-33.9525501],[115.0729753,-33.9526636]]]}},{"type":"Feature","properties":{"id":"supplemental-wa-1995a627b6476fb4","name":"Ord Valley Aboriginal Health Service","category":"doctor","category_label":"Doctor / general practice","service_type":"Pregnancy termination","suburb":"Kununurra","state":"WA","postcode":"6743","appointment_required":false,"geometry_source":"openstreetmap","boundary_status":"matched","zone_basis":"osm-containing-building","zone_confidence":"building-match","legal_note":"Public Health Act 2016 (WA) s 202O includes the abortion premises and the area within 150 m outside its boundary. This map buffers the mapped building, which may not exactly match the legal premises boundary.","osm_url":"https://www.openstreetmap.org/way/187654483","source":"openstreetmap"},"geometry":{"type":"Polygon","coordinates":[[[128.7363955,-15.7663285],[128.7365612,-15.766335],[128.7365707,-15.7661115],[128.7367358,-15.766118],[128.7367396,-15.7660295],[128.7369526,-15.7660378],[128.7369438,-15.766246],[128.7369855,-15.7662477],[128.7369773,-15.7664419],[128.7366178,-15.7664278],[128.736614,-15.766517],[128.7365285,-15.7665136],[128.7365314,-15.7664448],[128.7363908,-15.7664392],[128.7363955,-15.7663285]]]}},{"type":"Feature","properties":{"id":"supplemental-wa-f6cdbd1632828c9f","name":"Plantagenet Medical","category":"doctor","category_label":"Doctor / general practice","service_type":"Pregnancy termination","suburb":"Mount Barker","state":"WA","postcode":"6324","appointment_required":false,"geometry_source":"openstreetmap","boundary_status":"matched","zone_basis":"osm-containing-building","zone_confidence":"building-match","legal_note":"Public Health Act 2016 (WA) s 202O includes the abortion premises and the area within 150 m outside its boundary. This map buffers the mapped building, which may not exactly match the legal premises boundary.","osm_url":"https://www.openstreetmap.org/way/252100567","source":"openstreetmap"},"geometry":{"type":"Polygon","coordinates":[[[117.6524999,-34.6254105],[117.6527996,-34.6254448],[117.6527906,-34.6254981],[117.6528856,-34.625509],[117.6528665,-34.6256218],[117.6526633,-34.6255986],[117.6526576,-34.6256319],[117.6524662,-34.6256099],[117.6524999,-34.6254105]]]}},{"type":"Feature","properties":{"id":"supplemental-wa-07c8f90808ada0c4","name":"Plaza Medical Centre","category":"doctor","category_label":"Doctor / general practice","service_type":"Pregnancy termination","suburb":"Kalgoorlie","state":"WA","postcode":"6430","appointment_required":false,"geometry_source":"openstreetmap","boundary_status":"matched","zone_basis":"osm-containing-building","zone_confidence":"building-match","legal_note":"Public Health Act 2016 (WA) s 202O includes the abortion premises and the area within 150 m outside its boundary. This map buffers the mapped building, which may not exactly match the legal premises boundary.","osm_url":"https://www.openstreetmap.org/way/755330572","source":"openstreetmap"},"geometry":{"type":"Polygon","coordinates":[[[121.4702767,-30.7497487],[121.4704214,-30.7496189],[121.4707003,-30.7498485],[121.4705555,-30.7499784],[121.4702767,-30.7497487]]]}},{"type":"Feature","properties":{"id":"supplemental-wa-7dd660f782218db9","name":"Rokeby GP","category":"doctor","category_label":"Doctor / general practice","service_type":"Pregnancy termination","suburb":"Subiaco","state":"WA","postcode":"6008","appointment_required":false,"geometry_source":"openstreetmap","boundary_status":"matched","zone_basis":"osm-containing-building","zone_confidence":"building-match","legal_note":"Public Health Act 2016 (WA) s 202O includes the abortion premises and the area within 150 m outside its boundary. This map buffers the mapped building, which may not exactly match the legal premises boundary.","osm_url":"https://www.openstreetmap.org/way/153203740","source":"openstreetmap"},"geometry":{"type":"Polygon","coordinates":[[[115.8241024,-31.9489555],[115.8244733,-31.9489579],[115.824472,-31.9491021],[115.8242952,-31.949101],[115.8242949,-31.9491303],[115.8241008,-31.949129],[115.8241013,-31.9490749],[115.8241024,-31.9489555]]]}},{"type":"Feature","properties":{"id":"supplemental-wa-49f9f7349a2b40ac","name":"Sexual Health Quarters Northbridge","category":"doctor","category_label":"Doctor / general practice","service_type":"Pregnancy termination","suburb":"Northbridge","state":"WA","postcode":"6003","appointment_required":false,"geometry_source":"openstreetmap","boundary_status":"matched","zone_basis":"osm-containing-building","zone_confidence":"building-match","legal_note":"Public Health Act 2016 (WA) s 202O includes the abortion premises and the area within 150 m outside its boundary. This map buffers the mapped building, which may not exactly match the legal premises boundary.","osm_url":"https://www.openstreetmap.org/way/147856473","source":"openstreetmap"},"geometry":{"type":"Polygon","coordinates":[[[115.8566225,-31.9489149],[115.8566012,-31.9489474],[115.8563488,-31.9488385],[115.8563143,-31.9488236],[115.8564568,-31.9486032],[115.856467,-31.9486022],[115.8564763,-31.9485884],[115.8567453,-31.9487218],[115.8566225,-31.9489149]]]}},{"type":"Feature","properties":{"id":"supplemental-wa-80acdc8decb65fb3","name":"South Perth Medical Centre","category":"doctor","category_label":"Doctor / general practice","service_type":"Pregnancy termination","suburb":"Kensington","state":"WA","postcode":"6151","appointment_required":false,"geometry_source":"openstreetmap","boundary_status":"matched","zone_basis":"osm-containing-building","zone_confidence":"building-match","legal_note":"Public Health Act 2016 (WA) s 202O includes the abortion premises and the area within 150 m outside its boundary. This map buffers the mapped building, which may not exactly match the legal premises boundary.","osm_url":"https://www.openstreetmap.org/way/921325997","source":"openstreetmap"},"geometry":{"type":"Polygon","coordinates":[[[115.8755123,-31.9834708],[115.875584,-31.9835368],[115.8755722,-31.9835446],[115.8756121,-31.9835789],[115.8756223,-31.9835714],[115.8756422,-31.9835888],[115.8756585,-31.9835755],[115.8756929,-31.9836018],[115.8757644,-31.9835427],[115.8757313,-31.9835128],[115.8757947,-31.9834613],[115.8758046,-31.9834694],[115.8758668,-31.9834176],[115.8757464,-31.983313],[115.8756972,-31.9833531],[115.8756244,-31.9832947],[115.8755573,-31.9833494],[115.8756532,-31.9834314],[115.8756438,-31.9834399],[115.875547,-31.9833573],[115.8754756,-31.9834159],[115.875527,-31.9834593],[115.8755123,-31.9834708]]]}},{"type":"Feature","properties":{"id":"supplemental-wa-ed5e8ba6670612f3","name":"Stirling Central Medical Group","category":"doctor","category_label":"Doctor / general practice","service_type":"Pregnancy termination","suburb":"Westminster","state":"WA","postcode":"6061","appointment_required":false,"geometry_source":"openstreetmap","boundary_status":"matched","zone_basis":"osm-containing-building","zone_confidence":"building-match","legal_note":"Public Health Act 2016 (WA) s 202O includes the abortion premises and the area within 150 m outside its boundary. This map buffers the mapped building, which may not exactly match the legal premises boundary.","osm_url":"https://www.openstreetmap.org/way/25498681","source":"openstreetmap"},"geometry":{"type":"Polygon","coordinates":[[[115.8286278,-31.8633297],[115.8296717,-31.8633295],[115.8296716,-31.8627742],[115.829413,-31.8627742],[115.829413,-31.8626923],[115.8298579,-31.8626923],[115.8298579,-31.8619207],[115.8294957,-31.8619206],[115.8294957,-31.8617663],[115.8287432,-31.8617662],[115.8287431,-31.862196],[115.8286275,-31.8622917],[115.8286276,-31.8627089],[115.8286278,-31.8633297]]]}},{"type":"Feature","properties":{"id":"supplemental-wa-76c4f43e83fa8390","name":"Telehealth Abortion Clinic","category":"clinic","category_label":"Abortion clinic","service_type":"Pregnancy termination","suburb":"Midland","state":"WA","postcode":"6056","appointment_required":false,"geometry_source":"openstreetmap","boundary_status":"matched","zone_basis":"osm-containing-building","zone_confidence":"building-match","legal_note":"Public Health Act 2016 (WA) s 202O includes the abortion premises and the area within 150 m outside its boundary. This map buffers the mapped building, which may not exactly match the legal premises boundary.","osm_url":"https://www.openstreetmap.org/way/133062973","source":"openstreetmap"},"geometry":{"type":"Polygon","coordinates":[[[115.9988135,-31.890949],[115.9988183,-31.8906777],[115.9986556,-31.8906754],[115.9986553,-31.8907167],[115.9981027,-31.8907076],[115.9981029,-31.8906673],[115.9973741,-31.8906541],[115.9973732,-31.8906894],[115.9972283,-31.8906848],[115.9972273,-31.8907131],[115.9970581,-31.8907101],[115.9970574,-31.8907396],[115.9969065,-31.8907395],[115.9969066,-31.8907781],[115.9967412,-31.8907765],[115.9967375,-31.8909194],[115.9988135,-31.890949]]]}},{"type":"Feature","properties":{"id":"supplemental-wa-4c7a7f32c96cbe47","name":"Thomsons Lake Medical Centre","category":"doctor","category_label":"Doctor / general practice","service_type":"Pregnancy termination","suburb":"Cockburn Central","state":"WA","postcode":"6164","appointment_required":false,"geometry_source":"openstreetmap","boundary_status":"matched","zone_basis":"osm-containing-building","zone_confidence":"building-match","legal_note":"Public Health Act 2016 (WA) s 202O includes the abortion premises and the area within 150 m outside its boundary. This map buffers the mapped building, which may not exactly match the legal premises boundary.","osm_url":"https://www.openstreetmap.org/way/1097024218","source":"openstreetmap"},"geometry":{"type":"Polygon","coordinates":[[[115.8498871,-32.1215684],[115.8501049,-32.1216104],[115.8502053,-32.1212368],[115.8499876,-32.1211948],[115.8498871,-32.1215684]]]}},{"type":"Feature","properties":{"id":"supplemental-wa-789145bcee2966a8","name":"Women's Health Great Southern","category":"doctor","category_label":"Doctor / general practice","service_type":"Pregnancy termination","suburb":"Mira Mar","state":"WA","postcode":"6330","appointment_required":false,"geometry_source":"openstreetmap","boundary_status":"matched","zone_basis":"osm-containing-building","zone_confidence":"building-match","legal_note":"Public Health Act 2016 (WA) s 202O includes the abortion premises and the area within 150 m outside its boundary. This map buffers the mapped building, which may not exactly match the legal premises boundary.","osm_url":"https://www.openstreetmap.org/way/372030706","source":"openstreetmap"},"geometry":{"type":"Polygon","coordinates":[[[117.8983285,-35.017624],[117.8983308,-35.0175983],[117.8983943,-35.017602],[117.8983921,-35.0176268],[117.8984096,-35.0176279],[117.8984038,-35.0176937],[117.8982804,-35.0176864],[117.8982861,-35.0176215],[117.8983285,-35.017624]]]}}]}
