{"type":"FeatureCollection","features":[{"type":"Feature","properties":{"id":"d90e34a8-3486-c442-5d16-c6d483586785","name":"Macquarie Street Clinic","category":"clinic","category_label":"Abortion clinic","service_type":"Pregnancy termination","suburb":"SYDNEY","state":"NSW","postcode":"2000","phone":"02 9221 1933","website":"https://www.contraceptiveservices.com","appointment_required":true,"geometry_source":"openstreetmap","boundary_status":"matched","zone_basis":"osm-containing-building","zone_confidence":"building-match","legal_note":"Public Health Act 2010 (NSW) s 98A covers the clinic premises and every place within 150 m of any part of those premises or a pedestrian access point to the building. This map buffers the mapped building and does not separately model pedestrian access points.","osm_url":"https://www.openstreetmap.org/way/1451599956","data_source":"Healthdirect National Health Services Directory (NHSD)","data_source_url":"https://www.healthdirect.gov.au/australian-health-services","source_synced_at":"2026-09-16T00:09:42Z"},"geometry":{"type":"Polygon","coordinates":[[[151.2115043851294,-33.86571633691096],[151.21149171989077,-33.865715785932935],[151.21143811958316,-33.865714924908],[151.21138451424537,-33.86571553281219],[151.2113309622476,-33.86571760898357],[151.2112775219019,-33.865721151161424],[151.21122425139893,-33.86572615548871],[151.21117120874436,-33.86573261651627],[151.21111845169574,-33.86574052720877],[151.21106603769974,-33.86574987895236],[151.2110140238295,-33.865760661563996],[151.21096246672252,-33.86577286330263],[151.21091142251905,-33.86578647088191],[151.2108609468009,-33.86580146948468],[151.21081109453092,-33.865817842779066],[151.21076191999322,-33.86583557293635],[151.210713476734,-33.8658546406503],[151.21066581750327,-33.86587502515822],[151.21061899419746,-33.86589670426354],[151.2105730578029,-33.86591965435999],[151.21052805834017,-33.86594385045735],[151.2104840448099,-33.86596926620855],[151.2104410651392,-33.86599587393847],[151.21039916612952,-33.86602364467399],[151.21035839340573,-33.866052548175574],[151.21031879136646,-33.866082552970205],[151.21028040313567,-33.866113626385605],[151.21024327051572,-33.86614573458584],[151.21020743394195,-33.8661788426082],[151.2101729324385,-33.866212914401174],[151.21013980357586,-33.86624791286378],[151.21010808343004,-33.86628379988589],[151.21007780654324,-33.86632053638986],[151.21004900588608,-33.86635808237288],[151.21002171282194,-33.8663963969507],[151.20999595707266,-33.866435438402064],[151.20997176668615,-33.866475164214165],[151.20994916800598,-33.86651553112892],[151.20992818564244,-33.866556495190075],[151.20990884244603,-33.86659801179107],[151.2098911594824,-33.86664003572361],[151.2098751560093,-33.866682521226885],[151.2098608494559,-33.866725422037405],[151.20984825540353,-33.86676869143938],[151.20983738756877,-33.86681228231557],[151.20982825778862,-33.86685614719858],[151.2098208760074,-33.866900238322614],[151.2098077743514,-33.86698923815199],[151.20980215584976,-33.86703343975793],[151.20979829413096,-33.867077771062995],[151.20979619339,-33.86712218394061],[151.20979585591022,-33.867166630175596],[151.20979728206078,-33.867211061516464],[151.20980047029613,-33.8672554297278],[151.2098054171579,-33.86729968664269],[151.2098121172783,-33.86734378421496],[151.20982056338633,-33.86738767457132],[151.2098307463153,-33.86743131006338],[151.2098426550131,-33.86747464331939],[151.20985627655395,-33.867517627295605],[151.20987159615242,-33.86756021532742],[151.20988859717968,-33.86760236118],[151.2099072611814,-33.86764401909847],[151.20992756789767,-33.86768514385764],[151.2099494952852,-33.86772569081105],[151.2099730195411,-33.86776561593945],[151.20999811512883,-33.86780487589863],[151.21002475480572,-33.86784342806643],[151.21005290965277,-33.867881230589056],[151.21008254910586,-33.86791824242651],[151.21011364098908,-33.867954423397116],[151.21014615154942,-33.86798973422119],[151.2101800454937,-33.86802413656368],[151.21021528602665,-33.86805759307575],[151.21025183489107,-33.86809006743539],[151.21028965240905,-33.86812152438679],[151.2103286975254,-33.86815192977867],[151.21036892785193,-33.868181250601346],[151.21041029971366,-33.86820945502258],[151.21045276819618,-33.86823651242206],[151.21049628719427,-33.8682623934248],[151.21054080946223,-33.86828706993289],[151.21058628666495,-33.868310515156104],[151.21063266943045,-33.86833270364092],[151.21067990740352,-33.868353611298204],[151.2107279493004,-33.86837321542932],[151.2107767429644,-33.868391494750846],[151.21082623542256,-33.86840842941761],[151.21087637294315,-33.86842400104428],[151.21092710109406,-33.86843819272533],[151.21097836480183,-33.86845098905333],[151.2110301084116,-33.86846237613578],[151.21108227574723,-33.868472341610136],[151.21113481017267,-33.868480874657216],[151.21118765465314,-33.86848796601301],[151.21124075181731,-33.868493607978635],[151.21126831143835,-33.868496153976324],[151.211273489594,-33.86849770396825],[151.21132444052031,-33.868511397364465],[151.21137590732448,-33.86852368897278],[151.21142783408243,-33.86853456543705],[151.2114801643702,-33.86854401493879],[151.21153284132527,-33.86855202721008],[151.2115858077085,-33.86855859354472],[151.21163900596605,-33.86856370680764],[151.21192951048928,-33.86858760718346],[151.21198230336338,-33.868591229903274],[151.21203521041886,-33.86859342160272],[151.21208817540636,-33.8685941799516],[151.21214114201476,-33.86859350414372],[151.21219405393128,-33.86859139489753],[151.2122468549013,-33.86858785445555],[151.21229948878815,-33.86858288658189],[151.21235189963284,-33.86857649655827],[151.21240403171353,-33.86856869117838],[151.21245582960483,-33.86855947874073],[151.2125072382367,-33.868548869039735],[151.21255820295292,-33.86853687335533],[151.2126086695694,-33.86852350444104],[151.21265858443164,-33.86850877651033],[151.21270789447186,-33.8684927052215],[151.21275654726537,-33.86847530766111],[151.21280449108633,-33.86845660232573],[151.21285167496274,-33.86843660910233],[151.21289804873072,-33.868415349247115],[151.21294356308772,-33.86839284536288],[151.2129881696451,-33.868369121375046],[151.2130318209793,-33.86834420250618],[151.21307447068256,-33.8683181152492],[151.21311607341218,-33.86829088733915],[151.21315658493862,-33.86826254772378],[151.2131959621926,-33.86823312653276],[151.2132341633109,-33.868202655045565],[151.21327114768087,-33.868171165658296],[151.2133068759836,-33.86813869184924],[151.21334131023565,-33.86810526814318],[151.21337441382948,-33.8680709300748],[151.2134061515725,-33.86803571415084],[151.21343648972424,-33.86799965781128],[151.21346539603238,-33.86796279938954],[151.21349283976699,-33.86792517807176],[151.2135187917532,-33.867886833855074],[151.21354322440214,-33.86784780750511],[151.21356611174045,-33.86780814051266],[151.21358742943767,-33.867767875049566],[151.21360715483226,-33.86772705392386],[151.21362526695552,-33.86768572053423],[151.21364174655415,-33.86764391882399],[151.21365657611034,-33.867601693234185],[151.2136697398607,-33.86755908865651],[151.21368122381293,-33.8675161503855],[151.21369101576047,-33.86747292407034],[151.21369910529575,-33.86742945566641],[151.2137054838212,-33.8673857913864],[151.2137080834356,-33.867365191352484],[151.21371272936616,-33.86732154838308],[151.21371566595556,-33.86727780315722],[151.2137168901087,-33.86723400182037],[151.2137164005369,-33.86719019057709],[151.21371419775923,-33.867146415642345],[151.21371028410192,-33.86710272319271],[151.213704663696,-33.86705915931771],[151.21369734247284,-33.86701576997114],[151.21368832815784,-33.86697260092263],[151.21367763026237,-33.86692969770936],[151.2136652600737,-33.86688710558803],[151.2136512306431,-33.86684486948711],[151.21363555677195,-33.86680303395944],[151.2136182549963,-33.86676164313527],[151.21359934356923,-33.86672074067568],[151.21357884244173,-33.86668036972655],[151.2135567732416,-33.866640572873],[151.21353315925057,-33.866601392094566],[151.2135080253798,-33.86656286872081],[151.21348139814359,-33.86652504338781],[151.21345330563142,-33.86648795599525],[151.21342377747825,-33.86645164566436],[151.2133928448333,-33.86641615069666],[151.21336491932806,-33.866386204415015],[151.21336346676824,-33.86638451122111],[151.21333128682596,-33.866349480135234],[151.2132977463446,-33.866315340307935],[151.21326288110282,-33.86628212815554],[151.21322672829217,-33.8662498791048],[151.21318932647756,-33.86621862755511],[151.21315071555605,-33.866188406841786],[151.21311093671426,-33.866159249200564],[151.21307003238445,-33.86613118573321],[151.2130280461993,-33.866104246374285],[151.21298502294545,-33.866078459859295],[151.2129410085155,-33.86605385369401],[151.21289604985915,-33.86603045412514],[151.21285019493337,-33.86600828611229],[151.21280349265078,-33.86598737330143],[151.2127559928279,-33.8659677379996],[151.21270774613188,-33.865949401151155],[151.21265880402632,-33.86593238231541],[151.21260921871652,-33.865916699645794],[151.21255904309382,-33.86590236987049],[151.21250833067913,-33.86588940827457],[151.2124571355658,-33.86587782868373],[151.2124055123621,-33.86586764344949],[151.21235351613277,-33.86585886343608],[151.21230120234037,-33.865851498008844],[151.2122915646646,-33.865850408596316],[151.21226977787467,-33.86584174607216],[151.2122211007176,-33.865823993346154],[151.21217175007544,-33.865807572644016],[151.21212177879775,-33.86579250155054],[151.21207124039864,-33.865778796205234],[151.21202018899953,-33.86576647128504],[151.21196867927108,-33.865755539988605],[151.21191676637474,-33.865746014022136],[151.21186450590363,-33.86573790358689],[151.211811953823,-33.865731217368264],[151.21175916641042,-33.86572596252645],[151.21172186699036,-33.865722762576745],[151.21166895581078,-33.86571894793832],[151.21161592274345,-33.86571657140026],[151.21156282446304,-33.8657156355023],[151.21150971771408,-33.86571614124462],[151.2115043851294,-33.86571633691096]]]}},{"type":"Feature","properties":{"id":"6bf7cdfa-f718-4938-b33a-6c015b323485","name":"MSI Sydney CBD Abortion & Contraception Clinic","category":"clinic","category_label":"Abortion clinic","service_type":"Pregnancy termination","suburb":"SYDNEY","state":"NSW","postcode":"2000","phone":"1300 003 707","website":"https://www.msiaustralia.org.au/find-a-clinic/msi-sydney-cbd-clinic/","appointment_required":true,"geometry_source":"openstreetmap","boundary_status":"matched","zone_basis":"osm-containing-building","zone_confidence":"building-match","legal_note":"Public Health Act 2010 (NSW) s 98A covers the clinic premises and every place within 150 m of any part of those premises or a pedestrian access point to the building. This map buffers the mapped building and does not separately model pedestrian access points.","osm_url":"https://www.openstreetmap.org/way/588857921","data_source":"Healthdirect National Health Services Directory (NHSD)","data_source_url":"https://www.healthdirect.gov.au/australian-health-services","source_synced_at":"2026-09-16T00:09:42Z"},"geometry":{"type":"Polygon","coordinates":[[[151.21062625835395,-33.86612921289796],[151.21060060446905,-33.86615564009265],[151.210568609076,-33.86619090211537],[151.21053802048056,-33.86622701462736],[151.21050887144855,-33.866263938947796],[151.21048119320403,-33.866301635526305],[151.21045501539572,-33.866340063985206],[151.21043036606534,-33.86637918316289],[151.21040727161753,-33.866418951157826],[151.21038575679157,-33.86645932537344],[151.21036584463482,-33.8665002625638],[151.2103475564781,-33.866541718879866],[151.21033091191282,-33.866583649916485],[151.21031592876997,-33.86662601075993],[151.21030262310094,-33.86666875603608],[151.21029100916053,-33.86671183995892],[151.21028109939132,-33.86675521637964],[151.21027290441072,-33.86679883883607],[151.21026643299936,-33.866842660602416],[151.21025753169516,-33.866912360486275],[151.21025275304729,-33.86695676447425],[151.21024974407285,-33.867001275325805],[151.210248508061,-33.86704584442806],[151.2102490463644,-33.86709042310444],[151.2102513583979,-33.867134962667855],[151.21025544163916,-33.867179414473796],[151.21026129163135,-33.86722372997359],[151.21026890198814,-33.86726786076732],[151.21027826440033,-33.86731175865675],[151.2102893686454,-33.867355375697905],[151.21030220259817,-33.867398664253514],[151.21031675224438,-33.86744157704494],[151.2103330016959,-33.86748406720395],[151.21035093320788,-33.867526088323764],[151.21037052719848,-33.867567594509836],[151.21039176226992,-33.86760854042994],[151.210414615232,-33.86764888136373],[151.21043906112735,-33.867688573251506],[151.21046507325877,-33.8677275727424],[151.21049262321827,-33.867765837241734],[151.21052168091825,-33.86780332495749],[151.2105522146241,-33.86783999494601],[151.21058419098912,-33.86787580715668],[151.21061757509077,-33.867910722475685],[151.2106523304689,-33.86794470276878],[151.21068841916542,-33.86797771092289],[151.21072580176602,-33.868009710886604],[151.21076443744292,-33.8680406677097],[151.21080428399964,-33.86807054758118],[151.21084529791707,-33.868099317866275],[151.21088743440097,-33.86812694714206],[151.21093064743084,-33.8681534052318],[151.21097488981027,-33.86817866323791],[151.21102011321847,-33.868202693573494],[151.2110662682631,-33.868225469992524],[151.21111330453402,-33.86824696761846],[151.2111611706586,-33.86826716297146],[151.2112098143577,-33.86828603399402],[151.2112591825028,-33.86830356007509],[151.21130922117396,-33.868319722072485],[151.21132842141955,-33.86832562215993],[151.21137728474437,-33.868339906255116],[151.21142667170926,-33.86835288955829],[151.2114765321004,-33.86836455886871],[151.2115268152225,-33.868374902321634],[151.21157746995056,-33.868383909400386],[151.21162844478147,-33.86839157094704],[151.2116796878868,-33.86839787917172],[151.21173114716527,-33.868402827660546],[151.21184925218915,-33.868412603246966],[151.21204395841607,-33.86842877884351],[151.21209735411088,-33.86843247744312],[151.21215086765756,-33.86843471201898],[151.21220444084744,-33.86843548014043],[151.21225801540695,-33.868434780971974],[151.21231153306104,-33.8684326152741],[151.21236493559653,-33.868428985402545],[151.21241816492554,-33.868423895305654],[151.21247116314856,-33.8684173505201],[151.21252387261757,-33.86840935816488],[151.21257623599863,-33.868399926933606],[151.2126281963343,-33.86838906708493],[151.21267969710556,-33.86837679043153],[151.2127306822935,-33.868363110327145],[151.21278109643998,-33.868348041652105],[151.2128308847081,-33.86833160079713],[151.21287999294185,-33.868313805645485],[151.21292836772503,-33.86829467555356],[151.21297595643932,-33.86827423132977],[151.21302270732156,-33.868252495211934],[151.21306856952003,-33.86822949084312],[151.21311349314976,-33.86820524324586],[151.21315742934684,-33.868179778794975],[151.21320033032154,-33.86815312518886],[151.21324214941026,-33.86812531141938],[151.2132828411264,-33.868096367740286],[151.21332236120972,-33.86806632563436],[151.21336066667453,-33.868035217779116],[151.21339771585644,-33.868003078011256],[151.21343346845777,-33.86796994128992],[151.21346788559111,-33.86793584365859],[151.21350092982198,-33.867900822205925],[151.21353256520928,-33.86786491502534],[151.2135627573445,-33.86782816117369],[151.21359147338904,-33.867790600628695],[151.21361868211008,-33.867752274245454],[151.21364435391442,-33.867713223712045],[151.21366846088063,-33.86767349150414],[151.21369097678962,-33.867633120838846],[151.2137118771529,-33.86759215562762],[151.21373113923934,-33.867550640428576],[151.21374874209994,-33.86750862039799],[151.21376466659044,-33.86746614124116],[151.2137788953923,-33.86742324916273],[151.21379141303137,-33.86737999081638],[151.21380220589492,-33.86733641325414],[151.2138112622462,-33.86729256387515],[151.21381857223736,-33.86724849037416],[151.21384506885107,-33.86706659002904],[151.2138506302711,-33.867022285710654],[151.21385442699798,-33.86697785308281],[151.2138564548946,-33.86693334059359],[151.21385671175258,-33.86688879677814],[151.21385519729466,-33.86684427020562],[151.21385191317486,-33.86679980942639],[151.21384686297694,-33.86675546291892],[151.21384005221006,-33.86671127903706],[151.2138314883032,-33.86666730595724],[151.21382118059688,-33.86662359162599],[151.2138091403328,-33.86658018370758],[151.21379538064178,-33.86653712953219],[151.21377991652938,-33.866494476044146],[151.2137627648595,-33.86645226975086],[151.213743944336,-33.86641055667206],[151.21372347548225,-33.86636938228962],[151.21370138061883,-33.86632879149799],[151.2136776838391,-33.86628882855525],[151.21365241098303,-33.86624953703483],[151.21362558960882,-33.86621095977801],[151.2135972489631,-33.866173138847245],[151.21356741994887,-33.86613611548027],[151.21353613509177,-33.86609993004513],[151.2135034285047,-33.8660646219962],[151.21346933585068,-33.86603022983119],[151.21343389430373,-33.86599679104907],[151.21339714250863,-33.86596434210934],[151.2133591205385,-33.86593291839216],[151.21331986985138,-33.865902554159796],[151.2132794332447,-33.865873282519345],[151.21323785480894,-33.86584513538653],[151.2131951798794,-33.865818143450966],[151.2131514549867,-33.865792336142746],[151.21310672780623,-33.86576774160022],[151.213061047106,-33.865744386639484],[151.21301446269356,-33.865722296725025],[151.21296702536176,-33.865701495942005],[151.21291878683317,-33.86568200696999],[151.21286979970387,-33.865663851058244],[151.21282011738603,-33.865647048002565],[151.2127697940498,-33.86563161612366],[151.21271888456394,-33.86561757224722],[151.21266744443645,-33.86560493168557],[151.21261552975366,-33.86559370822095],[151.21256319711932,-33.86558391409053],[151.2125105035928,-33.865575559972996],[151.2124575066269,-33.86556865497703],[151.2124042640052,-33.86556320663125],[151.2121464680098,-33.865540406989496],[151.21209354205575,-33.8655364518459],[151.21204048863586,-33.86553393608813],[151.21198736451004,-33.865532862407704],[151.211934226514,-33.86553323195334],[151.2118811314981,-33.86553504432966],[151.21182813626692,-33.86553829759765],[151.2117752975181,-33.86554298827677],[151.21172267178204,-33.86554911134863],[151.21167031536123,-33.86555666026236],[151.21161828427006,-33.865565626941645],[151.21156663417491,-33.86557600179334],[151.2115154203346,-33.86558777371775],[151.21146469754132,-33.86560093012048],[151.21141452006185,-33.865615456925944],[151.21136494157986,-33.86563133859238],[151.21131601513804,-33.865648558128505],[151.21126779308165,-33.865667097111675],[151.2112203270025,-33.8656869357076],[151.21117366768368,-33.865708052691566],[151.21112786504523,-33.86573042547114],[151.21108296809072,-33.86575403011033],[151.211039024855,-33.865778841355144],[151.2109960823526,-33.865804832660736],[151.21095418652754,-33.865831976219646],[151.21091338220413,-33.86586024299169],[151.21087371303906,-33.865889602734875],[151.21083522147464,-33.86592002403792],[151.21079794869348,-33.865951474353686],[151.21076193457435,-33.86598392003414],[151.2107272176495,-33.866017326366276],[151.21069383506347,-33.86605165760924],[151.21066182253338,-33.86608687703263],[151.21063121431067,-33.8661229469557],[151.21062625835395,-33.86612921289796]]]}},{"type":"Feature","properties":{"id":"37d7a483-8aa3-4c27-b1bc-c80942fe05da","name":"The Private Clinic","category":"clinic","category_label":"Abortion clinic","service_type":"Pregnancy termination","suburb":"SURRY HILLS","state":"NSW","postcode":"2010","phone":"02 9690 0000","website":"https://www.privateclinic.com.au/","appointment_required":true,"geometry_source":"openstreetmap","boundary_status":"matched","zone_basis":"osm-containing-building","zone_confidence":"building-match","legal_note":"Public Health Act 2010 (NSW) s 98A covers the clinic premises and every place within 150 m of any part of those premises or a pedestrian access point to the building. This map buffers the mapped building and does not separately model pedestrian access points.","osm_url":"https://www.openstreetmap.org/way/586315155","data_source":"Healthdirect National Health Services Directory (NHSD)","data_source_url":"https://www.healthdirect.gov.au/australian-health-services","source_synced_at":"2026-09-16T00:09:42Z"},"geometry":{"type":"Polygon","coordinates":[[[151.21073684196207,-33.887412964053425],[151.2108525106374,-33.88721777857628],[151.21088326932215,-33.88716278797094],[151.21089506900597,-33.887140387829035],[151.2109155211094,-33.8870997692073],[151.21093436567898,-33.88705861820549],[151.21095158264626,-33.8870169786523],[151.21096715367634,-33.88697489489672],[151.2109810621875,-33.886932411760746],[151.21099329336874,-33.88688957449172],[151.21100383419568,-33.88684642871404],[151.2110126734442,-33.88680302038063],[151.21101980170258,-33.88675939572404],[151.2110252113814,-33.88671560120707],[151.21102889672179,-33.88667168347338],[151.2110308538012,-33.88662768929781],[151.211031080538,-33.88658366553653],[151.21102957669333,-33.886539659077144],[151.21102634387157,-33.886495716788765],[151.21102138551848,-33.8864518854721],[151.21101470691758,-33.88640821180953],[151.2110063151846,-33.88636474231557],[151.2109962192596,-33.88632152328711],[151.21098442989785,-33.88627860075424],[151.210970959658,-33.88623602043124],[151.2109558228889,-33.88619382766781],[151.21093903571426,-33.88615206740084],[151.2109206160154,-33.88611078410653],[151.21090058341227,-33.886070021753],[151.21087895924265,-33.88602982375351],[151.21085576653908,-33.8859902329202],[151.21083103000473,-33.88595129141849],[151.2108047759868,-33.885913040722194],[151.2107770324485,-33.885875521569346],[151.2107478289394,-33.8858387739188],[151.21071719656382,-33.885802836907686],[151.2106851679477,-33.885767748809755],[151.2106517772039,-33.8857335469946],[151.21061705989592,-33.88570026788784],[151.21058105299983,-33.88566794693236],[151.21054379486506,-33.885636618550556],[151.21050532517353,-33.88560631610766],[151.2104656848973,-33.885577071876256],[151.210424916255,-33.88554891700187],[151.2103830626669,-33.88552188146982],[151.2103401687086,-33.88549599407327],[151.21029628006355,-33.88547128238259],[151.21025144347445,-33.885447772716],[151.21020570669347,-33.88542549011149],[151.2101591184314,-33.88540445830024],[151.2101117283056,-33.8853846996813],[151.2099310302817,-33.88531240071116],[151.20988309132397,-33.88529401062778],[151.20983445786268,-33.88527692341777],[151.20978518126157,-33.88526115712747],[151.20973531356353,-33.88524672840819],[151.20968490743573,-33.88523365249852],[151.20963401611382,-33.88522194320833],[151.20958269334585,-33.88521161290417],[151.20953099333542,-33.88520267249615],[151.20947897068461,-33.88519513142652],[151.2094266803361,-33.88518899765965],[151.20937417751526,-33.885184277673524],[151.2093215176719,-33.885180976453086],[151.20926875642152,-33.885179097484865],[151.20921594948683,-33.88517864275327],[151.2091631526387,-33.88517961273856],[151.20911042163735,-33.88518200641631],[151.20905781217357,-33.88518582125848],[151.20900537980967,-33.88519105323612],[151.20895317992102,-33.88519769682358],[151.2089012676375,-33.88520574500439],[151.20884969778524,-33.88521518927862],[151.20879852482884,-33.885226019671876],[151.20874780281372,-33.88523822474588],[151.20869758530915,-33.88525179161049],[151.2086479253516,-33.88526670593732],[151.20859887538887,-33.885282951974865],[151.20855048722453,-33.88530051256519],[151.2085028119633,-33.88531936916196],[151.2084558999571,-33.88533950185012],[151.2084098007518,-33.88536088936686],[151.20836456303505,-33.88538350912407],[151.2083202345847,-33.88540733723222],[151.2082768622184,-33.885432348525605],[151.2082344917442,-33.88545851658883],[151.20819316791213,-33.88548581378484],[151.20815293436686,-33.885514211283976],[151.20811383360186,-33.8855436790945],[151.2080759069142,-33.88557418609426],[151.2080391943611,-33.8856057000635],[151.20800373471775,-33.88563818771896],[151.20796956543606,-33.885671614748965],[151.2079367226053,-33.88570594584969],[151.207905240914,-33.885741144762456],[151.20787515361317,-33.88577717431198],[151.2078464924813,-33.885813996445656],[151.20781928779076,-33.885851572273744],[151.20779356827578,-33.88588986211043],[151.20776936110212,-33.88592882551577],[151.20774743459492,-33.88596557197703],[151.2076130316875,-33.8861910703957],[151.2075900567379,-33.8862312719559],[151.20756869142525,-33.88627208066917],[151.20754895899736,-33.88631345213554],[151.20753088092562,-33.88635534134267],[151.20751447688153,-33.88639770271485],[151.20749976471532,-33.88644049016262],[151.20748676043647,-33.88648365713284],[151.2074754781964,-33.88652715665938],[151.207465930273,-33.886570941414234],[151.20745812705715,-33.88661496375897],[151.20745207704167,-33.88665917579659],[151.20744778681174,-33.88670352942361],[151.20744526103798,-33.886747976382495],[151.20744450247125,-33.88679246831397],[151.20744551193965,-33.88683695680986],[151.20744828834762,-33.886881393465586],[151.20745282867713,-33.88692572993293],[151.2074591279909,-33.886969917972586],[151.20746717943777,-33.887013909506685],[151.20747697426032,-33.88705765667107],[151.20748850180405,-33.8871011118674],[151.2075017495293,-33.88714422781495],[151.20751670302465,-33.88718695760201],[151.20753334602267,-33.88722925473696],[151.2075516604176,-33.887271073198875],[151.20757162628516,-33.887312367487546],[151.20759322190395,-33.88735309267305],[151.2076164237793,-33.8873932044446],[151.2076412066688,-33.887432659158755],[151.20766754360966,-33.88747141388692],[151.2076954059481,-33.8875094264621],[151.20772476337052,-33.88754665552469],[151.2077555839365,-33.887583060567565],[151.20778783411345,-33.88761860198012],[151.2078214788132,-33.887653241091364],[151.20785648143018,-33.88768694021203],[151.20789280388107,-33.88771966267554],[151.20793040664645,-33.88775137287798],[151.2079692488137,-33.887782036316736],[151.20800928812147,-33.88781161962816],[151.2080504810058,-33.88784009062376],[151.2080927826473,-33.88786741832532],[151.2081361470202,-33.88789357299856],[151.2081805269422,-33.88791852618549],[151.20822587412582,-33.887942250735385],[151.20827213923116,-33.88796472083437],[151.2083192719193,-33.88798591203346],[151.2083672209073,-33.88800580127515],[151.20845922113918,-33.88804240148729],[151.20855122137192,-33.88807900169976],[151.20859970580537,-33.8880974838821],[151.2086488949976,-33.88811463485146],[151.2086987359254,-33.88813043611991],[151.20874917486293,-33.888144870654415],[151.2088001574397,-33.88815792289521],[151.20885162869902,-33.88816957877259],[151.20890353315744,-33.88817982572205],[151.20895581486442,-33.88818865269783],[151.2090084174627,-33.88819605018486],[151.20906128424915,-33.88820201020896],[151.2091143582357,-33.8882065263455],[151.20916758221097,-33.88820959372627],[151.20922089880185,-33.88821120904478],[151.2092742505354,-33.88821137055979],[151.20932757990082,-33.88821007809719],[151.20938082941132,-33.8882073330502],[151.20943394166628,-33.888203138377825],[151.20948685941303,-33.88819749860179],[151.20953952560868,-33.8881904198015],[151.20959188348144,-33.888181909607596],[151.20964387659197,-33.88817197719368],[151.2096954488941,-33.88816063326646],[151.20974654479554,-33.88814789005415],[151.20979710921736,-33.88813376129337],[151.2098470876538,-33.88811826221427],[151.20989642623073,-33.88810140952412],[151.2099450717639,-33.88808322138933],[151.20999297181632,-33.888063717415825],[151.2100400747545,-33.888042918627924],[151.21008632980448,-33.888020847445716],[151.2101316871063,-33.88799752766081],[151.21017609776786,-33.88797298441073],[151.21021951391765,-33.88794724415181],[151.21026188875626,-33.887920334630714],[151.21030317660694,-33.88789228485441],[151.21034333296475,-33.88786312505903],[151.2103823145446,-33.887832886677195],[151.21042007932783,-33.88780160230413],[151.2104565866076,-33.887769305662566],[151.21049179703266,-33.88773603156634],[151.2105256726499,-33.8877018158829],[151.2105581769451,-33.88766669549463],[151.2105892748825,-33.88763070825907],[151.21061893294225,-33.88759389296812],[151.21064711915685,-33.88755628930622],[151.2106738031454,-33.88751793780757],[151.2106989561465,-33.887478879812434],[151.21072255104912,-33.88743915742256],[151.21073684196207,-33.887412964053425]]]}},{"type":"Feature","properties":{"id":"601c9353-c05f-490c-8321-99b8b786dd8a","name":"Double Bay Doctors","category":"doctor","category_label":"Doctor / general practice","service_type":"Pregnancy termination","suburb":"DOUBLE BAY","state":"NSW","postcode":"2028","phone":"02 9328 3100","website":"","appointment_required":true,"geometry_source":"openstreetmap","boundary_status":"matched","zone_basis":"osm-containing-building","zone_confidence":"building-match","legal_note":"Public Health Act 2010 (NSW) s 98A covers the clinic premises and every place within 150 m of any part of those premises or a pedestrian access point to the building. This map buffers the mapped building and does not separately model pedestrian access points.","osm_url":"https://www.openstreetmap.org/way/831631766","data_source":"Healthdirect National Health Services Directory (NHSD)","data_source_url":"https://www.healthdirect.gov.au/australian-health-services","source_synced_at":"2026-09-16T00:09:42Z"},"geometry":{"type":"Polygon","coordinates":[[[151.24447305943755,-33.875516020287584],[151.24445925578638,-33.87551834107062],[151.2444072255432,-33.875528579289615],[151.24435562923526,-33.87554023339661],[151.24430452274214,-33.875553290770085],[151.24425396141308,-33.87556773726874],[151.24420400000696,-33.875583557246806],[151.244154692633,-33.875600733571055],[151.24410609269225,-33.87561924763927],[151.24405825281957,-33.875639079400436],[151.24401122482695,-33.875660207376434],[151.24396505964702,-33.87568260868534],[151.2439198072782,-33.87570625906611],[151.24387551673044,-33.87573113290498],[151.24383223597206,-33.8757572032631],[151.243790011878,-33.87578444190574],[151.24374889017884,-33.87581281933289],[151.24370891541142,-33.875842304811144],[151.24367013087056,-33.87587286640706],[151.24363257856217,-33.875904471021656],[151.24359629915776,-33.87593708442634],[151.24356133195036,-33.87597067129992],[151.24352771481207,-33.87600519526688],[151.24349548415282,-33.87604061893671],[151.2434646748812,-33.87607690394452],[151.24343532036647,-33.87611401099247],[151.24340745240244,-33.87615189989238],[151.24338110117313,-33.876190529609254],[151.24335629521994,-33.876229858305685],[151.24333306141082,-33.87626984338723],[151.24324875935352,-33.876421242382996],[151.2432272975876,-33.87646149749775],[151.24320742930436,-33.876502312580804],[151.24318917566478,-33.8765436441662],[151.2431725561104,-33.87658544823792],[151.24315758834265,-33.87662768027668],[151.243144288304,-33.87667029530736],[151.2431326701608,-33.87671324794694],[151.24312274628846,-33.87675649245273],[151.24311452725806,-33.87679998277121],[151.24310802182512,-33.87684367258698],[151.24310323692035,-33.87688751537211],[151.24310017764208,-33.87693146443571],[151.24309884725102,-33.876975472973605],[151.2430992471667,-33.87701949411822],[151.24310137696588,-33.877063480988525],[151.24310523438305,-33.87710738673985],[151.24311081531283,-33.877151164613885],[151.24311811381438,-33.87719476798843],[151.24312712211758,-33.87723815042702],[151.24313783063138,-33.877281265728456],[151.24315022795412,-33.87732406797594],[151.24316430088535,-33.87736651158601],[151.24318003444023,-33.87740855135704],[151.24319741186522,-33.87745014251748],[151.24321641465605,-33.87749124077343],[151.2432370225774,-33.877531802355875],[151.24325921368435,-33.87757178406729],[151.2432829643459,-33.877611143327634],[151.24330824926992,-33.87764983821974],[151.24333504153034,-33.87768782753388],[151.24336331259556,-33.877725070811756],[151.24339303235905,-33.87776152838951],[151.2434241691712,-33.877797161440014],[151.24345668987317,-33.877831932014196],[151.24349055983217,-33.87786580308148],[151.24352574297833,-33.87789873856921],[151.2435622018431,-33.877930703401105],[151.24359989759913,-33.87796166353456],[151.24363879010167,-33.877991585996966],[151.24367883793136,-33.878020438920785],[151.24371999843814,-33.87804819157753],[151.2437622277869,-33.878074814410446],[151.24380548100413,-33.87810027906604],[151.24384971202568,-33.87812455842424],[151.24389487374594,-33.87814762662734],[151.24394091806798,-33.878169459107475],[151.24398779595478,-33.87819003261282],[151.24403545748146,-33.87820932523236],[151.24408775806668,-33.878229625523055],[151.2441377307218,-33.87824817710925],[151.2441884277455,-33.878265320592874],[151.24423979159343,-33.878281036514814],[151.2442917639641,-33.87829530703635],[151.24434428586537,-33.87830811595938],[151.2443972976811,-33.87831944874481],[151.24445073923914,-33.87832929252907],[151.24450454987937,-33.87833763613874],[151.24453015026688,-33.87834123619484],[151.24458417536346,-33.87834805966778],[151.2446384462902,-33.87835337097837],[151.24469290165777,-33.87835716411862],[151.2447474798681,-33.87835943479788],[151.2448021191842,-33.878360180447636],[151.24485675779985,-33.87835940022441],[151.24491133390978,-33.87835709501079],[151.24494333441214,-33.878355294982406],[151.24499667687363,-33.878351560660725],[151.24504984220994,-33.87834636949678],[151.2451027727112,-33.87833972712547],[151.24515541092248,-33.87833164075698],[151.24520769970627,-33.87832211916887],[151.24525958230427,-33.878311172696606],[151.24531100239923,-33.87829881322238],[151.24536190417595,-33.87828505416212],[151.24541223238202,-33.87826991045097],[151.24546193238763,-33.87825339852708],[151.24551095024495,-33.87823553631374],[151.24555923274676,-33.87821634319997],[151.24560672748416,-33.87819584001941],[151.2456323277359,-33.878184339859516],[151.2456770472361,-33.87816348674783],[151.24572095166147,-33.87814147217705],[151.2457639972625,-33.87811831808446],[151.24580614114544,-33.87809404754279],[151.24584734131534,-33.87806868473729],[151.2458875567177,-33.87804225494166],[151.24592674727936,-33.87801478449277],[151.24596487394865,-33.87798630076445],[151.24600189873405,-33.877956832140256],[151.24603778474224,-33.87792640798513],[151.24605698471908,-33.87790960780234],[151.24609657201438,-33.87787369214594],[151.24613457251684,-33.8778366139251],[151.2461709367331,-33.87779842143396],[151.2462530361637,-33.87770892057678],[151.24628456387745,-33.877673357663376],[151.24631467270834,-33.87763695709518],[151.24634333039563,-33.87759975787651],[151.24637050623372,-33.877561799867415],[151.24639617110495,-33.877523123740964],[151.24642029751072,-33.87748377093962],[151.24644285960127,-33.8774437836309],[151.24646383320294,-33.87740320466212],[151.24648319584432,-33.877362077514555],[151.24650092678033,-33.87732044625677],[151.24651700701432,-33.877278355497424],[151.2465314193185,-33.87723585033747],[151.2465441482524,-33.877192976321886],[151.24655518017929,-33.87714977939074],[151.24656450328092,-33.87710630583011],[151.24657210757013,-33.877062602222345],[151.24657798490148,-33.877018715396254],[151.24658212898004,-33.876974692376926],[151.24658453536807,-33.876930580335255],[151.24658520148986,-33.876886426537475],[151.24658412663433,-33.87684227829449],[151.24658131195588,-33.876798182911166],[151.24657676047315,-33.87675418763567],[151.2465704770657,-33.87671033960883],[151.24656246846885,-33.8766666858136],[151.24655274326642,-33.87662327302479],[151.2465413118815,-33.876580147758865],[151.24652818656526,-33.87653735622415],[151.24651338138386,-33.87649494427133],[151.24649691220344,-33.876452957344256],[151.24647879667285,-33.87641144043135],[151.24645905420502,-33.87637043801733],[151.24643770595603,-33.87632999403561],[151.24641477480236,-33.87629015182113],[151.24639028531647,-33.87625095406403],[151.24636426374045,-33.87621244276387],[151.2463367379579,-33.8761746591846],[151.24630773746398,-33.87613764381041],[151.24627729333386,-33.87610143630231],[151.24624543818942,-33.876066075455654],[151.24621220616424,-33.87603159915857],[151.2461776328671,-33.875998044351405],[151.24614175534379,-33.875965446987045],[151.24610461203733,-33.875933841992534],[151.246066242747,-33.87590326323155],[151.24602668858532,-33.87587374346816],[151.24598599193442,-33.87584531433175],[151.24594419640042,-33.87581800628305],[151.2459013467666,-33.87579184858162],[151.24585748894563,-33.87576686925441],[151.24576328482945,-33.87571507683583],[151.2457477754067,-33.875706489747756],[151.2457033602137,-33.87568275518455],[151.24565803930005,-33.87566023176956],[151.2456118605606,-33.87563894330499],[151.24556487279636,-33.875618912287955],[151.2455171256634,-33.87560015988671],[151.2454686696201,-33.87558270591829],[151.24541955587387,-33.87556656882756],[151.2453698363271,-33.87555176566775],[151.2453195635223,-33.87553831208242],[151.2452687905865,-33.875526222288926],[151.24521757117532,-33.875515509063405],[151.24516595941597,-33.87550618372725],[151.24511400985037,-33.875498256135224],[151.24506177737726,-33.87549173466494],[151.24500931719433,-33.87548662620809],[151.24495668474,-33.87548293616313],[151.24490393563454,-33.8754806684296],[151.24485112562155,-33.87547982540396],[151.244798310509,-33.875480407977086],[151.2447455461102,-33.87548241553333],[151.244692888185,-33.875485845951175],[151.24464039238055,-33.875490695605464],[151.24458811417284,-33.87549695937125],[151.24453610880792,-33.87550463062915],[151.24448443124356,-33.875513701272446],[151.24447305943755,-33.875516020287584]]]}},{"type":"Feature","properties":{"id":"4cc90c9f-f709-4b77-9871-afbc316f008c","name":"Bondi Doctors","category":"doctor","category_label":"Doctor / general practice","service_type":"Pregnancy termination","suburb":"BONDI BEACH","state":"NSW","postcode":"2026","phone":"02 9365 2833","website":"http://www.bondidoctors.com/","appointment_required":true,"geometry_source":"openstreetmap","boundary_status":"matched","zone_basis":"osm-containing-building","zone_confidence":"building-match","legal_note":"Public Health Act 2010 (NSW) s 98A covers the clinic premises and every place within 150 m of any part of those premises or a pedestrian access point to the building. This map buffers the mapped building and does not separately model pedestrian access points.","osm_url":"https://www.openstreetmap.org/way/623987597","data_source":"Healthdirect National Health Services Directory (NHSD)","data_source_url":"https://www.healthdirect.gov.au/australian-health-services","source_synced_at":"2026-09-16T00:09:42Z"},"geometry":{"type":"Polygon","coordinates":[[[151.268108892023,-33.88896819622814],[151.26810768511345,-33.88901266814884],[151.2681082452097,-33.88905714892352],[151.2681105717055,-33.889101590184744],[151.2681146620738,-33.889145943607915],[151.26812051186963,-33.88919016096391],[151.26812811473462,-33.88923419417146],[151.2681374624043,-33.88927799534949],[151.2681485447168,-33.88932151686915],[151.26816134962402,-33.889364711405605],[151.26817586320456,-33.889407531989484],[151.26819206967903,-33.88944993205805],[151.26820995142717,-33.889491865505704],[151.26822948900684,-33.889533286734164],[151.26825066117533,-33.889574150702124],[151.2682734449124,-33.88961441297414],[151.2682978154453,-33.889654029769],[151.2683237462756,-33.889692958007316],[151.26835120920816,-33.88973115535841],[151.26838017438166,-33.88976858028627],[151.2684106103012,-33.88980519209478],[151.26844248387235,-33.88984095097199],[151.26847576043727,-33.88987581803337],[151.2685104038124,-33.889909755364094],[151.26854637632772,-33.889942726060326],[151.26858363886777,-33.88997469426926],[151.26862215091415,-33.89000562522826],[151.26866187058957,-33.890035485302484],[151.26870275470347,-33.89006424202158],[151.2687447587989,-33.890091864115],[151.26878783720085,-33.89011832154592],[151.26883194306595,-33.89014358554406],[151.26887702843348,-33.89016762863675],[151.26892304427747,-33.890190424679055],[151.26896994055988,-33.89021194888201],[151.2690176662853,-33.8902321778397],[151.26906616955617,-33.89025108955467],[151.26911539762926,-33.890268663461825],[151.2691652969732,-33.89028488045084],[151.2692158133264,-33.89029972288695],[151.26926689175636,-33.89031317463007],[151.26931847671923,-33.890325221052414],[151.26937051212028,-33.89033584905436],[151.26942294137487,-33.89034504707871],[151.26947570747,-33.89035280512328],[151.26952875302638,-33.89035911475172],[151.26958202036076,-33.89036396910276],[151.26963545154874,-33.890367362897656],[151.26974195322393,-33.89037266298132],[151.2697974987567,-33.89037463631569],[151.26985309310052,-33.89037503124586],[151.26985448181156,-33.89037500166354],[151.26985894873928,-33.89037516836866],[151.26987806291694,-33.89037637836872],[151.26996676431227,-33.89038077843818],[151.2699816970545,-33.890381304168116],[151.26999875046525,-33.89038239771449],[151.2701256524611,-33.89038879781551],[151.2701785363413,-33.890390747866974],[151.2702314686777,-33.89039126705126],[151.27028439330093,-33.89039035481745],[151.27033725404974,-33.89038801213357],[151.27038999483065,-33.890384241485584],[151.2704425596776,-33.8903790468747],[151.27049489281112,-33.89037243381323],[151.27054693869778,-33.890364409318636],[151.2705986421089,-33.89035498190615],[151.27064994817937,-33.89034416157974],[151.27070080246568,-33.89033195982139],[151.2707511510039,-33.89031838957904],[151.27076345116632,-33.89031488952669],[151.27081279150218,-33.890300106630924],[151.27086153134974,-33.89028400951013],[151.27090961992306,-33.890266614937296],[151.2709570071149,-33.89024794103734],[151.27100364354897,-33.89022800726817],[151.27104948063135,-33.89020683440049],[151.27109447060116,-33.89018444449608],[151.27113856658028,-33.890160860884855],[151.27118172262226,-33.89013610814052],[151.27122389376007,-33.89011021205498],[151.27126503605317,-33.89008319961145],[151.27130510663312,-33.89005509895636],[151.2713440637483,-33.890025939369984],[151.2713818668074,-33.88999575123597],[151.27141164821742,-33.889970382492464],[151.27142387310397,-33.88996046135944],[151.27146084191597,-33.88992841874669],[151.27149652131578,-33.88989538426225],[151.27153087270787,-33.889861393641986],[151.27156385893346,-33.88982648365601],[151.27159335872494,-33.889794183347426],[151.27162476650096,-33.88975860003779],[151.2716547559091,-33.88972218328902],[151.2716832948816,-33.889684972043845],[151.2717103529019,-33.88964700609452],[151.27173590103723,-33.889608326040346],[151.27175991196958,-33.88956897324414],[151.2717823600248,-33.88952898978809],[151.27180322120014,-33.88948841842876],[151.27182247318996,-33.889447302551275],[151.27184009540935,-33.889405686123006],[151.27185606901642,-33.88936361364652],[151.27187037693227,-33.889321130112016],[151.27188300385922,-33.88927828094915],[151.27189393629723,-33.889235111978515],[151.2719031625584,-33.889191669362624],[151.27191067277928,-33.889147999556535],[151.27191645893157,-33.88910414925816],[151.2719205148305,-33.889060165358394],[151.27192283614164,-33.88901609489088],[151.2719234203854,-33.888971984981765],[151.27192226693978,-33.88892788279931],[151.27191937704086,-33.88888383550345],[151.27191475378154,-33.88883989019533],[151.27190840210835,-33.88879609386699],[151.27190032881597,-33.888752493351056],[151.27189054253998,-33.88870913527074],[151.27187905374768,-33.88866606598989],[151.27186587472693,-33.88862333156351],[151.27185101957284,-33.88858097768843],[151.27183450417274,-33.8885390496545],[151.2718163461894,-33.88849759229614],[151.27179656504177,-33.8884566499444],[151.2717751818845,-33.888416266379586],[151.2717522195851,-33.88837648478437],[151.27172770269965,-33.88833734769771],[151.27170165744647,-33.88829889696931],[151.27167411167798,-33.88826117371491],[151.27164509485112,-33.88822421827227],[151.27161463799567,-33.888188070158094],[151.27158277368102,-33.888152768025726],[151.2715495359816,-33.8881183496239],[151.27151496044021,-33.88808485175628],[151.27147908403003,-33.88805231024218],[151.27144194511519,-33.88802075987823],[151.2714035834097,-33.887990234401194],[151.27136403993484,-33.88796076645192],[151.2713233569756,-33.88793238754036],[151.27117855757865,-33.8878346887393],[151.27113676789256,-33.88780742232444],[151.27109392637246,-33.8877813050358],[151.27107627109817,-33.88777126281926],[151.2710656929031,-33.887764338784216],[151.271022726938,-33.887738067337295],[151.27097874505583,-33.88771298114476],[151.27093379468403,-33.88768910725761],[151.27088792429444,-33.887666471419564],[151.27084118335068,-33.88764509803933],[151.27079362225513,-33.88762501016425],[151.27074529229438,-33.887606229455436],[151.27069624558396,-33.88758877616449],[151.27064653501228,-33.88757266911161],[151.27059621418343,-33.88755792566529],[151.2705453373595,-33.88754456172364],[151.270493959402,-33.8875325916972],[151.27044213571276,-33.88752202849345],[151.27038992217427,-33.887512883502836],[151.27033737508918,-33.887505166586536],[151.27028455111991,-33.88749888606583],[151.2702315072273,-33.88749404871307],[151.27017830060936,-33.88749065974443],[151.2701083017103,-33.88748715979968],[151.27005462990275,-33.88748521470971],[151.2700009099745,-33.88748474343764],[151.26994720063655,-33.88748574649853],[151.26989356058834,-33.88748822279612],[151.26984004845355,-33.887492169624046],[151.26978672271605,-33.887497582668786],[151.26973364165607,-33.88750445601437],[151.26968086328654,-33.88751278214886],[151.2696505964099,-33.88751842338319],[151.26962657828847,-33.88752178285726],[151.26961846933207,-33.88752313737589],[151.26960739899542,-33.88752431824116],[151.26955481170816,-33.887531389170725],[151.26950253187002,-33.88753988720446],[151.26945061566437,-33.88754980320983],[151.26939911888397,-33.88756112653046],[151.2693480968708,-33.88757384499754],[151.2692976044567,-33.88758794494298],[151.26924769590457,-33.88760341121402],[151.26919842484975,-33.88762022718956],[151.26914984424275,-33.887638374798016],[151.269102006292,-33.887657834536725],[151.26905496240806,-33.88767858549288],[151.2690087631482,-33.88770060536607],[151.26896345816206,-33.887723870492145],[151.26891909613843,-33.88774835586875],[151.2688757247528,-33.88777403518211],[151.26883339061612,-33.887800880835336],[151.2687921392249,-33.88782886397809],[151.26875201491205,-33.88785795453757],[151.26873246660926,-33.88787309307286],[151.26869741598867,-33.88789815038712],[151.2686577928873,-33.8879284317067],[151.2686194003207,-33.887959786368796],[151.26858228046015,-33.88799217993375],[151.26854647407944,-33.888025576820695],[151.26851202050958,-33.888059940346714],[151.26847895759582,-33.8880952327671],[151.26844732165614,-33.88813141531677],[151.26844266153552,-33.888137134704245],[151.26843699806483,-33.88814334235623],[151.26840634032882,-33.88817933107395],[151.26837711531775,-33.88821613203846],[151.2683493542352,-33.88825370595973],[151.26832308672195,-33.88829201272237],[151.2683185942183,-33.88829909276067],[151.2683058379661,-33.88831795356653],[151.2682814293934,-33.888356969166665],[151.26825856527728,-33.888396624300576],[151.26823726990358,-33.88843687685101],[151.26821756589214,-33.88847768406615],[151.26819947417277,-33.888519002605],[151.26818301396284,-33.888560788583426],[151.2681682027471,-33.888602997620794],[151.26815505625893,-33.88864558488703],[151.2681435884637,-33.88868850515033],[151.26813381154386,-33.888731712825084],[151.2681257358861,-33.888775162020416],[151.26811937007017,-33.888818806588816],[151.26811472085984,-33.88886260017521],[151.26811179319574,-33.8889064962662],[151.268108892023,-33.88896819622814]]]}},{"type":"Feature","properties":{"id":"5cbea1be-ced0-49f9-9cc1-5383f8fd3903","name":"SK Medical Centre","category":"doctor","category_label":"Doctor / general practice","service_type":"Pregnancy termination","suburb":"CAMPSIE","state":"NSW","postcode":"2194","phone":"02 9193 7850","website":"https://www.skmedicalcentre.com.au/","appointment_required":true,"geometry_source":"manual","boundary_status":"manual","zone_basis":"manual-premises","zone_confidence":"reviewed","legal_note":"Public Health Act 2010 (NSW) s 98A covers the clinic premises and every place within 150 m of any part of those premises or a pedestrian access point to the building. This map buffers the mapped building and does not separately model pedestrian access points.","osm_url":"","data_source":"Healthdirect National Health Services Directory (NHSD)","data_source_url":"https://www.healthdirect.gov.au/australian-health-services","source_synced_at":"2026-09-16T00:09:42Z"},"geometry":{"type":"Polygon","coordinates":[[[151.10323348768827,-33.91198311283911],[151.10260049308206,-33.91224576751093],[151.1025537459988,-33.91226595715438],[151.10250781207466,-33.912287393748365],[151.10246273958793,-33.91231005476248],[151.10241857591168,-33.912333916379424],[151.10237536746388,-33.912358953520034],[151.10233315965857,-33.91238513986958],[151.10229199685838,-33.91241244790547],[151.10225192232758,-33.91244084892617],[151.10221297818683,-33.912470313081336],[151.10217520536884,-33.91250080940324],[151.10213864357533,-33.91253230583925],[151.10210333123536,-33.912564769285574],[151.1020693054648,-33.912598165621986],[151.10203660202757,-33.91263245974774],[151.1020052552978,-33.912667615618446],[151.10197529822372,-33.91270359628393],[151.1019467622933,-33.912740363927085],[151.10191967750077,-33.91277787990361],[151.10189407231533,-33.91281610478261],[151.1018699736512,-33.91285499838806],[151.1018474068392,-33.912894519841046],[151.10182639560028,-33.91293462760265],[151.10180696202045,-33.912975279517696],[151.10178912652765,-33.91301643285898],[151.10177290787024,-33.91305804437227],[151.10175832309724,-33.91310007032163],[151.10174538754052,-33.913142466535554],[151.1017341147985,-33.9131851884532],[151.10172451672193,-33.91322819117142],[151.1017166034016,-33.9132714294918],[151.1017103831574,-33.91331485796824],[151.1017058625298,-33.91335843095475],[151.10170304627292,-33.9134021026533],[151.10170193734936,-33.91344582716209],[151.10170253692735,-33.91348955852372],[151.10170484437936,-33.91353325077356],[151.10170885728263,-33.91357685798796],[151.101714571422,-33.913620334332606],[151.10172198079408,-33.913663634110655],[151.1017310776136,-33.91370671181081],[151.1017418523217,-33.913749522155086],[151.1017542935958,-33.91379202014648],[151.10176838836168,-33.9138341611162],[151.10178412180693,-33.91387590077065],[151.10180147739683,-33.91391719523798],[151.1018204368916,-33.91395800111424],[151.10184098036535,-33.91399827550894],[151.1018630862274,-33.91403797609014],[151.1019703721497,-33.91422272811492],[151.10199415477157,-33.91426203147453],[151.1020194686605,-33.914300670558895],[151.10204628691073,-33.91433860429598],[151.10207458101738,-33.91437579236347],[151.10210432090653,-33.914412195231634],[151.10213547496747,-33.91444777420533],[151.10216801008607,-33.914482491465094],[151.1022018916801,-33.91451631010747],[151.10223708373582,-33.91454919418412],[151.10227354884648,-33.91458110874009],[151.10231124825197,-33.91461201985093],[151.10235014187992,-33.914641894658885],[151.10239018838857,-33.914670701407644],[151.10243134521033,-33.914698409476216],[151.10247356859745,-33.914724989411475],[151.10251681366816,-33.91475041295941],[151.10256103445462,-33.91477465309525],[151.1026061839517,-33.91479768405212],[151.10265221416685,-33.91481948134847],[151.1026990761713,-33.914840021814086],[151.10274672015197,-33.91485928361476],[151.10279509546447,-33.91487724627541],[151.10284415068688,-33.914893890702],[151.10289383367441,-33.91490919920167],[151.10294409161503,-33.91492315550165],[151.1029948710853,-33.91493574476655],[151.1030461181073,-33.91494695361411],[151.10309777820618,-33.91495677012946],[151.1031497964679,-33.914965183877676],[151.1032021175976,-33.91497218591508],[151.10325468597836,-33.91497776879852],[151.10330744573056,-33.914981926593455],[151.103360340771,-33.91498465488019],[151.1034133148727,-33.91498595075858],[151.10346631172465,-33.91498581285111],[151.10351927499156,-33.91498424130437],[151.10357214837396,-33.9149812377889],[151.10362487566783,-33.91497680549742],[151.1036774008246,-33.914970949141434],[151.10372966801046,-33.91496367494616],[151.10378162166592,-33.91495499064404],[151.10383320656484,-33.914944905466385],[151.1038843678731,-33.914933430133665],[151.10393505120686,-33.91492057684403],[151.10398520269055,-33.914906359260414],[151.10403476901388,-33.91489079249593],[151.1046087688569,-33.91470158712645],[151.10465805615905,-33.91468455770599],[151.10470664297588,-33.91466619425964],[151.1047544768947,-33.91464651659705],[151.104801506315,-33.914625545945555],[151.10484768050435,-33.91460330492729],[151.10489294965288,-33.91457981753481],[151.10493726492732,-33.91455510910512],[151.10498057852337,-33.914529206292464],[151.10502284371748,-33.914502137039456],[151.1050640149172,-33.91447393054701],[151.1051040477103,-33.91444461724279],[151.10514289891285,-33.91441422874837],[151.10518052661553,-33.9143827978452],[151.1052168902291,-33.914350358439144],[151.1052519505281,-33.914316945523964],[151.10528566969307,-33.91428259514354],[151.10531801135144,-33.91424734435299],[151.1053489406168,-33.91421123117869],[151.10537842412643,-33.91417429457726],[151.10540643007724,-33.91413657439353],[151.10543292826029,-33.91409811131753],[151.1054578900932,-33.914058946840655],[151.10548128865096,-33.91401912321086],[151.10550309869507,-33.913978683387064],[151.1055232967007,-33.913937670992844],[151.10554186088208,-33.91389613026938],[151.10555877121595,-33.913854106027685],[151.1055740094632,-33.913811643600276],[151.10558755918845,-33.913768788792346],[151.10559940577798,-33.91372558783221],[151.10560953645523,-33.91368208732158],[151.10561794029468,-33.91363833418518],[151.10562460823365,-33.91359437562019],[151.10562953308204,-33.91355025904533],[151.10563270953006,-33.913506032049646],[151.10563413415397,-33.91346174234131],[151.10563380541976,-33.91341743769596],[151.10563172368475,-33.91337316590536],[151.10562789119726,-33.91332897472573],[151.1056223120941,-33.91328491182624],[151.10561499239623,-33.91324102473762],[151.10556670788375,-33.91298281880483],[151.10555761141353,-33.912938961187265],[151.10554677670544,-33.91289537644158],[151.10553421555372,-33.91285211200172],[151.1055199416314,-33.91280921495292],[151.1055039704756,-33.91276673198056],[151.10548631947037,-33.912724709319285],[151.10546700782797,-33.9126831927027],[151.10544605656773,-33.91264222731364],[151.10542348849341,-33.91260185773492],[151.1053993281682,-33.91256212790093],[151.10537360188803,-33.91252308104971],[151.10534633765297,-33.912484759676],[151.10531756513672,-33.91244720548488],[151.1052873156543,-33.91241045934653],[151.105255622128,-33.91237456125162],[151.10522251905152,-33.91233955026784],[151.10518804245245,-33.91230546449745],[151.10515222985305,-33.91227234103571],[151.10511512022933,-33.91224021593059],[151.10507675396883,-33.9122091241435],[151.10503717282634,-33.91217909951128],[151.1049964198789,-33.91215017470935],[151.10495453947846,-33.912122381216186],[151.10491157720395,-33.91209574927901],[151.10486757981153,-33.91207030788096],[151.10482259518372,-33.91204608470945],[151.10477667227724,-33.91202310612614],[151.10472986106996,-33.912001397138184],[151.1046822125062,-33.911980981371045],[151.1046337784415,-33.91196188104279],[151.10458461158615,-33.91194411693989],[151.10453476544777,-33.911927708394636],[151.1044842942732,-33.911912673264084],[151.10443325298934,-33.9118990279106],[151.10438169714348,-33.91188678718411],[151.10432968284277,-33.911875964405894],[151.10427726669334,-33.91186657135411],[151.1042245057384,-33.91185861825101],[151.1041714573965,-33.91185211375172],[151.1041181793988,-33.91184706493493],[151.10406472972645,-33.911843477295136],[151.10401116654734,-33.91184135473668],[151.10395754815283,-33.91184069956948],[151.10390393289447,-33.911841512506534],[151.10385037912033,-33.911843792663156],[151.10379694511158,-33.911847537557904],[151.1037436890191,-33.911852743115304],[151.1036906688001,-33.91185940367028],[151.10363794215525,-33.91186751197433],[151.10358556646565,-33.911877059203384],[151.10353359873062,-33.91188803496744],[151.10348209550554,-33.91190042732185],[151.1034311128403,-33.91191422278029],[151.10338070621842,-33.911929406329506],[151.10333093049658,-33.9119459614456],[151.10328183984495,-33.911963870112004],[151.10323348768827,-33.91198311283911]]]}},{"type":"Feature","properties":{"id":"89271310-858b-4eeb-8163-2753dd07e1cb","name":"Rhodes Family Practice","category":"doctor","category_label":"Doctor / general practice","service_type":"Pregnancy termination","suburb":"RHODES","state":"NSW","postcode":"2138","phone":"0297431760","website":"https://www.rhodesfamilypractice.com.au/","appointment_required":true,"geometry_source":"openstreetmap","boundary_status":"matched","zone_basis":"osm-containing-building","zone_confidence":"building-match","legal_note":"Public Health Act 2010 (NSW) s 98A covers the clinic premises and every place within 150 m of any part of those premises or a pedestrian access point to the building. This map buffers the mapped building and does not separately model pedestrian access points.","osm_url":"https://www.openstreetmap.org/way/564840907","data_source":"Healthdirect National Health Services Directory (NHSD)","data_source_url":"https://www.healthdirect.gov.au/australian-health-services","source_synced_at":"2026-09-16T00:09:42Z"},"geometry":{"type":"Polygon","coordinates":[[[151.0853512501437,-33.82740743829177],[151.08534294016115,-33.82745083975554],[151.08533633641446,-33.82749444305148],[151.0853314459149,-33.82753820190265],[151.08532827385554,-33.82758206986694],[151.08532682360556,-33.8276260003864],[151.0853270967068,-33.827669946836586],[151.08532909287206,-33.82771386257609],[151.08533280998543,-33.82775770099602],[151.08533824410446,-33.82780141556946],[151.08534538946444,-33.82784495990089],[151.0853542384843,-33.82788828777538],[151.08536478177498,-33.82793135320769],[151.08537700814898,-33.827974110491034],[151.08539090463262,-33.828016514245576],[151.0854064564795,-33.82805851946668],[151.08542364718622,-33.82810008157258],[151.08544245851007,-33.82814115645176],[151.08546287048804,-33.82818170050974],[151.08548486145835,-33.82822167071539],[151.08550840808317,-33.82826102464655],[151.08553348537353,-33.828299720535085],[151.08556006671577,-33.82833771731121],[151.08558812389978,-33.828374974647105],[151.08561762714902,-33.82841145299967],[151.08564854515197,-33.82844711365257],[151.08568084509545,-33.828481918757255],[151.08571449269948,-33.82851583137319],[151.08574945225357,-33.82854881550702],[151.08578568665462,-33.82858083615083],[151.0858231574464,-33.82861185931923],[151.08586182486027,-33.828641852085525],[151.0859016478574,-33.82867078261659],[151.0859425841724,-33.82869862020664],[151.08598459035798,-33.828725335309926],[151.08602762183133,-33.82875089957202],[151.08607163292132,-33.828775285859905],[151.08611657691688,-33.82879846829085],[151.0861624061167,-33.82882042225977],[151.0862090718799,-33.82884112446549],[151.08625652467745,-33.8288605529353],[151.086304714145,-33.82887868704849],[151.08635358913622,-33.82889550755802],[151.08640309777698,-33.82891099661113],[151.08645318752062,-33.8289251377682],[151.08650380520365,-33.82893791602021],[151.0865548971021,-33.82894931780467],[151.0866064089886,-33.82895933102007],[151.08665828619002,-33.82896794503865],[151.0867970882721,-33.828989045366136],[151.0868498409394,-33.82899632109979],[151.0869028533902,-33.82900215001807],[151.08695606813654,-33.82900652579997],[151.08700942747117,-33.8290094437003],[151.0870628735299,-33.8290109005548],[151.08711634835458,-33.829010894783615],[151.08716979395587,-33.82900942639303],[151.08722315237594,-33.82900649697539],[151.08726072972465,-33.82900339884888],[151.0872843809521,-33.82900309456317],[151.08733760067568,-33.82900095760766],[151.0873907073543,-33.82899737140841],[151.08744364381266,-33.82899233982638],[151.0874963530588,-33.8289858682786],[151.0875487783454,-33.828977963732456],[151.08760086323085,-33.828968634698036],[151.08765255164016,-33.82895789121909],[151.0877037879252,-33.82894574486218],[151.08775451692466,-33.828932208704174],[151.08780468402344,-33.82891729731823],[151.08785423521152,-33.828901026758096],[151.08790311714205,-33.82888341454079],[151.08795127718875,-33.82886447962777],[151.0879986635027,-33.82884424240447],[151.08804522506804,-33.82882272465846],[151.08809091175698,-33.82879994955582],[151.08813567438372,-33.828775941616385],[151.08817946475742,-33.82875072668717],[151.08822223573415,-33.82872433191463],[151.0882639412675,-33.82869678571545],[151.0883045364584,-33.828668117745885],[151.08834397760307,-33.82863835886989],[151.08838222224057,-33.82860754112581],[151.08841922919808,-33.82857569769197],[151.08845495863542,-33.8285428628509],[151.08848937208796,-33.828509071952446],[151.08852243250797,-33.828474361375655],[151.08855410430454,-33.82843876848972],[151.08858435338175,-33.82840233161362],[151.0886131471757,-33.82836508997493],[151.08864045468914,-33.82832708366758],[151.08866624652518,-33.82828835360868],[151.0886904949188,-33.82824894149444],[151.0887131737667,-33.82820888975536],[151.08873425865542,-33.82816824151043],[151.08875372688772,-33.8281270405208],[151.08877155750676,-33.82808533114261],[151.08878773131892,-33.828043158279264],[151.08880223091433,-33.82800056733311],[151.08881504068563,-33.82795760415645],[151.08882614684467,-33.827914315002346],[151.08883553743746,-33.827870746474645],[151.08884320235705,-33.82782694547794],[151.08884688003195,-33.82779967058402],[151.0888517528507,-33.827783500030186],[151.08886239694803,-33.82774290973622],[151.08887153145224,-33.82770206642243],[151.0888791477027,-33.82766100882283],[151.08888523847872,-33.827619775874666],[151.08888798743385,-33.827598455388284],[151.08889461656892,-33.8275754330973],[151.08890620156518,-33.82753205391011],[151.0889160604647,-33.8274883812987],[151.08892418257346,-33.82744446264697],[151.08893055908183,-33.827400345605675],[151.08893518307414,-33.82735607804074],[151.0889380495362,-33.827311707981345],[151.08893915536075,-33.82726728356779],[151.08893849935075,-33.82722285299928],[151.08893608222064,-33.8271784644816],[151.0889319065957,-33.827134166174865],[151.0889259770091,-33.82709000614123],[151.08891829989685,-33.827046032292756],[151.0889088835911,-33.827002292339415],[151.08889773831086,-33.82695883373735],[151.08888487615084,-33.82691570363737],[151.08887031106858,-33.82687294883379],[151.0888540588691,-33.8268306157137],[151.0888361371877,-33.82678875020662],[151.08881656547115,-33.82674739773461],[151.08879536495607,-33.82670660316311],[151.08877255864627,-33.82666641075215],[151.08874817128768,-33.82662686410844],[151.08872222934147,-33.826588006137946],[151.08869476095532,-33.82654987899944],[151.08866579593285,-33.82651252405871],[151.0886353657014,-33.8264759818437],[151.08860350327788,-33.82644029200056],[151.0885702432328,-33.82640549325061],[151.08853562165294,-33.82637162334832],[151.08849967610212,-33.82633871904039],[151.08846244558046,-33.82630681602589],[151.088423970482,-33.826275948917456],[151.088384292551,-33.826246151203875],[151.0883434548366,-33.82621745521361],[151.08830150164593,-33.82618989207983],[151.08825847849639,-33.82616349170658],[151.08821443206594,-33.8261382827364],[151.08816941014268,-33.8261142925192],[151.08812346157288,-33.8260915470826],[151.0880766362081,-33.82607007110371],[151.08802898485092,-33.82604988788235],[151.08798055920008,-33.8260310193158],[151.08793141179416,-33.826013485875],[151.08789463531213,-33.826001541534715],[151.08786831305184,-33.82599089579456],[151.08782017937872,-33.82597301045116],[151.08777137208713,-33.82595643277223],[151.0877219426387,-33.825941180236896],[151.08767194315078,-33.825927268927],[151.08762142634188,-33.825914713510265],[151.08757044547568,-33.8259035272248],[151.0875190543053,-33.825893721865114],[151.08746730701614,-33.825885307769674],[151.08733140905917,-33.8258651080834],[151.087278853846,-33.825858032886316],[151.08722604768568,-33.825852392733914],[151.08717304734128,-33.82584819368899],[151.0871199097847,-33.82584544026522],[151.0870666921351,-33.82584413542236],[151.08701345159793,-33.825844280563025],[151.08696024540313,-33.82584587553118],[151.08690713074373,-33.82584891861238],[151.0868541647144,-33.82585340653548],[151.08680140425008,-33.825859334476284],[151.0867489060648,-33.82586669606267],[151.08669672659056,-33.825875483381395],[151.08664492191699,-33.8258856869867],[151.08659354773079,-33.825897295910394],[151.08654265925597,-33.82591029767364],[151.08649231119455,-33.8259246783004],[151.08644255766768,-33.82594042233244],[151.0863934521576,-33.82595751284594],[151.08634504744992,-33.825975931469685],[151.08629739557713,-33.82599565840483],[151.08625054776257,-33.826016672446144],[151.08620455436537,-33.82603895100485],[151.08615946482624,-33.82606247013284],[151.08611532761452,-33.82608720454847],[151.08607219017597,-33.8261131276637],[151.08603009888176,-33.826140211612724],[151.08598909897862,-33.826168427281814],[151.08594923454018,-33.82619774434073],[151.0859105484198,-33.826228131275236],[151.08587308220422,-33.82625955542103],[151.08583687616897,-33.82629198299882],[151.08580196923515,-33.826325379150624],[151.08576839892748,-33.82635970797727],[151.08573620133404,-33.82639493257696],[151.08570541106744,-33.826431015084914],[151.08567606122753,-33.82646791671414],[151.085648183366,-33.82650559779703],[151.08562180745227,-33.826544017828084],[151.0855969618414,-33.82658313550738],[151.0855736732435,-33.82662290878501],[151.0855519666951,-33.82666329490627],[151.08553186553218,-33.82670425045761],[151.08551339136508,-33.82674573141328],[151.08549656405526,-33.82678769318272],[151.08548140169395,-33.826830090658405],[151.08546792058274,-33.826872878264375],[151.0854561352159,-33.82691601000525],[151.08544605826495,-33.826959439515626],[151.0853512501437,-33.82740743829177]]]}},{"type":"Feature","properties":{"id":"c3b84b15-0ba4-46b6-a726-5cad58e3dd88","name":"Vivant Medical Olympic Park","category":"doctor","category_label":"Doctor / general practice","service_type":"Pregnancy termination","suburb":"LIDCOMBE","state":"NSW","postcode":"2141","phone":"02 8043 8810","website":"https://www.vivantmedical.com.au/","appointment_required":true,"geometry_source":"openstreetmap","boundary_status":"matched","zone_basis":"osm-containing-building","zone_confidence":"building-match","legal_note":"Public Health Act 2010 (NSW) s 98A covers the clinic premises and every place within 150 m of any part of those premises or a pedestrian access point to the building. This map buffers the mapped building and does not separately model pedestrian access points.","osm_url":"https://www.openstreetmap.org/way/1364957532","data_source":"Healthdirect National Health Services Directory (NHSD)","data_source_url":"https://www.healthdirect.gov.au/australian-health-services","source_synced_at":"2026-09-16T00:09:42Z"},"geometry":{"type":"Polygon","coordinates":[[[151.06032371804972,-33.84896952161565],[151.0602792648971,-33.84898330871281],[151.06022979692554,-33.849000212636334],[151.0601810259652,-33.849018460173504],[151.06013300490866,-33.84903803153485],[151.06008578583535,-33.84905890549524],[151.06003941995505,-33.849081059416804],[151.05999395755225,-33.84910446927359],[151.0599494479319,-33.849129109677534],[151.05990593936573,-33.84915495390599],[151.05986347903988,-33.84918197393079],[151.05982211300383,-33.84921014044855],[151.0597818861205,-33.84923942291247],[151.05974284201747,-33.84926978956549],[151.05970502303967,-33.849301207474696],[151.05966847020358,-33.84933364256702],[151.0596332231526,-33.849367059666235],[151.05959932011422,-33.849401422531066],[151.0595667978584,-33.849436693894496],[151.05953569165774,-33.849472835504166],[151.05950603524929,-33.849509808163916],[151.05921733174594,-33.849882904978664],[151.0591890551298,-33.84992081030552],[151.05916230240683,-33.84995947106306],[151.05913710280913,-33.849998845010624],[151.05911348387184,-33.85003888912832],[151.0590914714033,-33.85007955966393],[151.05907108945667,-33.850120812180776],[151.0590523603037,-33.85016260160618],[151.05903530441043,-33.850204882280856],[151.05901994041466,-33.85024760800863],[151.05900628510585,-33.85029073210706],[151.0589943534065,-33.850334207458324],[151.05898415835588,-33.85037798656075],[151.05897571109605,-33.85042202158072],[151.05896902085922,-33.85046626440492],[151.05896409495801,-33.85051066669293],[151.05896093877735,-33.85055517992997],[151.05895955576844,-33.850599755480026],[151.05895994744523,-33.85064434463887],[151.05896211338248,-33.85068889868737],[151.05896605121646,-33.85073336894464],[151.05897175664728,-33.8507777068213],[151.05897922344383,-33.85082186387252],[151.0589884434504,-33.85086579185097],[151.05899940659558,-33.85090944275957],[151.05901210090332,-33.85095276890385],[151.05902651250605,-33.85099572294416],[151.05904262565966,-33.85103825794734],[151.0590604227608,-33.85108032743797],[151.05907988436618,-33.851121885449295],[151.05910098921362,-33.85116288657326],[151.05912371424543,-33.851203286010296],[151.05914803463344,-33.85124303961815],[151.0591739238063,-33.85128210396018],[151.05920135347844,-33.85132043635282],[151.05923029368086,-33.85135799491224],[151.05926071279396,-33.8513947386],[151.05929257758217,-33.851430627268066],[151.05932585323012,-33.85146562170254],[151.0593605033807,-33.85149968366658],[151.05939649017483,-33.85153277594217],[151.05943377429276,-33.85156486237078],[151.05947231499715,-33.8515959078929],[151.05951207017745,-33.85162587858631],[151.05955299639598,-33.85165474170321],[151.05959504893534,-33.851682465705956],[151.05963818184736,-33.85170902030155],[151.05968234800324,-33.851734376474724],[151.05972749914497,-33.851758506519666],[151.05977358593827,-33.85178138407028],[151.06050129259958,-33.85212918883069],[151.06054755938496,-33.8521504764725],[151.06059463623265,-33.85217050180237],[151.0606424732242,-33.85218924358598],[151.06069101963487,-33.852206681950015],[151.06074022398772,-33.852222798403254],[151.06079003410804,-33.852237575856215],[151.06084039717857,-33.852250998639235],[151.0608912597958,-33.852263052519106],[151.06094256802632,-33.852273724714145],[151.0609942674642,-33.852283003907836],[151.0610463032886,-33.85229088026067],[151.0610986203219,-33.85229734542077],[151.0611511630883,-33.85230239253261],[151.06120387587268,-33.852306016244334],[151.0612567027794,-33.852308212713446],[151.06130958779195,-33.852308979610825],[151.06136247483218,-33.852308316123306],[151.06141530781974,-33.85230622295441],[151.06146803073165,-33.85230270232372],[151.06152058766168,-33.8522977579644],[151.06157292287952,-33.852291395119366],[151.06162498089014,-33.85228362053566],[151.0616767064924,-33.85227444245725],[151.0617280448377,-33.85226387061639],[151.0617789414882,-33.85225191622323],[151.06182934247443,-33.85223859195392],[151.0618791943525,-33.85222391193722],[151.06192844426107,-33.85220789173949],[151.061977039977,-33.852190548348126],[151.06202492997107,-33.85217190015365],[151.06207206346238,-33.85215196693013],[151.06211839047236,-33.85213076981424],[151.06216386187774,-33.85210833128282],[151.0622084294626,-33.85208467512907],[151.0622520459695,-33.85205982643731],[151.0622946651496,-33.85203381155635],[151.0623362418118,-33.85200665807159],[151.06237673187053,-33.85197839477571],[151.0624160923925,-33.851949051638194],[151.0624542816424,-33.851918659773546],[151.06249125912686,-33.851887251408215],[151.06252698563765,-33.85185485984653],[151.0625614232932,-33.8518215194353],[151.0625945355786,-33.851787265527406],[151.06262628738455,-33.85175213444436],[151.0626566450444,-33.85171616343772],[151.06315063987293,-33.8511100580726],[151.06317989803318,-33.851072853860735],[151.06320766482366,-33.851034869527965],[151.0632339101165,-33.85099614629137],[151.06325860543487,-33.85095672616973],[151.06328172398392,-33.850916651937986],[151.06330324067991,-33.85087596708078],[151.0633231321774,-33.85083471574528],[151.06334137689444,-33.85079294269328],[151.06335795503617,-33.850750693252635],[151.06337284861627,-33.85070801326803],[151.0633860414762,-33.85066494905129],[151.06339751930324,-33.850621547331116],[151.06340726964535,-33.85057785520229],[151.0634152819253,-33.8505339200747],[151.06342154745172,-33.85048978962184],[151.06342605942868,-33.85044551172904],[151.06342881296305,-33.850401134441555],[151.06342980506972,-33.850356705912425],[151.06342903467495,-33.8503122743502],[151.06342650261746,-33.85026788796666],[151.06342221164743,-33.85022359492449],[151.0634161664236,-33.85017944328499],[151.06340837350828,-33.850135480956006],[151.06339884135997,-33.850091755639845],[151.0633875803244,-33.850048314781574],[151.0633746026232,-33.85000520551753],[151.0633599223407,-33.84996247462422],[151.06334355540844,-33.84992016846746],[151.06332551958815,-33.84987833295217],[151.06330583445222,-33.84983701347251],[151.06311272883084,-33.84945041581175],[151.0630916377099,-33.84941006305458],[151.06306897356254,-33.84937030288215],[151.06304476049212,-33.849331177575564],[151.06301902424894,-33.84929272874072],[151.06299179220295,-33.84925499726408],[151.06296309331464,-33.84921802326924],[151.06293295810417,-33.849181846074224],[151.062901418619,-33.84914650414971],[151.0628685083998,-33.84911203507809],[151.06283426244465,-33.84907847551354],[151.06279871717197,-33.849045861143],[151.06276191038174,-33.849014226648286],[151.06272388121528,-33.848983605669176],[151.06268467011367,-33.84895403076766],[151.06264431877463,-33.8489255333933],[151.06260287010835,-33.848898143849794],[151.06256036819173,-33.84887189126278],[151.06251685822164,-33.8488468035488],[151.0624723864666,-33.848822907385745],[151.0624270002179,-33.848800228184324],[151.06238074773913,-33.84877879006117],[151.06233367821488,-33.84875861581319],[151.06228584169853,-33.84873972689323],[151.06223728905883,-33.848722143387384],[151.06218807192602,-33.848705883993574],[151.0621382426369,-33.84869096600165],[151.06208785417905,-33.84867740527506],[151.06203696013463,-33.84866521623399],[151.06198561462335,-33.848654411839924],[151.06193387224488,-33.84864500358203],[151.06188178802094,-33.84863700146478],[151.06182941733667,-33.848630413997455],[151.0617768158817,-33.84862524818499],[151.06172403959118,-33.84862150952056],[151.06167114458603,-33.84861920197977],[151.0616181871134,-33.84861832801641],[151.06156522348692,-33.84861888855983],[151.0615123100267,-33.84862088301394],[151.06145950299955,-33.84862430925791],[151.06140685855908,-33.84862916364836],[151.0613544326861,-33.84863544102326],[151.06130228112897,-33.84864313470739],[151.06125045934442,-33.848652236519506],[151.06119902243853,-33.84866273678096],[151.06114802510822,-33.848674624326016],[151.06109752158298,-33.84868788651377],[151.06104756556732,-33.848702509241534],[151.06099821018356,-33.848718476959824],[151.06094950791547,-33.84873577268892],[151.06038441443403,-33.84894556966442],[151.0603361179828,-33.848964295632655],[151.06032371804972,-33.84896952161565]]]}},{"type":"Feature","properties":{"id":"2e6f8ddf-8f1b-4fd9-980d-7071219611a2","name":"Family Planning Australia","category":"clinic","category_label":"Abortion clinic","service_type":"Pregnancy termination","suburb":"NEWINGTON","state":"NSW","postcode":"2127","phone":"1300 372 372","website":"https://www.fpnsw.org.au","appointment_required":true,"geometry_source":"manual","boundary_status":"manual","zone_basis":"manual-premises","zone_confidence":"reviewed","legal_note":"Public Health Act 2010 (NSW) s 98A covers the clinic premises and every place within 150 m of any part of those premises or a pedestrian access point to the building. This map buffers the mapped building and does not separately model pedestrian access points.","osm_url":"","data_source":"Healthdirect National Health Services Directory (NHSD)","data_source_url":"https://www.healthdirect.gov.au/australian-health-services","source_synced_at":"2026-09-16T00:09:42Z"},"geometry":{"type":"Polygon","coordinates":[[[151.0541655332069,-33.83163830496211],[151.05408774332452,-33.83196359760905],[151.05407816402214,-33.832007430491764],[151.05407033232538,-33.83205150222013],[151.05406425677816,-33.83209576472934],[151.0540599440093,-33.83214016974642],[151.05405739872506,-33.8321846688429],[151.0540566237041,-33.83222921348763],[151.05405761979443,-33.83227375509972],[151.05406038591252,-33.832318245101504],[151.05406491904432,-33.8323626349715],[151.0540712142487,-33.83240687629744],[151.05407926466265,-33.83245092082888],[151.05408906150902,-33.83249472052999],[151.0541005941058,-33.83253822763187],[151.05411384987787,-33.83258139468468],[151.05412881437084,-33.832624174609336],[151.05414547126654,-33.83266652074892],[151.05416380240095,-33.83270838691954],[151.0541837877841,-33.83274972746073],[151.0541934570965,-33.83276796315524],[151.05419801460658,-33.83279907342218],[151.05420621162315,-33.83284293731065],[151.054216141588,-33.832886553426434],[151.05422779375158,-33.83292987454209],[151.0542411554996,-33.83297285374953],[151.05425621236648,-33.83301544451079],[151.05427294805114,-33.83305760070849],[151.05429134443452,-33.833099276695684],[151.05431138159938,-33.83314042734536],[151.05433303785162,-33.83318100809929],[151.05435628974396,-33.83322097501622],[151.05438111210123,-33.833260284819545],[151.0544074780476,-33.83329889494415],[151.05443535903578,-33.833336763582444],[151.0544647248777,-33.833373849729675],[151.05449554377753,-33.83341011322834],[151.05452778236582,-33.83344551481168],[151.0545614057357,-33.83348001614616],[151.05459637748083,-33.83351357987302],[151.0546326597345,-33.833546169648706],[151.0546702132109,-33.83357775018427],[151.0547089972477,-33.83360828728351],[151.05474896984975,-33.833637747880076],[151.0547900877349,-33.83366610007322],[151.0548323063806,-33.83369331316244],[151.05487558007238,-33.833719357680565],[151.05491986195307,-33.83374420542583],[151.05496510407377,-33.83376782949234],[151.0550112574456,-33.833790204299156],[151.05505827209294,-33.83381130561814],[151.0551060971073,-33.83383111060006],[151.05515468070266,-33.8338495977994],[151.0552039702715,-33.83386674719756],[151.0552539124417,-33.833882540224565],[151.0553044531344,-33.833896959779175],[151.05535553762255,-33.83390999024733],[151.05557816406292,-33.833963463625096],[151.05562971784911,-33.83397508674672],[151.05568170396586,-33.83398529513688],[151.05573406616253,-33.83399407774972],[151.05578674778155,-33.83400142508217],[151.05583969181964,-33.83400732918415],[151.05589284098957,-33.83401178366722],[151.0559461377821,-33.834014783711474],[151.05599952452815,-33.834016326070746],[151.05605294346145,-33.834016409076156],[151.05610633678077,-33.8340150326379],[151.0561596467127,-33.834012198245325],[151.05621281557399,-33.83400790896532],[151.0562657858341,-33.83400216943908],[151.05631850017738,-33.83399498587695],[151.05637090156517,-33.833986366051796],[151.0564229332974,-33.83397631929056],[151.0564745390742,-33.833964856464206],[151.05652566305648,-33.83395198997587],[151.05657624992668,-33.833937733747526],[151.0566262449484,-33.833922103204884],[151.05667559402573,-33.833905115260706],[151.05672424376186,-33.83388678829646],[151.05677214151675,-33.83386714214251],[151.05681923546405,-33.83384619805658],[151.0568654746474,-33.83382397870077],[151.05691080903534,-33.8338005081171],[151.05695518957558,-33.833775811701344],[151.05699856824802,-33.8337499161757],[151.05704089811672,-33.83372284955981],[151.05708213338082,-33.83369464114043],[151.0571222294238,-33.833665321439724],[151.05716114286207,-33.83363492218228],[151.0571988315917,-33.833603476260734],[151.0572352548341,-33.83357101770024],[151.05727037318013,-33.833537581621556],[151.05730414863262,-33.83350320420315],[151.05733654464765,-33.83346792264193],[151.05736752617392,-33.833431775113105],[151.05739705969077,-33.83339480072881],[151.05742511324456,-33.83335703949577],[151.05745165648293,-33.83331853227208],[151.05747666068797,-33.83327932072293],[151.057500098807,-33.83323944727554],[151.05752194548205,-33.83319895507323],[151.05754217707718,-33.83315788792878],[151.05756077170406,-33.833116290277],[151.0575777092457,-33.833074207126636],[151.05782446190412,-33.83242584690839],[151.05783969825566,-33.832383399446584],[151.05785324871405,-33.83234055934617],[151.05786509867218,-33.83229737279597],[151.0578752353564,-33.83225388635827],[151.05788364784027,-33.83221014691859],[151.0578903270565,-33.832166201635204],[151.05789526580637,-33.8321220978882],[151.05789845876794,-33.83207788322847],[151.05789990250136,-33.832033605326394],[151.05789959545274,-33.831989311920466],[151.0578975379559,-33.83194505076587],[151.05789373223183,-33.83190086958283],[151.05788818238636,-33.831856816005406],[151.0578808944058,-33.83181293752991],[151.0578718761503,-33.83176928146386],[151.05786113734553,-33.83172589487488],[151.057848689572,-33.83168282453996],[151.05783454625288,-33.83164011689512],[151.05781872263915,-33.831597817985205],[151.05780123579333,-33.831555973414375],[151.05778210457115,-33.83151462829687],[151.05776134960098,-33.83147382720835],[151.0577389932618,-33.831433614137914],[151.05771505965902,-33.83139403244063],[151.05768957459836,-33.831355124790775],[151.0576625655582,-33.831316933135895],[151.05763406165966,-33.83127949865152],[151.05760409363563,-33.83124286169679],[151.0575726937973,-33.83120706177099],[151.05753989599933,-33.831172137470894],[151.0575057356035,-33.831138126449225],[151.05747024944057,-33.83110506537401],[151.05743347577035,-33.83107298988911],[151.05739545424072,-33.83104193457571],[151.05735622584473,-33.83101193291514],[151.05731583287644,-33.83098301725271],[151.05727431888533,-33.83095521876287],[151.05723172862938,-33.83092856741558],[151.05718810802665,-33.830903091944066],[151.05714350410602,-33.830878819813734],[151.0570979649564,-33.83085577719268],[151.0570515396747,-33.83083398892343],[151.05700427831326,-33.830813478496125],[151.05695623182552,-33.83079426802329],[151.0569074520114,-33.83077637821586],[151.05685799146124,-33.83075982836102],[151.05680790349922,-33.83074463630128],[151.05675724212585,-33.83073081841531],[151.05670606195972,-33.83071838960027],[151.05618840290333,-33.8306003052037],[151.05613673118708,-33.83058927305606],[151.05608465111408,-33.830579656802435],[151.05603221889308,-33.8305714668214],[151.0559794911128,-33.830564711952164],[151.05592652468093,-33.830559399485075],[151.0558733767627,-33.830555535153735],[151.05582010471912,-33.83055312312878],[151.05576676604525,-33.83055216601347],[151.05571341830796,-33.83055266484076],[151.05566011908397,-33.830554619072316],[151.0556069258976,-33.83055802659895],[151.05555389615878,-33.83056288374306],[151.055501087101,-33.83056918526245],[151.0554485557197,-33.83057692435606],[151.0553963587106,-33.83058609267131],[151.05534455240863,-33.83059668031307],[151.05529319272705,-33.830608675854414],[151.0552423350972,-33.83062206634885],[151.05519203440866,-33.83063683734438],[151.05514234494996,-33.830652972899045],[151.05509332035004,-33.830670455598145],[151.05504501352044,-33.83068926657304],[151.05499747659798,-33.83070938552147],[151.05495076088877,-33.83073079072954],[151.05490491681266,-33.830753459095064],[151.05485999384894,-33.83077736615257],[151.05481604048276,-33.83080248609965],[151.05477310415304,-33.83082879182485],[151.05473123120115,-33.8308562549369],[151.05469046682083,-33.83088484579532],[151.05465085500956,-33.83091453354249],[151.054612438521,-33.83094528613687],[151.05457525881877,-33.83097707038763],[151.0545393560319,-33.83100985199044],[151.05450476891127,-33.831043595564495],[151.05447153478804,-33.831078264690746],[151.05443968953313,-33.83111382195109],[151.0544092675186,-33.83115022896888],[151.05438030158055,-33.83118744645026],[151.0543528229838,-33.8312254342266],[151.05432686138778,-33.83126415129784],[151.05430244481488,-33.83130355587673],[151.05427959962006,-33.831343605433936],[151.0542583504624,-33.831384256743945],[151.0542387202784,-33.83142546593172],[151.0542207302574,-33.831467188520044],[151.0542043998185,-33.83150937947748],[151.05418974658974,-33.83155199326705],[151.054176786389,-33.831594983895336],[151.0541655332069,-33.83163830496211]]]}},{"type":"Feature","properties":{"id":"1940d9ae-37a3-4843-a5ae-d3ce9410eb6e","name":"Family Planning Australia Day Surgery Unit","category":"clinic","category_label":"Abortion clinic","service_type":"Pregnancy termination","suburb":"NEWINGTON","state":"NSW","postcode":"2127","phone":"1300 372 372","website":"https://www.fpnsw.org.au/clinics/day-surgery","appointment_required":true,"geometry_source":"manual","boundary_status":"manual","zone_basis":"manual-premises","zone_confidence":"reviewed","legal_note":"Public Health Act 2010 (NSW) s 98A covers the clinic premises and every place within 150 m of any part of those premises or a pedestrian access point to the building. This map buffers the mapped building and does not separately model pedestrian access points.","osm_url":"","data_source":"Healthdirect National Health Services Directory (NHSD)","data_source_url":"https://www.healthdirect.gov.au/australian-health-services","source_synced_at":"2026-09-16T00:09:42Z"},"geometry":{"type":"Polygon","coordinates":[[[151.0541655332069,-33.83163830496211],[151.05408774332452,-33.83196359760905],[151.05407816402214,-33.832007430491764],[151.05407033232538,-33.83205150222013],[151.05406425677816,-33.83209576472934],[151.0540599440093,-33.83214016974642],[151.05405739872506,-33.8321846688429],[151.0540566237041,-33.83222921348763],[151.05405761979443,-33.83227375509972],[151.05406038591252,-33.832318245101504],[151.05406491904432,-33.8323626349715],[151.0540712142487,-33.83240687629744],[151.05407926466265,-33.83245092082888],[151.05408906150902,-33.83249472052999],[151.0541005941058,-33.83253822763187],[151.05411384987787,-33.83258139468468],[151.05412881437084,-33.832624174609336],[151.05414547126654,-33.83266652074892],[151.05416380240095,-33.83270838691954],[151.0541837877841,-33.83274972746073],[151.0541934570965,-33.83276796315524],[151.05419801460658,-33.83279907342218],[151.05420621162315,-33.83284293731065],[151.054216141588,-33.832886553426434],[151.05422779375158,-33.83292987454209],[151.0542411554996,-33.83297285374953],[151.05425621236648,-33.83301544451079],[151.05427294805114,-33.83305760070849],[151.05429134443452,-33.833099276695684],[151.05431138159938,-33.83314042734536],[151.05433303785162,-33.83318100809929],[151.05435628974396,-33.83322097501622],[151.05438111210123,-33.833260284819545],[151.0544074780476,-33.83329889494415],[151.05443535903578,-33.833336763582444],[151.0544647248777,-33.833373849729675],[151.05449554377753,-33.83341011322834],[151.05452778236582,-33.83344551481168],[151.0545614057357,-33.83348001614616],[151.05459637748083,-33.83351357987302],[151.0546326597345,-33.833546169648706],[151.0546702132109,-33.83357775018427],[151.0547089972477,-33.83360828728351],[151.05474896984975,-33.833637747880076],[151.0547900877349,-33.83366610007322],[151.0548323063806,-33.83369331316244],[151.05487558007238,-33.833719357680565],[151.05491986195307,-33.83374420542583],[151.05496510407377,-33.83376782949234],[151.0550112574456,-33.833790204299156],[151.05505827209294,-33.83381130561814],[151.0551060971073,-33.83383111060006],[151.05515468070266,-33.8338495977994],[151.0552039702715,-33.83386674719756],[151.0552539124417,-33.833882540224565],[151.0553044531344,-33.833896959779175],[151.05535553762255,-33.83390999024733],[151.05557816406292,-33.833963463625096],[151.05562971784911,-33.83397508674672],[151.05568170396586,-33.83398529513688],[151.05573406616253,-33.83399407774972],[151.05578674778155,-33.83400142508217],[151.05583969181964,-33.83400732918415],[151.05589284098957,-33.83401178366722],[151.0559461377821,-33.834014783711474],[151.05599952452815,-33.834016326070746],[151.05605294346145,-33.834016409076156],[151.05610633678077,-33.8340150326379],[151.0561596467127,-33.834012198245325],[151.05621281557399,-33.83400790896532],[151.0562657858341,-33.83400216943908],[151.05631850017738,-33.83399498587695],[151.05637090156517,-33.833986366051796],[151.0564229332974,-33.83397631929056],[151.0564745390742,-33.833964856464206],[151.05652566305648,-33.83395198997587],[151.05657624992668,-33.833937733747526],[151.0566262449484,-33.833922103204884],[151.05667559402573,-33.833905115260706],[151.05672424376186,-33.83388678829646],[151.05677214151675,-33.83386714214251],[151.05681923546405,-33.83384619805658],[151.0568654746474,-33.83382397870077],[151.05691080903534,-33.8338005081171],[151.05695518957558,-33.833775811701344],[151.05699856824802,-33.8337499161757],[151.05704089811672,-33.83372284955981],[151.05708213338082,-33.83369464114043],[151.0571222294238,-33.833665321439724],[151.05716114286207,-33.83363492218228],[151.0571988315917,-33.833603476260734],[151.0572352548341,-33.83357101770024],[151.05727037318013,-33.833537581621556],[151.05730414863262,-33.83350320420315],[151.05733654464765,-33.83346792264193],[151.05736752617392,-33.833431775113105],[151.05739705969077,-33.83339480072881],[151.05742511324456,-33.83335703949577],[151.05745165648293,-33.83331853227208],[151.05747666068797,-33.83327932072293],[151.057500098807,-33.83323944727554],[151.05752194548205,-33.83319895507323],[151.05754217707718,-33.83315788792878],[151.05756077170406,-33.833116290277],[151.0575777092457,-33.833074207126636],[151.05782446190412,-33.83242584690839],[151.05783969825566,-33.832383399446584],[151.05785324871405,-33.83234055934617],[151.05786509867218,-33.83229737279597],[151.0578752353564,-33.83225388635827],[151.05788364784027,-33.83221014691859],[151.0578903270565,-33.832166201635204],[151.05789526580637,-33.8321220978882],[151.05789845876794,-33.83207788322847],[151.05789990250136,-33.832033605326394],[151.05789959545274,-33.831989311920466],[151.0578975379559,-33.83194505076587],[151.05789373223183,-33.83190086958283],[151.05788818238636,-33.831856816005406],[151.0578808944058,-33.83181293752991],[151.0578718761503,-33.83176928146386],[151.05786113734553,-33.83172589487488],[151.057848689572,-33.83168282453996],[151.05783454625288,-33.83164011689512],[151.05781872263915,-33.831597817985205],[151.05780123579333,-33.831555973414375],[151.05778210457115,-33.83151462829687],[151.05776134960098,-33.83147382720835],[151.0577389932618,-33.831433614137914],[151.05771505965902,-33.83139403244063],[151.05768957459836,-33.831355124790775],[151.0576625655582,-33.831316933135895],[151.05763406165966,-33.83127949865152],[151.05760409363563,-33.83124286169679],[151.0575726937973,-33.83120706177099],[151.05753989599933,-33.831172137470894],[151.0575057356035,-33.831138126449225],[151.05747024944057,-33.83110506537401],[151.05743347577035,-33.83107298988911],[151.05739545424072,-33.83104193457571],[151.05735622584473,-33.83101193291514],[151.05731583287644,-33.83098301725271],[151.05727431888533,-33.83095521876287],[151.05723172862938,-33.83092856741558],[151.05718810802665,-33.830903091944066],[151.05714350410602,-33.830878819813734],[151.0570979649564,-33.83085577719268],[151.0570515396747,-33.83083398892343],[151.05700427831326,-33.830813478496125],[151.05695623182552,-33.83079426802329],[151.0569074520114,-33.83077637821586],[151.05685799146124,-33.83075982836102],[151.05680790349922,-33.83074463630128],[151.05675724212585,-33.83073081841531],[151.05670606195972,-33.83071838960027],[151.05618840290333,-33.8306003052037],[151.05613673118708,-33.83058927305606],[151.05608465111408,-33.830579656802435],[151.05603221889308,-33.8305714668214],[151.0559794911128,-33.830564711952164],[151.05592652468093,-33.830559399485075],[151.0558733767627,-33.830555535153735],[151.05582010471912,-33.83055312312878],[151.05576676604525,-33.83055216601347],[151.05571341830796,-33.83055266484076],[151.05566011908397,-33.830554619072316],[151.0556069258976,-33.83055802659895],[151.05555389615878,-33.83056288374306],[151.055501087101,-33.83056918526245],[151.0554485557197,-33.83057692435606],[151.0553963587106,-33.83058609267131],[151.05534455240863,-33.83059668031307],[151.05529319272705,-33.830608675854414],[151.0552423350972,-33.83062206634885],[151.05519203440866,-33.83063683734438],[151.05514234494996,-33.830652972899045],[151.05509332035004,-33.830670455598145],[151.05504501352044,-33.83068926657304],[151.05499747659798,-33.83070938552147],[151.05495076088877,-33.83073079072954],[151.05490491681266,-33.830753459095064],[151.05485999384894,-33.83077736615257],[151.05481604048276,-33.83080248609965],[151.05477310415304,-33.83082879182485],[151.05473123120115,-33.8308562549369],[151.05469046682083,-33.83088484579532],[151.05465085500956,-33.83091453354249],[151.054612438521,-33.83094528613687],[151.05457525881877,-33.83097707038763],[151.0545393560319,-33.83100985199044],[151.05450476891127,-33.831043595564495],[151.05447153478804,-33.831078264690746],[151.05443968953313,-33.83111382195109],[151.0544092675186,-33.83115022896888],[151.05438030158055,-33.83118744645026],[151.0543528229838,-33.8312254342266],[151.05432686138778,-33.83126415129784],[151.05430244481488,-33.83130355587673],[151.05427959962006,-33.831343605433936],[151.0542583504624,-33.831384256743945],[151.0542387202784,-33.83142546593172],[151.0542207302574,-33.831467188520044],[151.0542043998185,-33.83150937947748],[151.05418974658974,-33.83155199326705],[151.054176786389,-33.831594983895336],[151.0541655332069,-33.83163830496211]]]}},{"type":"Feature","properties":{"id":"6a06038f-b4f5-4f3f-afa9-65a9097e51a9","name":"MSI Westmead (Sydney West) Abortion & Contraception Clinic","category":"clinic","category_label":"Abortion clinic","service_type":"Pregnancy termination","suburb":"WESTMEAD","state":"NSW","postcode":"2145","phone":"1300 003 707","website":"https://www.msiaustralia.org.au/find-a-clinic/msi-sydney-west-clinic/","appointment_required":true,"geometry_source":"openstreetmap","boundary_status":"matched","zone_basis":"osm-containing-building","zone_confidence":"building-match","legal_note":"Public Health Act 2010 (NSW) s 98A covers the clinic premises and every place within 150 m of any part of those premises or a pedestrian access point to the building. This map buffers the mapped building and does not separately model pedestrian access points.","osm_url":"https://www.openstreetmap.org/way/965302314","data_source":"Healthdirect National Health Services Directory (NHSD)","data_source_url":"https://www.healthdirect.gov.au/australian-health-services","source_synced_at":"2026-09-16T00:09:42Z"},"geometry":{"type":"Polygon","coordinates":[[[150.98619526029896,-33.807204131493094],[150.98617100708105,-33.807243407694706],[150.98614831345645,-33.80728332224591],[150.98612720372907,-33.807323832403796],[150.98610770050675,-33.80736489478753],[150.98608982467718,-33.807406465424904],[150.98607359538528,-33.80744849979936],[150.98605903001297,-33.80749095289762],[150.9860461441603,-33.807533779258044],[150.9860349516289,-33.80757693301912],[150.9860254644071,-33.807620367968696],[150.98601769265716,-33.80766403759344],[150.9860116447042,-33.80770789512864],[150.98600732702758,-33.80775189360826],[150.98600474425362,-33.80779598591528],[150.98600389915083,-33.807840124832126],[150.98600479262694,-33.80788426309123],[150.98600742372784,-33.80792835342566],[150.9860117896386,-33.807972348619735],[150.98601788568646,-33.80801620155959],[150.98602570534592,-33.808059865283596],[150.9860352402456,-33.80810329303272],[150.9860464801773,-33.808146438300554],[150.98605941310674,-33.808189254883104],[150.9860740251867,-33.8082316969283],[150.98609030077165,-33.808273718985134],[150.98610822243452,-33.808315276052234],[150.98612777098535,-33.80835632362616],[150.98614892549196,-33.808396817749006],[150.98617166330214,-33.808436715055514],[150.9861959600681,-33.80847597281949],[150.98622178977243,-33.808514548999554],[150.98624912475594,-33.8085524022842],[150.98627793574732,-33.80858949213602],[150.98630819189455,-33.808625778835115],[150.98633986079773,-33.80866122352163],[150.986372908544,-33.80869578823744],[150.98640729974372,-33.80872943596664],[150.98644299756833,-33.80876213067542],[150.98647996378998,-33.808793837350436],[150.9865181588222,-33.80882452203644],[150.98655754176255,-33.80885415187264],[150.98659807043626,-33.808882695127835],[150.98663970144142,-33.80891012123444],[150.98668239019548,-33.808936400821246],[150.98672609098307,-33.80896150574482],[150.98677075700476,-33.80898540911968],[150.98681634042742,-33.809008085347116],[150.98686279243523,-33.80902951014255],[150.98701969399545,-33.809099111110584],[150.98706694555656,-33.80911925354624],[150.9871149647287,-33.809138101085935],[150.9871637001291,-33.809155633561694],[150.98721309960834,-33.80917183221271],[150.9872631103064,-33.80918667970547],[150.98731367870914,-33.80920016015225],[150.9873647507055,-33.80921225912816],[150.98741627164551,-33.80922296368653],[150.98746818639873,-33.80923226237285],[150.9875204394133,-33.80924014523692],[150.98757297477522,-33.80924660384359],[150.98762573626848,-33.80925163128176],[150.98767866743495,-33.80925522217172],[150.98773171163498,-33.80925737267102],[150.98778481210786,-33.809258080478486],[150.98783791203277,-33.80925734483671],[150.98789095458943,-33.809255166532864],[150.9879438830189,-33.809251547897894],[150.98799664068443,-33.80924649280396],[150.98804917113205,-33.80924000666034],[150.98810141815096,-33.8092320964076],[150.98815332583357,-33.8092227705102],[150.98820483863565,-33.80921203894746],[150.98825590143542,-33.8091999132028],[150.98830645959274,-33.809186406251506],[150.98835645900755,-33.80917153254686],[150.98840584617776,-33.80915530800461],[150.9884545682565,-33.809137749985986],[150.9885025731087,-33.809118877279126],[150.98854980936682,-33.80909871007891],[150.9885962264859,-33.809077269965435],[150.98864177479763,-33.80905457988083],[150.9886864055634,-33.80903066410475],[150.98873007102668,-33.80900554822844],[150.9887727244639,-33.80897925912723],[150.98881432023452,-33.80895182493185],[150.98885481382993,-33.80892327499836],[150.98889416192108,-33.80889363987663],[150.98893232240465,-33.80886295127775],[150.98896925444842,-33.808831242040036],[150.98900491853468,-33.80879854609389],[150.98903927650267,-33.8087648984255],[150.98907229158934,-33.80873033503941],[150.98910392846875,-33.80869489291997],[150.98913415328983,-33.808658609991795],[150.98916293371252,-33.8086215250791],[150.98919023894257,-33.80858367786425],[150.9892160397643,-33.808545108845244],[150.9893766367814,-33.80829550698988],[150.98940088527675,-33.80825629137736],[150.98942357848983,-33.80821643829079],[150.98944469218196,-33.8081759903012],[150.98946420380184,-33.80813499061501],[150.98948209250955,-33.80809348302786],[150.9894983391989,-33.808051511877935],[150.98951292651765,-33.808009121998474],[150.9895258388863,-33.807966358669965],[150.98953706251447,-33.80792326757174],[150.98954658541584,-33.807879894733134],[150.98955439742073,-33.80783628648443],[150.98956049018713,-33.80779248940727],[150.98956485720947,-33.80774855028493],[150.98956749382563,-33.80770451605233],[150.98956839722197,-33.80766043374596],[150.9895675664361,-33.807616350453536],[150.9895650023582,-33.80757231326377],[150.98956070772977,-33.80752836921606],[150.9895546871409,-33.80748456525025],[150.98954694702522,-33.80744094815647],[150.9895374956532,-33.80739756452516],[150.98952634312298,-33.807354460697326],[150.98952050679324,-33.80733501896297],[150.98951394802535,-33.80730993142931],[150.98950098613767,-33.807267147896845],[150.9894863474519,-33.80722473943576],[150.98947004762812,-33.80718275140614],[150.9894521041029,-33.80714122871831],[150.9894325360711,-33.807100215784786],[150.9894113644648,-33.807059756472825],[150.98938861193128,-33.80701989405745],[150.98936430280872,-33.806980671175154],[150.98933846310007,-33.80694212977839],[150.98931112044514,-33.80690431109062],[150.98928230409138,-33.806867255562224],[150.9892520448622,-33.806831002827316],[150.98922037512426,-33.80679559166127],[150.9891873287527,-33.80676105993927],[150.989152941095,-33.806727444595865],[150.98911724893307,-33.806694781585364],[150.98908029044406,-33.80666310584347],[150.98904210515929,-33.80663245124988],[150.98900273392223,-33.80660285059206],[150.9889622188446,-33.80657433553016],[150.98892060326142,-33.806546936563194],[150.98887793168475,-33.80652068299637],[150.98883424975588,-33.80649560290983],[150.9887896041966,-33.80647172312851],[150.98874404275938,-33.80644906919353],[150.98869761417603,-33.806427665334894],[150.98857041544147,-33.80637126611938],[150.98852314937878,-33.80635112697838],[150.98847511573697,-33.80633228343598],[150.98842636593503,-33.80631475566362],[150.9883769521585,-33.806298562424175],[150.98832692730355,-33.80628372105202],[150.98827634492042,-33.806270247434334],[150.98822525915614,-33.806258155994165],[150.9881737246964,-33.806247459674985],[150.9881217967073,-33.80623816992684],[150.98806953077596,-33.80623029669408],[150.98801698285135,-33.80622384840471],[150.9879642091842,-33.80621883196141],[150.98791126626682,-33.80621525273411],[150.98785821077283,-33.806213114554204],[150.98780509949606,-33.80621241971058],[150.98775198929033,-33.80621316894702],[150.98769893700816,-33.80621536146149],[150.9876459994401,-33.80621899490699],[150.9875932332539,-33.80622406539406],[150.98754069493398,-33.806230567494914],[150.98748844072074,-33.80623849424928],[150.98743652655057,-33.80624783717184],[150.98738500799587,-33.80625858626135],[150.98733394020567,-33.806270730011256],[150.98728337784644,-33.80628425542212],[150.98723337504376,-33.80629914801541],[150.9871839853243,-33.806315391849125],[150.98713526155842,-33.80633296953476],[150.9870872559039,-33.80635186225598],[150.98704001974966,-33.806372049788685],[150.98699360366123,-33.806393510522774],[150.9869480573262,-33.806416221485165],[150.98690342950135,-33.80644015836442],[150.98685976796028,-33.80646529553679],[150.9868171194424,-33.806491606093616],[150.98677552960274,-33.806519061870134],[150.98673504296323,-33.806547633475624],[150.98669570286495,-33.806577290324874],[150.98665755142184,-33.80660800067091],[150.9866206294754,-33.80663973163899],[150.98658497655126,-33.806672449261775],[150.9865506308166,-33.80670611851567],[150.9865176290395,-33.80674070335838],[150.98648600654948,-33.80677616676739],[150.9864557971996,-33.80681247077971],[150.9864270333304,-33.806849576532386],[150.98639974573504,-33.80688744430423],[150.98637396362665,-33.8069260335582],[150.98619526029896,-33.807204131493094]]]}},{"type":"Feature","properties":{"id":"eb037bbc-b6ef-4909-a334-e94ab7ba46b9","name":"Family Planning Australia - Fairfield Clinic","category":"clinic","category_label":"Abortion clinic","service_type":"Pregnancy termination","suburb":"FAIRFIELD","state":"NSW","postcode":"2165","phone":"1300 372 372","website":"","appointment_required":true,"geometry_source":"manual","boundary_status":"manual","zone_basis":"manual-premises","zone_confidence":"reviewed","legal_note":"Public Health Act 2010 (NSW) s 98A covers the clinic premises and every place within 150 m of any part of those premises or a pedestrian access point to the building. This map buffers the mapped building and does not separately model pedestrian access points.","osm_url":"","data_source":"Healthdirect National Health Services Directory (NHSD)","data_source_url":"https://www.healthdirect.gov.au/australian-health-services","source_synced_at":"2026-09-16T00:09:42Z"},"geometry":{"type":"Polygon","coordinates":[[[150.95300816447593,-33.86951286142758],[150.95303294611227,-33.86955213107518],[150.95305926852456,-33.86959070336297],[150.95308710328354,-33.86962853662841],[150.95311642032644,-33.86966559000711],[150.95314718798923,-33.86970182347702],[150.953179373041,-33.869737197901635],[150.95321294071968,-33.86977167507225],[150.95324785476973,-33.86980521774929],[150.95328407748116,-33.86983778970249],[150.9533215697304,-33.86986935575003],[150.95336029102245,-33.86989988179661],[150.9534001995346,-33.86992933487017],[150.95344125216175,-33.86995768315758],[150.95348340456283,-33.869984896039014],[150.95352661120873,-33.87001094412097],[150.9535708254315,-33.870035799268074],[150.9536159994748,-33.87005943463346],[150.95366208454527,-33.87008182468776],[150.95370903086558,-33.87010294524669],[150.9537567877279,-33.87012277349719],[150.9538053035489,-33.870141288022005],[150.95385452592524,-33.87015846882293],[150.9539044016904,-33.87017429734232],[150.95395487697195,-33.870188756483174],[150.9540058972499,-33.8702018306276],[150.9540574074154,-33.870213505653716],[150.95410935183045,-33.870223768950844],[150.95416167438793,-33.87023260943318],[150.95421431857218,-33.870240017551744],[150.95426722752018,-33.87024598530474],[150.95432034408273,-33.87025050624614],[150.95437361088648,-33.87025357549268],[150.95442697039576,-33.87025518972915],[150.95448036497467,-33.87025534721193],[150.9545337369495,-33.87025404777093],[150.95458702867094,-33.870251292809726],[150.95464018257638,-33.87024708530407],[150.95469314125208,-33.87024142979867],[150.9547458474952,-33.870234332402255],[150.9547982443756,-33.87022580078103],[150.95485027529742,-33.870215844150344],[150.95490188406004,-33.870204473264764],[150.95495301491886,-33.87019170040646],[150.95500361264573,-33.87017753937188],[150.95505362258825,-33.870162005456905],[150.95510299072913,-33.870145115440366],[150.95515166374435,-33.870126887565775],[150.95519958906078,-33.87010734152177],[150.95524671491307,-33.87008649842074],[150.95561954553884,-33.86991501087501],[150.95566602987995,-33.86989278932421],[150.95571160540928,-33.86986930580182],[150.95575622244985,-33.86984458590507],[150.95579983236954,-33.86981865657887],[150.95584238763414,-33.86979154608639],[150.95588384185925,-33.86976328397822],[150.95592414986055,-33.86973390106023],[150.95596326770342,-33.86970342935992],[150.9560011527506,-33.86967190209152],[150.95603776370862,-33.86963935361984],[150.95607306067308,-33.8696058194227],[150.95610700517182,-33.86957133605241],[150.95613956020708,-33.869535941095734],[150.95617069029572,-33.86949967313308],[150.95620036150797,-33.869462571696346],[150.95622854150423,-33.869424677225915],[150.95625519957056,-33.86938603102643],[150.95628030665202,-33.86934667522193],[150.9563038353843,-33.86930665270983],[150.95632576012355,-33.86926600711419],[150.9563460569744,-33.86922478273817],[150.95636470381606,-33.869183024515706],[150.95638168032616,-33.869140777962585],[150.95639696800308,-33.86909808912677],[150.95641055018615,-33.869055004538254],[150.95642241207364,-33.86901157115831],[150.956432540739,-33.868967836328316],[150.9564409251449,-33.868923847718136],[150.95644755615533,-33.86887965327422],[150.95645242654533,-33.86883530116725],[150.95645553100908,-33.86879083973969],[150.9564568661656,-33.868746317453116],[150.95645643056235,-33.868701782835316],[150.95645422467692,-33.86865728442749],[150.95645025091642,-33.86861287073125],[150.9564445136148,-33.86856859015581],[150.95643701902827,-33.868524490965264],[150.95642777532834,-33.86848062122586],[150.9564167925929,-33.868437028753696],[150.95640408279527,-33.86839376106263],[150.95638965979123,-33.868350865312394],[150.95637353930363,-33.8683083882573],[150.9563557389056,-33.868266376195194],[150.95633627800103,-33.868224874917054],[150.95631517780376,-33.86818392965706],[150.95629246131412,-33.86814358504332],[150.95626815329413,-33.86810388504917],[150.9562422802403,-33.86806487294529],[150.95600892429687,-33.867726358402635],[150.95598165258508,-33.86768826232807],[150.95595288849944,-33.86765093064096],[150.95592266308665,-33.867614403632935],[150.95589100897038,-33.86757872072703],[150.9558579603162,-33.86754392043526],[150.9558235527946,-33.86751004031699],[150.95578782354266,-33.867477116938375],[150.95575081112366,-33.867445185833],[150.95571255548583,-33.86741428146341],[150.9556730979189,-33.86738443718403],[150.95563248100973,-33.86735568520506],[150.95559074859634,-33.867328056557845],[150.95554794572053,-33.86730158106124],[150.95550411857926,-33.867276287289585],[150.95545931447484,-33.867252202541735],[150.95541358176385,-33.86722935281166],[150.95536696980506,-33.86720776276042],[150.95531952890596,-33.867187455689496],[150.95527131026859,-33.86716845351569],[150.95522236593433,-33.86715077674744],[150.95517274872762,-33.86713444446271],[150.95512251219907,-33.86711947428839],[150.95507171056755,-33.86710588238128],[150.95502039866182,-33.86709368341067],[150.95496863186122,-33.86708289054249],[150.954916466036,-33.86707351542509],[150.95486395748702,-33.86706556817672],[150.95481116288494,-33.86705905737454],[150.95475813920916,-33.867053990045434],[150.9547049436862,-33.86705037165838],[150.9546516337281,-33.86704820611859],[150.95459826687033,-33.86704749576322],[150.9545449007098,-33.86704824135895],[150.95449159284263,-33.86705044210109],[150.9544384008021,-33.867054095614456],[150.9543853819964,-33.86705919795593],[150.95433259364685,-33.867065743618774],[150.9542800927261,-33.867073725538454],[150.95422793589657,-33.86708313510038],[150.9541761794494,-33.86709396214916],[150.9541248792437,-33.86710619499953],[150.9540740906462,-33.867119820449005],[150.9540238684715,-33.86713482379208],[150.95397426692307,-33.867151188836175],[150.9539253395346,-33.86716889791904],[150.95387713911225,-33.86718793192783],[150.95382971767768,-33.86720827031974],[150.95378312641202,-33.867229891144184],[150.95352522493368,-33.86735423034827],[150.95349039472384,-33.86736892755887],[150.95344344872063,-33.86739038329289],[150.9533973804343,-33.86741311291921],[150.9533522399847,-33.86743709170956],[150.9533080764823,-33.86746229357669],[150.9532649379749,-33.86748869110264],[150.9532228713953,-33.8675162555687],[150.9531819225102,-33.86754495698652],[150.95314213587054,-33.86757476413083],[150.95310355476283,-33.86760564457334],[150.9530662211623,-33.86763756471805],[150.95303017568702,-33.8676704898378],[150.9529954575538,-33.86770438411203],[150.95296210453557,-33.86773921066577],[150.95293015292017,-33.867774931609716],[150.95289963747098,-33.86781150808148],[150.95287059138897,-33.86784890028787],[150.9528430462767,-33.86788706754813],[150.95281703210387,-33.8679259683383],[150.9527925771747,-33.86796556033623],[150.9527697080971,-33.86800580046779],[150.95274844975387,-33.86804664495361],[150.95272882527541,-33.868088049356736],[150.95271085601468,-33.86812996863103],[150.9526945615239,-33.868172357170096],[150.9526799595334,-33.86821516885694],[150.95266706593205,-33.86825835711413],[150.95265589475022,-33.868301874954476],[150.95264645814441,-33.868345675032124],[150.95263876638398,-33.8683897096941],[150.95263282784006,-33.868433931032115],[150.9526286489763,-33.868478290934746],[150.9526262343419,-33.86852274113971],[150.9526255865667,-33.868567233286406],[150.95262670635827,-33.86861171896852],[150.952629592501,-33.86865614978673],[150.95263424185762,-33.86870047740129],[150.95264064937246,-33.86874465358466],[150.952648808077,-33.86878863027404],[150.95265870909736,-33.86883235962352],[150.95267034166412,-33.868875794056265],[150.9526836931238,-33.868918886316244],[150.95269874895277,-33.86896158951959],[150.95271549277302,-33.86900385720568],[150.95273390636993,-33.869045643387665],[150.95275396971203,-33.869086902602504],[150.95277566097295,-33.86912758996039],[150.952798956555,-33.869167661193686],[150.95300816447593,-33.86951286142758]]]}},{"type":"Feature","properties":{"id":"860a0440-ff6f-4e93-aa5e-72be70fb3af3","name":"Family Planning NSW Penrith","category":"clinic","category_label":"Abortion clinic","service_type":"Pregnancy termination","suburb":"PENRITH","state":"NSW","postcode":"2750","phone":"1300 372 372","website":"","appointment_required":true,"geometry_source":"openstreetmap","boundary_status":"matched","zone_basis":"osm-containing-building","zone_confidence":"reviewed","legal_note":"Public Health Act 2010 (NSW) s 98A covers the clinic premises and every place within 150 m of any part of those premises or a pedestrian access point to the building. This map buffers the mapped building and does not separately model pedestrian access points.","osm_url":"https://www.openstreetmap.org/way/1500246918","data_source":"Healthdirect National Health Services Directory (NHSD)","data_source_url":"https://www.healthdirect.gov.au/australian-health-services","source_synced_at":"2026-09-16T00:09:42Z"},"geometry":{"type":"Polygon","coordinates":[[[150.69233755578992,-33.755127062883425],[150.69225765520258,-33.75521566204711],[150.6922265062986,-33.75525140577243],[150.69219678056115,-33.75528797763757],[150.69216850981695,-33.75532533848803],[150.69214172433524,-33.75536344832446],[150.69211645279506,-33.75540226634564],[150.69209272225484,-33.75544175099211],[150.69207055812325,-33.75548185999061],[150.69204998413198,-33.75552255039939],[150.69203102231043,-33.75556377865414],[150.69201369296195,-33.7556055006147],[150.69199801464237,-33.75564767161223],[150.69198400413978,-33.755690246497096],[150.69197167645686,-33.75573317968716],[150.69196104479457,-33.755776425216624],[150.69195212053813,-33.75581993678519],[150.6919449132448,-33.755863667807695],[150.69193943063368,-33.755907571463915],[150.69193567857732,-33.75595160074874],[150.6919336610955,-33.75599570852248],[150.69193338035092,-33.756039847561325],[150.69193483664677,-33.756083970607975],[150.69193802842662,-33.75612803042212],[150.69194295227587,-33.75617197983107],[150.6919496029254,-33.756215771780354],[150.6919579732573,-33.75625935938388],[150.69196805431253,-33.75630269597439],[150.69197983530023,-33.756345735153246],[150.69199330360954,-33.75638843084016],[150.69200844482305,-33.75643073732255],[150.69202524273206,-33.756472609304524],[150.69204367935407,-33.75651400195522],[150.69206373495203,-33.756554870957],[150.6920853880553,-33.75659517255279],[150.6921086154829,-33.75663486359296],[150.69213339236808,-33.7566739015815],[150.69215969218504,-33.75671224472157],[150.69218748677733,-33.756749851960244],[150.69221674638788,-33.75678668303241],[150.69224743969113,-33.75682269850395],[150.69227953382614,-33.756857859813934],[150.69231299443223,-33.75689212931592],[150.69234778568537,-33.756925470318265],[150.69238387033678,-33.75695784712341],[150.69242120975272,-33.75698922506608],[150.69245976395587,-33.75701957055045],[150.69249949166814,-33.75704885108608],[150.69254035035482,-33.75707703532276],[150.69258229627016,-33.75710409308399],[150.69273609711726,-33.757199994291234],[150.69277827526605,-33.75722542469384],[150.6928214137665,-33.757249716076466],[150.6928654681364,-33.7572728433906],[150.692910392949,-33.7572947827881],[150.6929561418798,-33.757315511645714],[150.69300266775446,-33.75733500858847],[150.6930499225974,-33.757353253511674],[150.6930978576812,-33.75737022760168],[150.6931464235769,-33.757385913355286],[150.6931476902415,-33.757386284005854],[150.69317539883377,-33.757396024373016],[150.6932250174235,-33.75741189454537],[150.69327523475943,-33.757426404687294],[150.69332599692686,-33.75743953922021],[150.6933772494261,-33.75745128404246],[150.69342893723092,-33.75746162654439],[150.69348100484763,-33.75747055562194],[150.6935333963748,-33.75747806168855],[150.69358605556306,-33.757484136685434],[150.69363892587575,-33.75748877409027],[150.69369195054946,-33.75749196892417],[150.693745072655,-33.75749371775705],[150.6937982351586,-33.75749401871129],[150.6938513809831,-33.7574928714638],[150.69390445306925,-33.75749027724628],[150.69395739443695,-33.75748623884399],[150.69401014824658,-33.75748076059269],[150.6940626578597,-33.75747384837404],[150.69411486690026,-33.757465509609226],[150.69416671931498,-33.75745575325103],[150.6942181594334,-33.75744458977424],[150.6942691320278,-33.75743203116432],[150.69431958237257,-33.75741809090463],[150.69436945630275,-33.7574027839619],[150.69441870027242,-33.757386126770136],[150.69446726141206,-33.75736813721306],[150.69451508758536,-33.757348834604805],[150.6945621274452,-33.75732823966926],[150.69460833048873,-33.757306374517746],[150.6946536471117,-33.757283262625336],[150.69469802866166,-33.75725892880562],[150.69474142749016,-33.757233399184024],[150.69478379700394,-33.757206701169835],[150.69482509171505,-33.75717886342673],[150.69486526728952,-33.75714991584198],[150.69490428059507,-33.7571198894944],[150.6949420897474,-33.75708881662092],[150.69497865415514,-33.75705673058206],[150.6950139345634,-33.75702366582602],[150.69504789309607,-33.75698965785171],[150.69508049329616,-33.75695474317073],[150.6951480928007,-33.75687984246336],[150.69517925922497,-33.75684410648853],[150.69520900263583,-33.75680754185827],[150.6952372911868,-33.75677018772497],[150.69526409458916,-33.756732084086345],[150.6952893841447,-33.75669327174258],[150.69531313277622,-33.75665379225271],[150.69533531505667,-33.75661368789005],[150.69535590723623,-33.75657300159692],[150.69537488726786,-33.75653177693872],[150.69539223483073,-33.75649005805725],[150.69540793135224,-33.75644788962343],[150.69542196002757,-33.75640531678948],[150.69543430583798,-33.756362385140555],[150.69544495556661,-33.756319140645964],[150.69545389781285,-33.75627562960993],[150.69546112300435,-33.75623189862198],[150.69546662340736,-33.75618799450709],[150.69547039313494,-33.75614396427557],[150.6954724281534,-33.75609985507267],[150.69547272628643,-33.75605571412812],[150.69547128721743,-33.756011588705576],[150.69546811249,-33.75596752605202],[150.69546320550612,-33.75592357334711],[150.6954565715225,-33.75587977765273],[150.69544821764512,-33.755836185862584],[150.6954381528213,-33.75579284465194],[150.69542638783048,-33.75574980042775],[150.69541293527226,-33.75570709927884],[150.6953978095533,-33.75566478692666],[150.69538102687162,-33.75562290867629],[150.69536260519925,-33.75558150936795],[150.69534256426314,-33.75554063332895],[150.69532092552396,-33.75550032432628],[150.695297712153,-33.75546062551973],[150.69527294900752,-33.75542157941567],[150.695246662604,-33.755383227821554],[150.69521888108983,-33.75534561180115],[150.69518963421308,-33.75530877163059],[150.69515895329073,-33.75527274675524],[150.6951268711751,-33.75523757574743],[150.6950934222186,-33.75520329626526],[150.6950586422371,-33.75516994501217],[150.69502256847133,-33.75513755769769],[150.69498523954735,-33.75510616899924],[150.69494669543488,-33.75507581252495],[150.69490697740463,-33.755046520777725],[150.6948661279841,-33.7550183251204],[150.69482419091213,-33.75499125574222],[150.69460959209184,-33.75485735742738],[150.69456659829825,-33.75483143502206],[150.69452260714297,-33.75480669640008],[150.69447766575877,-33.7547831680663],[150.69443182229648,-33.75476087522887],[150.69438512587323,-33.75473984177224],[150.69433762651988,-33.75472009023151],[150.69428937512743,-33.75470164176836],[150.69424042339256,-33.75468451614831],[150.69419082376214,-33.754668731719654],[150.69414062937713,-33.75465430539366],[150.69408989401566,-33.75464125262658],[150.69403867203528,-33.754629587402995],[150.69398701831489,-33.75461932222091],[150.6939349881959,-33.75461046807835],[150.69388263742286,-33.75460303446155],[150.69383002208394,-33.75459702933477],[150.6937771985506,-33.75459245913185],[150.6937242234174,-33.75458932874926],[150.69367115344127,-33.75458764154084],[150.69361804548078,-33.75458739931426],[150.69356495643513,-33.754588602329015],[150.69351194318324,-33.75459124929624],[150.69345906252295,-33.75459533737998],[150.69340637110997,-33.75460086220033],[150.6933539253973,-33.75460781783805],[150.69330178157477,-33.754616196840956],[150.69324999550872,-33.75462599023187],[150.6931986226824,-33.75463718751827],[150.69314771813623,-33.75464977670348],[150.69309733640907,-33.75466374429959],[150.6930475314797,-33.75467907534186],[150.69299835670898,-33.75469575340472],[150.69294986478278,-33.75471376061946],[150.69290210765536,-33.75473307769325],[150.69285513649393,-33.75475368392996],[150.69280900162366,-33.754775557252174],[150.69276375247387,-33.754798674224936],[150.69271943752503,-33.75482301008082],[150.6926761042568,-33.75484853874649],[150.69263379909725,-33.754875232870596],[150.69259256737303,-33.754903063853114],[150.69255245326084,-33.754932001875936],[150.6925134997401,-33.75496201593486],[150.6924757485469,-33.754993073872804],[150.6924392401293,-33.755025142414176],[150.69240401360398,-33.75505818720065],[150.6923701067143,-33.75509217282787],[150.69233755578992,-33.755127062883425]]]}},{"type":"Feature","properties":{"id":"beb84181-7e55-48ef-b7d7-c3e8d686b971","name":"Family Planning Australia - Hunter Clinic","category":"clinic","category_label":"Abortion clinic","service_type":"Pregnancy termination","suburb":"NEWCASTLE","state":"NSW","postcode":"2300","phone":"1300 372 372","website":"https://www.fpnsw.org.au","appointment_required":true,"geometry_source":"openstreetmap","boundary_status":"matched","zone_basis":"osm-containing-building","zone_confidence":"building-match","legal_note":"Public Health Act 2010 (NSW) s 98A covers the clinic premises and every place within 150 m of any part of those premises or a pedestrian access point to the building. This map buffers the mapped building and does not separately model pedestrian access points.","osm_url":"https://www.openstreetmap.org/way/571092627","data_source":"Healthdirect National Health Services Directory (NHSD)","data_source_url":"https://www.healthdirect.gov.au/australian-health-services","source_synced_at":"2026-09-16T00:09:42Z"},"geometry":{"type":"Polygon","coordinates":[[[151.7715049715604,-32.92671955712249],[151.77153296812074,-32.92691315747816],[151.77154014622758,-32.92695681934162],[151.77154901987524,-32.92700026106729],[151.7715595795931,-32.92704343627892],[151.77157181411062,-32.92708629888471],[151.77158571036918,-32.92712880312646],[151.77160125353615,-32.92717090362858],[151.77161842702063,-32.927212555446324],[151.7716372124912,-32.92725371411395],[151.7716575898955,-32.927294335692096],[151.77167953748156,-32.92733437681471],[151.77170303182103,-32.92737379473537],[151.77172804783427,-32.92741254737288],[151.771754558817,-32.92745059335626],[151.77178253646886,-32.92748789206883],[151.77181195092362,-32.92752440369167],[151.77184277078103,-32.92756008924605],[151.77187496314042,-32.927594910635094],[151.77190849363564,-32.92762883068442],[151.77194332647196,-32.92766181318188],[151.77197942446412,-32.92769382291617],[151.7720167490761,-32.927724825714435],[151.7720552604623,-32.92775478847882],[151.77209491750995,-32.927783679221704],[151.77213567788303,-32.92781146709991],[151.77217749806763,-32.92783812244763],[151.77222033341826,-32.92786361680811],[151.77226413820543,-32.92788792296402],[151.77230886566466,-32.92791101496649],[151.77235446804633,-32.92793286816286],[151.77240089666662,-32.92795345922299],[151.77244810195958,-32.92797276616416],[151.77249603352993,-32.92799076837451],[151.772544640207,-32.92800744663513],[151.77259387009914,-32.92802278314049],[151.77264367064953,-32.92803676151753],[151.77269398869183,-32.92804936684308],[151.7727447705072,-32.928060585659814],[151.7727959618817,-32.92807040599065],[151.772847508164,-32.92807881735149],[151.77289935432387,-32.92808581076245],[151.7729514450109,-32.92809137875741],[151.77300372461355,-32.92809551539203],[151.77305613731858,-32.9280982162501],[151.77310862717061,-32.92809947844817],[151.773161138132,-32.92809930063876],[151.7732136141424,-32.928097683011686],[151.77326599917893,-32.9280946272939],[151.77331823731572,-32.92809013674768],[151.7740383480642,-32.928018235659074],[151.77409054770933,-32.92801229378222],[151.77414248730875,-32.928004919192645],[151.77419411106084,-32.92799611981331],[151.7742453635034,-32.92798590509786],[151.77429618957316,-32.92797428602056],[151.774346534665,-32.92796127506443],[151.7743963446906,-32.92794688620787],[151.7744455661366,-32.92793113490962],[151.77449414612204,-32.92791403809215],[151.7745420324552,-32.92789561412351],[151.7745891736897,-32.92787588279753],[151.7746355191797,-32.92785486531264],[151.77468101913448,-32.92783258424898],[151.77472562467173,-32.927809063544274],[151.77476928787024,-32.92778432846797],[151.77481196182129,-32.92775840559419],[151.77485360067905,-32.92773132277314],[151.77489415970987,-32.92770310910117],[151.7749335953404,-32.92767379488956],[151.7749718652043,-32.92764341163187],[151.7750089281877,-32.92761199197019],[151.7750447444736,-32.92757956966005],[151.77507927558443,-32.92754617953406],[151.7751124844235,-32.927511857464644],[151.77514433531476,-32.9274766403253],[151.77517479404128,-32.927440565951215],[151.77520382788177,-32.92740367309838],[151.77523140564597,-32.92736600140215],[151.77525749770803,-32.927327591334496],[151.77528207603834,-32.927288484160606],[151.7753051142336,-32.92724872189458],[151.77532658754532,-32.92720834725421],[151.77534647290628,-32.92716740361514],[151.77536474895527,-32.92712593496422],[151.77538139606014,-32.927083985852306],[151.7753963963389,-32.92704160134631],[151.77540973367866,-32.92699882698092],[151.77542139375336,-32.92695570870949],[151.77543136403878,-32.92691229285486],[151.77543963382615,-32.926868626059445],[151.77544619423367,-32.9268247552352],[151.77545103821586,-32.926780727513204],[151.7754541605714,-32.92673659019301],[151.7754555579485,-32.92669239069186],[151.77545522884847,-32.92664817649373],[151.77545317362745,-32.92660399509829],[151.77544939449604,-32.9265598939699],[151.77544389551664,-32.92651592048667],[151.77541529200798,-32.92631842085005],[151.775408072178,-32.926274584649],[151.77539914323532,-32.926230970809044],[151.7753885147913,-32.92618762626524],[151.77537619828627,-32.926144597662734],[151.775362206977,-32.92610193130662],[151.77534655592257,-32.92605967311212],[151.7753292619682,-32.926017868555085],[151.7753103437269,-32.92597656262319],[151.77528982155962,-32.92593579976741],[151.77526771755333,-32.92589562385426],[151.77524405549704,-32.92585607811854],[151.77521886085646,-32.925817205116886],[151.7751921607464,-32.92577904668184],[151.7751639839017,-32.925741643877004],[151.77513436064618,-32.925705036952714],[151.77510332286013,-32.925669265302815],[151.77507090394593,-32.92563436742222],[151.77503713879207,-32.92560038086552],[151.77500206373568,-32.92556734220657],[151.77496571652335,-32.9255352869991],[151.7749281362706,-32.92550424973851],[151.77488936341967,-32.92547426382471],[151.77484943969608,-32.92544536152622],[151.77480840806368,-32.925417573945396],[151.77476631267845,-32.925390930985024],[151.77472319884103,-32.92536546131609],[151.77467911294778,-32.92534119234697],[151.77463410244113,-32.92531815019392],[151.77458821575826,-32.92529635965296],[151.77454150227925,-32.92527584417326],[151.77449401227366,-32.9252566258318],[151.77444579684663,-32.92523872530972],[151.77439690788393,-32.92522216187001],[151.77434739799585,-32.925206953336804],[151.77429732046096,-32.925193116076166],[151.77424672916848,-32.925180664978555],[151.77419567856052,-32.925169613442726],[151.7741442235733,-32.92515997336135],[151.7740924195782,-32.92515175510823],[151.77404032232212,-32.92514496752712],[151.77398798786746,-32.92513961792216],[151.77393547253186,-32.92513571205015],[151.7738828328276,-32.92513325411422],[151.77383012540076,-32.92513224675938],[151.77377740697025,-32.92513269106965],[151.77372473426692,-32.92513458656692],[151.77367216397226,-32.92513793121139],[151.77361975265774,-32.9251427214039],[151.7729002633707,-32.92521852025722],[151.7728483304928,-32.92522471544669],[151.7727966661348,-32.925232329910365],[151.7727453253328,-32.92524135553687],[151.77269436277837,-32.925251782711506],[151.77264383276005,-32.92526360032663],[151.7725937891058,-32.92527679579339],[151.7725442851255,-32.92529135505511],[151.7724953735542,-32.92530726260236],[151.772447106496,-32.92532450148941],[151.77239953536844,-32.925343053352265],[151.77235271084788,-32.92536289842828],[151.77230668281538,-32.92538401557717],[151.77226150030364,-32.92540638230355],[151.77221721144485,-32.92542997478084],[151.7721738634192,-32.92545476787678],[151.77213150240482,-32.92548073517998],[151.77209017352857,-32.9255078490283],[151.7720499208178,-32.92553608053811],[151.77201078715373,-32.9255653996352],[151.77197281422548,-32.925595775086684],[151.77193604248583,-32.925627174534426],[151.77190051110816,-32.92565956452935],[151.77186625794454,-32.92569291056714],[151.77183331948558,-32.925727177125026],[151.7718017308215,-32.92576232769957],[151.77177152560466,-32.92579832484556],[151.77174273601386,-32.92583513021591],[151.77171539271993,-32.925872704602476],[151.7716895248531,-32.925911007977895],[151.77166515997195,-32.92594999953811],[151.77164232403408,-32.925989637745964],[151.77162104136843,-32.926029880375296],[151.77160133464932,-32.92607068455608],[151.77158322487233,-32.926112006819956],[151.77156673133197,-32.926153803146654],[151.77155187160096,-32.926196029010775],[151.77153866151167,-32.92623863942929],[151.77152711513918,-32.92628158900945],[151.77151724478625,-32.9263248319971],[151.7715090609702,-32.926368322325516],[151.7715025724118,-32.92641201366432],[151.77149778602586,-32.926455859469016],[151.77149470691384,-32.92649981303044],[151.7714933383585,-32.926543827524576],[151.77149368182032,-32.92658785606241],[151.77149573693595,-32.92663185173992],[151.77149950151863,-32.92667576768803],[151.7715049715604,-32.92671955712249]]]}},{"type":"Feature","properties":{"id":"502824f5-96e2-4711-90eb-d6d7d632f82a","name":"New Lambton Family Practice","category":"doctor","category_label":"Doctor / general practice","service_type":"Pregnancy termination","suburb":"NEW LAMBTON","state":"NSW","postcode":"2305","phone":"02 4952 7677","website":"https://www.evgp.com.au/","appointment_required":true,"geometry_source":"manual","boundary_status":"manual","zone_basis":"manual-premises","zone_confidence":"reviewed","legal_note":"Public Health Act 2010 (NSW) s 98A covers the clinic premises and every place within 150 m of any part of those premises or a pedestrian access point to the building. This map buffers the mapped building and does not separately model pedestrian access points.","osm_url":"","data_source":"Healthdirect National Health Services Directory (NHSD)","data_source_url":"https://www.healthdirect.gov.au/australian-health-services","source_synced_at":"2026-09-16T00:09:42Z"},"geometry":{"type":"Polygon","coordinates":[[[151.71383408468245,-32.92237472232606],[151.7137911646026,-32.922642645388265],[151.7137849727805,-32.922686792501366],[151.71378051715152,-32.922731086890174],[151.7137778025564,-32.922775480457624],[151.71377683194538,-32.92281992499889],[151.71377760637512,-32.922864372253756],[151.71378012500725,-32.922908773958945],[151.71378438510953,-32.9229530819006],[151.7137903820587,-32.92299724796657],[151.71379810934556,-32.923041224198755],[151.71380755858192,-32.92308496284504],[151.71381871950967,-32.92312841641125],[151.71383158001214,-32.923171537712726],[151.71384612612704,-32.9232142799255],[151.71386234206156,-32.9232565966372],[151.7138802102098,-32.923298441897416],[151.71389971117148,-32.92333977026761],[151.7139208237734,-32.92338053687045],[151.71394352509213,-32.92342069743854],[151.71396779047905,-32.923460208362535],[151.71399359358696,-32.92349902673843],[151.71402090639887,-32.92353711041422],[151.71404969925828,-32.92357441803562],[151.71407994090143,-32.92361090909097],[151.7141115984912,-32.9236465439553],[151.71414463765288,-32.9236812839333],[151.7141790225113,-32.92371509130134],[151.71421471572995,-32.92374792934848],[151.71425167855145,-32.923779762416295],[151.71428987083968,-32.923810555937614],[151.71432925112325,-32.92384027647409],[151.7143697766406,-32.92386889175243],[151.71441140338658,-32.923896370699566],[151.71445408615998,-32.92392268347629],[151.71449777861272,-32.923947801509726],[151.71454243330024,-32.92397169752432],[151.714588001733,-32.923994345571494],[151.71463443442903,-32.92401572105781],[151.71468168096783,-32.92403580077169],[151.714729690045,-32.9240545629086],[151.71477840952798,-32.924071987094756],[151.7148277865127,-32.924088054409246],[151.71487776738107,-32.924102747404575],[151.7149282978591,-32.92411605012559],[151.71497932307588,-32.92412794812687],[151.71503078762328,-32.92413842848834],[151.71508263561594,-32.924147479829365],[151.71513481075212,-32.924155092321065],[151.71518725637475,-32.924161257697],[151.71523991553306,-32.9241659692622],[151.7152927310443,-32.92416922190033],[151.71534564555594,-32.92417101207936],[151.71545830005044,-32.92417326356907],[151.71551102600424,-32.9241735910509],[151.71556373637748,-32.92417246647392],[151.7156163744281,-32.924169891048685],[151.71566888349182,-32.92416586754764],[151.7157212070433,-32.92416040030206],[151.71577328875688,-32.924153495197295],[151.7158250725673,-32.92414515966668],[151.71587650273,-32.92413540268328],[151.71592752388125,-32.92412423475035],[151.71597808109757,-32.924111667890045],[151.716028119955,-32.92409771563041],[151.71607758658774,-32.924082392990876],[151.71612642774596,-32.92406571646599],[151.71617459085323,-32.92404770400783],[151.71622202406317,-32.92402837500651],[151.71626867631522,-32.924007750269354],[151.7163144973896,-32.92398585199857],[151.71635943796136,-32.92396270376724],[151.7164034496536,-32.92393833049399],[151.71644648508928,-32.923912758416186],[151.71648849794258,-32.923886015061626],[151.7165294429885,-32.92385812921896],[151.71656927615166,-32.923829130906675],[151.7166079545537,-32.92379905134078],[151.71664543655945,-32.923767922901156],[151.71668168182183,-32.92373577909678],[151.71671665132513,-32.9237026545296],[151.7167503074271,-32.923668584857275],[151.7167826138995,-32.92363360675479],[151.71681353596705,-32.923597757875044],[151.7168430403448,-32.92356107680817],[151.71687109527403,-32.923523603040124],[151.71689767055645,-32.92348537691014],[151.71692273758669,-32.92344643956727],[151.716946269383,-32.92340683292609],[151.7169682406164,-32.92336659962164],[151.7169886276379,-32.92332578296342],[151.71700740850395,-32.92328442688888],[151.71702456299997,-32.92324257591604],[151.71704007266226,-32.923200275095596],[151.71705392079778,-32.923157569962434],[151.71706609250205,-32.92311450648658],[151.7170765746753,-32.92307113102375],[151.71713289667872,-32.92281671548733],[151.71714167291842,-32.922773102699615],[151.71714874109196,-32.922729271843075],[151.7171540936032,-32.92268527003899],[151.7171577247003,-32.92264114459226],[151.7171596304822,-32.92259694294075],[151.71715980890266,-32.92255271260405],[151.71715825977245,-32.922508501132654],[151.71715498475953,-32.92246435605657],[151.71714998738742,-32.92242032483447],[151.717143273031,-32.9223764548025],[151.71713484891126,-32.92233279312343],[151.71712472408706,-32.922289386736004],[151.7171129094457,-32.922246282304435],[151.7170994176909,-32.92220352616823],[151.7170842633294,-32.922161164292454],[151.71706746265536,-32.922119242218166],[151.7170490337326,-32.92207780501363],[151.71702899637526,-32.92203689722572],[151.71700737212672,-32.92199656283219],[151.71698418423605,-32.921956845194224],[151.71695945763332,-32.92191778700995],[151.71693321890268,-32.9218794302685],[151.71690549625367,-32.92184181620486],[151.71687631949115,-32.92180498525557],[151.71684571998287,-32.921768977015226],[151.71681373062614,-32.92173383019394],[151.71678038581226,-32.921699582575755],[151.71674572138951,-32.92166627097792],[151.71670977462472,-32.9216339312115],[151.71667258416306,-32.92160259804266],[151.7166341899867,-32.92157230515548],[151.7165946333716,-32.921543085115644],[151.71655395684337,-32.92151496933548],[151.71651220413133,-32.92148798804017],[151.71646942012165,-32.92146217023524],[151.71642565080896,-32.921437543675474],[151.71638094324715,-32.92141413483497],[151.7163353454985,-32.92139196887873],[151.7162889065822,-32.92137106963564],[151.71624167642165,-32.92135145957278],[151.71619370579063,-32.921333159771386],[151.7161450462589,-32.92131618990405],[151.7160957501368,-32.92130056821371],[151.71604587041878,-32.92128631149394],[151.71599546072665,-32.92127343507096],[151.7159445752519,-32.921261952787134],[151.7158932686974,-32.92125187698611],[151.71584159621864,-32.92124321849954],[151.7157896133644,-32.9212359866354],[151.71566355139976,-32.92122022663894],[151.7156109451586,-32.92121439336704],[151.7155581381753,-32.92121002113841],[151.71550518802115,-32.92120711471971],[151.71545215242332,-32.921205677279595],[151.7153990892023,-32.92120571038518],[151.71534605620855,-32.92120721400036],[151.7152931112596,-32.92121018648589],[151.71524031207707,-32.921214624601085],[151.71518771622368,-32.92122052350744],[151.71513538104043,-32.92122787677387],[151.71508336358426,-32.92123667638368],[151.71503172056566,-32.921246912743385],[151.71498050828706,-32.92125857469308],[151.71492978258132,-32.921271649518665],[151.7148795987509,-32.921286122965725],[151.7148300115075,-32.921301979254984],[151.7147810749126,-32.921319201099536],[151.71473284231834,-32.92133776972379],[151.7146853663095,-32.921357664883786],[151.71463869864607,-32.921378864889334],[151.7145928902069,-32.92140134662766],[151.71454799093416,-32.92142508558864],[151.71450404977898,-32.921450055891384],[151.71446111464803,-32.92147623031263],[151.71441923235136,-32.92150358031627],[151.71437844855117,-32.92153207608453],[151.71433880771232,-32.921561686550476],[151.7143003530537,-32.92159237943185],[151.714263126501,-32.92162412126629],[151.71422716864126,-32.92165687744776],[151.71419251867835,-32.921690612264356],[151.7141592143905,-32.92172528893717],[151.71412729208882,-32.92176086966039],[151.71409678657795,-32.92179731564256],[151.71406773111798,-32.92183458714881],[151.71404015738818,-32.92187264354421],[151.71401409545263,-32.92191144333806],[151.7139895737271,-32.92195094422913],[151.71396661894843,-32.92199110315174],[151.71394525614508,-32.922031876322755],[151.71392550861015,-32.9220732192893],[151.71390739787552,-32.92211508697719],[151.71389094368888,-32.92215743374013],[151.7138761639918,-32.92220021340944],[151.7138630749004,-32.92224337934439],[151.71385169068756,-32.92228688448305],[151.71384202376757,-32.9223306813936],[151.71383408468245,-32.92237472232606]]]}},{"type":"Feature","properties":{"id":"0fb7638c-60bf-4346-9215-4303df027811","name":"Elmwood Medical Centre","category":"doctor","category_label":"Doctor / general practice","service_type":"Pregnancy termination","suburb":"WODONGA","state":"VIC","postcode":"3690","phone":"0260563011","website":"https://elmwoodmedical.com.au/","appointment_required":true,"geometry_source":"openstreetmap","boundary_status":"matched","zone_basis":"osm-containing-building","zone_confidence":"building-match","legal_note":"Public Health and Wellbeing Act 2008 (Vic) s 185B defines the safe access zone as the area within a 150 m radius of premises where abortions are provided, excluding pharmacies. This map uses the mapped building as a proxy for the legal premises.","osm_url":"https://www.openstreetmap.org/way/672581277","data_source":"Healthdirect National Health Services Directory (NHSD)","data_source_url":"https://www.healthdirect.gov.au/australian-health-services","source_synced_at":"2026-09-16T00:09:42Z"},"geometry":{"type":"Polygon","coordinates":[[[146.86945485740765,-36.13519049137044],[146.86940035086252,-36.13518720316239],[146.86934574028965,-36.135185357027716],[146.86929108416524,-36.13518495494327],[146.86923644101427,-36.135185997339555],[146.86918186934787,-36.13518848310044],[146.86912742760063,-36.13519240956416],[146.869073174068,-36.135197772526325],[146.869019166844,-36.13520456624437],[146.86896546375888,-36.13521278344364],[146.86891212231728,-36.13522241532531],[146.8688591996367,-36.13523345157565],[146.8688067523862,-36.135245880377184],[146.868754836726,-36.13525968842133],[146.86870350824702,-36.135274860922564],[146.86865282191164,-36.13529138163434],[146.86860283199465,-36.13530923286647],[146.86855359202528,-36.135328395504004],[146.86850515472983,-36.135348849027764],[146.8684575719752,-36.135370571536285],[146.86841089471343,-36.13539353976925],[146.86836517292704,-36.135417729132435],[146.86832045557557,-36.13544311372397],[146.8682767905432,-36.13546966636217],[146.86823422458738,-36.135497358614536],[146.86819280328882,-36.13552616082827],[146.86815257100272,-36.13555604216199],[146.8681135708112,-36.13558697061874],[146.86807584447723,-36.135618913080286],[146.8680394323998,-36.13565183534257],[146.8680043735708,-36.135685702152266],[146.86797070553328,-36.13572047724463],[146.86793846434097,-36.13575612338223],[146.86790768452002,-36.13579260239491],[146.86787839903184,-36.13582987522057],[146.8678506392378,-36.135867901947044],[146.86782443486567,-36.135906641854824],[146.86779981397777,-36.135946053460664],[146.86777680294105,-36.13598609456196],[146.86775542639853,-36.136026722282026],[146.8677357072432,-36.13606789311589],[146.86771766659336,-36.136109562976976],[146.8677013237701,-36.136151687244244],[146.86768669627637,-36.136194220809976],[146.86767379977854,-36.136237118128136],[146.86766264808935,-36.136280333263095],[146.8676532531533,-36.13632381993878],[146.86764562503362,-36.13636753158829],[146.86763977190182,-36.13641142140377],[146.86762556925714,-36.136537221207384],[146.8676214974782,-36.13658124068125],[146.86761921120166,-36.1366253441791],[146.86761871287857,-36.13666948447645],[146.86762000304552,-36.13671361430929],[146.86762308032408,-36.13675768642479],[146.8676279414222,-36.1368016536318],[146.86763458113776,-36.136845468851455],[146.86764299236407,-36.13688908516754],[146.86765316609754,-36.136932455876746],[146.86766509144724,-36.13697553453868],[146.8676787556467,-36.13701827502558],[146.8676941440673,-36.13706063157172],[146.8677112402342,-36.137102558822434],[146.86773002584377,-36.13714401188264],[146.86775048078334,-36.13718494636497],[146.86777258315254,-36.13722531843726],[146.86779630928697,-36.13726508486948],[146.86782163378325,-36.1373042030801],[146.86784852952655,-36.13734263118159],[146.86787696771924,-36.13738032802532],[146.86790691791202,-36.137417253245694],[146.86793834803643,-36.13745336730322],[146.86797122443915,-36.13748863152699],[146.86800551191797,-36.13752300815608],[146.86804117375968,-36.13755646037988],[146.8680781717791,-36.137588952377634],[146.86811646636025,-36.137620449356774],[146.8681560164986,-36.13765091759011],[146.86819677984496,-36.137680324452035],[146.86823871275092,-36.13770863845341],[146.86828177031558,-36.13773582927534],[146.86832590643354,-36.137761867801586],[146.8683710738444,-36.13778672614976],[146.8684172241832,-36.137810377701236],[146.86846430803237,-36.13783279712957],[146.86851227497465,-36.13785396042772],[146.86856107364687,-36.137873844933665],[146.86861065179525,-36.13789242935477],[146.86866095633115,-36.137909693790476],[146.86871193338803,-36.13792561975373],[146.86876352837908,-36.137940190190704],[146.86881568605563,-36.13795338949906],[146.86886835056654,-36.13796520354474],[146.8689214655177,-36.137975619677015],[146.86897497403268,-36.137984626742046],[146.86902881881355,-36.13799221509489],[146.86908294220217,-36.13799837660978],[146.86913728624214,-36.13800310468882],[146.86947399195887,-36.13802790511343],[146.86952781594357,-36.138031162296215],[146.86958174213925,-36.13803301333658],[146.86963571423593,-36.1380334563017],[146.8696896758757,-36.13803249072899],[146.86974357071156,-36.13803011762672],[146.8697973424663,-36.1380263394729],[146.8698509349913,-36.13802116021267],[146.86990429232497,-36.13801458525426],[146.86995735875152,-36.13800662146327],[146.87001007885885,-36.137997277155506],[146.87006239759663,-36.13798656208832],[146.87011426033362,-36.13797448745042],[146.87016561291486,-36.137961065850185],[146.87021640171815,-36.13794631130245],[146.87026657371015,-36.137930239213965],[146.87031607650155,-36.137912866367174],[146.87036485840204,-36.13789421090284],[146.87041286847415,-36.137874292300985],[146.87046005658635,-36.13785313136056],[146.87050637346567,-36.13783075017779],[146.87055177074893,-36.137807172123026],[146.87059620103335,-36.13778242181638],[146.87063961792592,-36.137756525101985],[146.87068197609207,-36.137729509021064],[146.87072323130278,-36.137701401783595],[146.87076334048092,-36.137672232738936],[146.87080226174615,-36.137642032345106],[146.87083995445872,-36.13761083213708],[146.87087637926177,-36.13757866469371],[146.87091149812267,-36.13754556360384],[146.87096139787383,-36.137496963070504],[146.8709957886942,-36.13746232289542],[146.8710287492996,-36.137426787448966],[146.87106024398443,-36.13739039522814],[146.87109023863138,-36.13735318565804],[146.8711187007482,-36.1373151990492],[146.8711455995032,-36.1372764765539],[146.8711709057583,-36.137237060121514],[146.87119459210086,-36.137196992453184],[146.87121663287317,-36.13715631695545],[146.87123700420048,-36.13711507769329],[146.87125568401652,-36.13707331934233],[146.87127265208773,-36.137031087140485],[146.87128789003495,-36.13698842683893],[146.8713013813534,-36.13694538465254],[146.87131311143054,-36.13690200720979],[146.87132306756186,-36.136858341502304],[146.87133123896473,-36.1368144348339],[146.87133761678993,-36.136770334769324],[146.8713421941313,-36.1367260890828],[146.87134496603318,-36.13668174570619],[146.87134592949585,-36.136637352677106],[146.87134508347856,-36.13659295808689],[146.871342428901,-36.136548610028456],[146.87133796864185,-36.13650435654427],[146.87133170753603,-36.13646024557424],[146.8713236523692,-36.13641632490382],[146.87131381187052,-36.13637264211219],[146.87130219670317,-36.13632924452086],[146.87128881945273,-36.13628617914217],[146.8712736946135,-36.13624349262859],[146.87125683857306,-36.13620123122207],[146.8712382695941,-36.136159440703956],[146.8712180077949,-36.13611816634545],[146.87119607512744,-36.13607745285848],[146.87117249535365,-36.136037344347365],[146.8711472940196,-36.13599788426097],[146.87112049842784,-36.13595911534569],[146.87109213760786,-36.1359210795991],[146.87106224228455,-36.13588381822449],[146.871030844845,-36.135847371586266],[146.87100733942614,-36.135821915909524],[146.87098858491416,-36.13579878717645],[146.87095714318227,-36.135762651100464],[146.87092425360785,-36.13572736564363],[146.8708899514467,-36.13569296862791],[146.87085427346858,-36.13565949692289],[146.87081725791785,-36.13562698640632],[146.87077894447236,-36.13559547192559],[146.87073937420112,-36.13556498726043],[146.87069858952003,-36.13553556508669],[146.87065663414657,-36.135507236941336],[146.87061355305303,-36.13548003318862],[146.87056939241802,-36.13545398298756],[146.87052419957726,-36.1354291142607],[146.87047802297266,-36.13540545366413],[146.8704309121005,-36.13538302655896],[146.87038291745827,-36.13536185698418],[146.8703340904908,-36.135341967630794],[146.87028448353465,-36.135323379817606],[146.87023414976258,-36.135306113468275],[146.87018314312616,-36.135290187090064],[146.87013151829814,-36.135275617753926],[146.8700793306137,-36.13526242107623],[146.87002663601132,-36.13525061120204],[146.86997349097274,-36.13524020078996],[146.8699199524624,-36.135231200998525],[146.86986607786642,-36.135223621474324],[146.86981192493116,-36.13521747034153],[146.8697575517012,-36.135212754193354],[146.8696556037192,-36.135205272688985],[146.86945485740765,-36.13519049137044]]]}},{"type":"Feature","properties":{"id":"061ae48c-30bf-44b6-9e8c-3bb7b77de9a5","name":"MSI Canberra Abortion & Contraception Clinic","category":"clinic","category_label":"Abortion clinic","service_type":"Pregnancy termination","suburb":"CITY","state":"ACT","postcode":"2601","phone":"1300 003 707","website":"https://www.msiaustralia.org.au/find-a-clinic/msi-canberra-clinic/","appointment_required":true,"geometry_source":"openstreetmap","boundary_status":"matched","zone_basis":"osm-containing-building","zone_confidence":"building-match","legal_note":"Health Act 1993 (ACT) s 86 requires a ministerially declared area that is at least 50 m at every point from the protected facility, sufficient for privacy and access, and no larger than necessary. This map shows a generic 150 m building buffer, not the legal declaration.","osm_url":"https://www.openstreetmap.org/way/28399169","data_source":"Healthdirect National Health Services Directory (NHSD)","data_source_url":"https://www.healthdirect.gov.au/australian-health-services","source_synced_at":"2026-09-16T00:09:42Z"},"geometry":{"type":"Polygon","coordinates":[[[149.12918992728692,-35.27848868424525],[149.12921021425814,-35.27845455790855],[149.12923219734552,-35.27841427706152],[149.12925255589946,-35.27837343116325],[149.1292712681666,-35.27833206386301],[149.12928831415306,-35.278290219367186],[149.1293036756455,-35.278247942392014],[149.12931733623088,-35.27820527811583],[149.1293292813139,-35.27816227213078],[149.1293394981324,-35.2781189703941],[149.12934797577134,-35.278075419179004],[149.1294030695112,-35.27775911843733],[149.12940984759658,-35.277714998736364],[149.1294148408185,-35.27767072063609],[149.12941804375473,-35.277626332245106],[149.1294194529282,-35.2775818817918],[149.12941906681078,-35.277537417571835],[149.12941688582495,-35.27749298789583],[149.1294129123433,-35.277448641036756],[149.12940715068598,-35.27740442517752],[149.12939960711597,-35.277360388358645],[149.12939028983214,-35.277316578426024],[149.12937920896067,-35.27727304297898],[149.12936637654366,-35.27722982931851],[149.1293518065262,-35.277186984395925],[149.1293355147412,-35.27714455476184],[149.12931751889224,-35.277102586515596],[149.12929783853423,-35.27706112525514],[149.12927649505212,-35.27702021602754],[149.12925351163778,-35.276979903280015],[149.12922891326468,-35.27694023081167],[149.1292027266609,-35.27690124172583],[149.12917498027986,-35.27686297838337],[149.12914570426958,-35.276825482356536],[149.12911493043987,-35.27678879438385],[149.12908269222768,-35.276752954325865],[149.1290490246609,-35.27671800112185],[149.1290139643202,-35.27668397274747],[149.12897754929935,-35.27665090617353],[149.12893981916375,-35.27661883732584],[149.12890081490755,-35.27658780104617],[149.12886057890898,-35.27655783105438],[149.12881915488435,-35.27652895991184],[149.12877658784066,-35.276501218985985],[149.12873292402656,-35.27647463841632],[149.1286882108822,-35.276449247081594],[149.12864249698754,-35.27642507256849],[149.1285958320098,-35.27640214114168],[149.12854826664932,-35.27638047771517],[149.1284998525846,-35.27636010582538],[149.12845064241603,-35.276341047605484],[149.12840068960887,-35.27632332376141],[149.128350048435,-35.276306953549316],[149.12829877391428,-35.276291954754704],[149.1282469217544,-35.27627834367306],[149.12819454829057,-35.27626613509223],[149.12814171042442,-35.276255342276215],[149.12808846556183,-35.276245976950925],[149.12803487155102,-35.27623804929134],[149.1279809866194,-35.27623156791048],[149.12736449662788,-35.27616586899556],[149.1273102187402,-35.276160827924976],[149.1272557664053,-35.276157254308664],[149.1272011991341,-35.27615515205224],[149.12714657656318,-35.276154523453265],[149.12709195838946,-35.276155369198726],[149.1270374043051,-35.27615768836431],[149.12698297393223,-35.27616147841541],[149.12692872675782,-35.27616673520987],[149.12687472206858,-35.27617345300255],[149.1268210188863,-35.27618162445157],[149.12676767590335,-35.276191240626346],[149.12671475141835,-35.27620229101737],[149.12666230327278,-35.27621476354767],[149.12661038878747,-35.27622864458596],[149.12655906470016,-35.27624391896167],[149.12650838710346,-35.27626056998138],[149.1264584113834,-35.27627857944712],[149.12640919215923,-35.27629792767632],[149.12636078322333,-35.27631859352317],[149.12631323748283,-35.27634055440187],[149.1262666069014,-35.27636378631125],[149.12622094244279,-35.27638826386097],[149.1261762940149,-35.27641396029934],[149.1261327104155,-35.27644084754246],[149.12609023927854,-35.27646889620499],[149.12604892702242,-35.27649807563225],[149.1260088187991,-35.27652835393367],[149.12596995844478,-35.27655969801768],[149.12593238843198,-35.27659207362786],[149.1258961498232,-35.27662544538039],[149.12586128222583,-35.276659776802674],[149.12582782374918,-35.27669503037329],[149.1257958109625,-35.27673116756284],[149.12576527885528,-35.27676814887624],[149.12573626079876,-35.27680593389576],[149.12570878850966,-35.27684448132519],[149.12568289201542,-35.276883749035036],[149.12565859962132,-35.27692369410854],[149.1256359378796,-35.276964272888534],[149.1256149315605,-35.27700544102523],[149.12559560362504,-35.277047153524585],[149.12557797520003,-35.27708936479762],[149.12556206555482,-35.27713202871006],[149.12554789208042,-35.277175098632924],[149.12553547027036,-35.27721852749339],[149.1255248137038,-35.27726226782626],[149.1255159340306,-35.27730627182584],[149.12542202378992,-35.277824970562605],[149.12541493241213,-35.277869177324796],[149.12540963436345,-35.27791355124886],[149.12540613543393,-35.27795804386439],[149.12540443944854,-35.27800260657128],[149.1254045482628,-35.27804719069277],[149.12540646176083,-35.278091747528606],[149.12541017785543,-35.27813622840832],[149.12541569249038,-35.27818058474425],[149.12542299964485,-35.27822476808477],[149.12543209133995,-35.278268730167106],[149.12544295764744,-35.27831242297008],[149.12545558670053,-35.278355798766604],[149.12546996470687,-35.27839881017581],[149.1254860759637,-35.27844141021473],[149.12550390287467,-35.27848355234972],[149.1255234259695,-35.278525190547235],[149.12554462392484,-35.278566279324124],[149.12556747358775,-35.278606773797364],[149.12559195000105,-35.27864662973298],[149.12561802643037,-35.27868580359451],[149.12564567439344,-35.27872425259041],[149.12567486369122,-35.278761934720954],[149.12570556244086,-35.278798808824014],[149.1257377371106,-35.278834834620035],[149.12577135255617,-35.27886997275609],[149.12580637205946,-35.27890418484885],[149.12584275736833,-35.278937433526465],[149.1258804687387,-35.278969682469466],[149.12591946497773,-35.279000896450405],[149.1259597034889,-35.279031041372335],[149.1260011403185,-35.27906008430607],[149.12604373020375,-35.27908799352616],[149.12608742662212,-35.27911473854558],[149.12613218184217,-35.279140290148966],[149.1261779469758,-35.27916462042459],[149.1262246720315,-35.27918770279484],[149.12627230596908,-35.27920951204526],[149.1263207967554,-35.279230024352074],[149.12637009142114,-35.27924921730824],[149.12642013611878,-35.27926706994793],[149.1264708761814,-35.27928356276939],[149.12652225618226,-35.279298677756344],[149.1265742199956,-35.27931239839756],[149.12662671085778,-35.279324709704966],[149.1266796714293,-35.279335598229984],[149.12673304385754,-35.2793450520783],[149.12678676983987,-35.27935306092273],[149.1268407906875,-35.2793596160146],[149.12739849973755,-35.27941961700547],[149.12745195229934,-35.27942464624223],[149.1275055771033,-35.279428252139944],[149.12755931729146,-35.27943043087533],[149.1276131158834,-35.279431180138275],[149.1276669158369,-35.27943049913434],[149.1277206601082,-35.27942838858559],[149.12777429171263,-35.27942485072984],[149.12782775378503,-35.279419889318234],[149.12788098963992,-35.27941350961132],[149.12793394283182,-35.27940571837347],[149.1279865572149,-35.27939652386566],[149.12803877700279,-35.27938593583677],[149.1280905468273,-35.27937396551318],[149.12814181179766,-35.279360625586925],[149.12819251755832,-35.27934593020222],[149.12824261034677,-35.27932989494041],[149.12829203705053,-35.279312536803545],[149.1283407452635,-35.27929387419625],[149.1283886833414,-35.279273926906264],[149.1284358004567,-35.279252716083455],[149.1284820466524,-35.27923026421737],[149.12852737289512,-35.27920659511341],[149.1285717311269,-35.279181733867546],[149.12861507431631,-35.279155706839795],[149.12865735650834,-35.27912854162614],[149.12869853287307,-35.279100267029385],[149.12873855975312,-35.27907091302853],[149.1287773947101,-35.279040510747016],[149.12881499656947,-35.279009092419734],[149.12885132546438,-35.27897669135885],[149.12888634287765,-35.27894334191839],[149.12892001168285,-35.27890907945796],[149.1289522961836,-35.278873940305104],[149.12898316215134,-35.2788379617169],[149.12901257686175,-35.27880118184038],[149.12904050912925,-35.27876363967213],[149.1290669293403,-35.27872537501689],[149.12909180948458,-35.27868642844538],[149.12911512318476,-35.27864684125129],[149.12913684572456,-35.278606655407444],[149.12915695407472,-35.27856591352137],[149.12917542691767,-35.27852465879006],[149.12918992728692,-35.27848868424525]]]}},{"type":"Feature","properties":{"id":"b9a99261-e552-4bde-bb6b-1fdf0ca48bac","name":"MSI Richmond","category":"clinic","category_label":"Abortion clinic","service_type":"Pregnancy termination","suburb":"RICHMOND","state":"VIC","postcode":"3121","phone":"1300 003 707","website":"https://www.msiaustralia.org.au/","appointment_required":true,"geometry_source":"openstreetmap","boundary_status":"matched","zone_basis":"osm-containing-building","zone_confidence":"building-match","legal_note":"Public Health and Wellbeing Act 2008 (Vic) s 185B defines the safe access zone as the area within a 150 m radius of premises where abortions are provided, excluding pharmacies. This map uses the mapped building as a proxy for the legal premises.","osm_url":"https://www.openstreetmap.org/way/260406951","data_source":"Healthdirect National Health Services Directory (NHSD)","data_source_url":"https://www.healthdirect.gov.au/australian-health-services","source_synced_at":"2026-09-16T00:09:42Z"},"geometry":{"type":"Polygon","coordinates":[[[145.01176371660677,-37.81282920744814],[145.01176740884947,-37.812838324523156],[145.01178614581738,-37.81287986126166],[145.01180659120638,-37.81292089200455],[145.0118287231729,-37.81296137290923],[145.01185251807084,-37.81300126072064],[145.01187795047738,-37.813040512817324],[145.01190499321964,-37.81307908725706],[145.011933617404,-37.813116942821665],[145.0119637924468,-37.81315403906103],[145.0119954861072,-37.813190336336376],[145.01202866452138,-37.81322579586255],[145.01206329223888,-37.81326037974955],[145.01209933226053,-37.81329405104295],[145.0121367460778,-37.81332677376347],[145.01217549371407,-37.81335851294529],[145.01221553376726,-37.81338923467359],[145.0122568234542,-37.813418906120674],[145.01229931865626,-37.81344749558106],[145.01234297396638,-37.81347497250544],[145.01238774273787,-37.813501307533215],[145.01243357713398,-37.81352647252399],[145.01248042817912,-37.813550440587555],[145.01252824581132,-37.81357318611266],[145.01257697893544,-37.8135946847944],[145.01262657547812,-37.81361491366016],[145.01267698244314,-37.81363385109422],[145.0127281459682,-37.813651476860734],[145.0127800113825,-37.813667772125505],[145.01283252326496,-37.81368271947603],[145.01288562550377,-37.813696302940116],[145.0129392613561,-37.81370850800298],[145.0129933735089,-37.81371932162273],[145.01304790413997,-37.81372873224429],[145.01310279497997,-37.81373672981185],[145.01315798737454,-37.81374330577943],[145.01326263072156,-37.81375439490641],[145.01327460698604,-37.81375780712655],[145.01332784761718,-37.81377143590376],[145.0133816250185,-37.81378367896886],[145.01343588141785,-37.813794523169264],[145.01349055852842,-37.81380395685517],[145.0135455976114,-37.813811969892065],[145.013600939539,-37.81381855367166],[145.01386854429836,-37.81384685418418],[145.01392405163014,-37.81385199530316],[145.01397974220285,-37.813855698605735],[145.01403555635622,-37.81385796012462],[145.0140914342976,-37.813858777437105],[145.01409597918118,-37.81385872638147],[145.01412584216033,-37.81386555431965],[145.01417989247088,-37.81387641457833],[145.01423436290386,-37.81388587456158],[145.01428919534925,-37.81389392417725],[145.01433039607028,-37.81389942427634],[145.0143838906244,-37.81390587849759],[145.0144376172038,-37.81391099031136],[145.01449152184566,-37.81391475458336],[145.0145455504083,-37.81391716753275],[145.0145996486255,-37.81391822673598],[145.01465376216117,-37.81391793112917],[145.01470783666377,-37.81391628100925],[145.0147496374241,-37.8139144809764],[145.014804288038,-37.813911432201884],[145.01485878671096,-37.81390699990828],[145.01491307733698,-37.81390118865864],[145.01496710402432,-37.81389400443557],[145.01502081115294,-37.81388545463521],[145.01507414343186,-37.813875548059485],[145.0151270459561,-37.81386429490715],[145.01516724660425,-37.813855194747326],[145.0152191882292,-37.81384272762854],[145.01527060194474,-37.81382896240568],[145.0153214357841,-37.81381391299214],[145.0153716383668,-37.813797594599286],[145.0154211589504,-37.8137800237211],[145.01546994748202,-37.813761218117556],[145.0155179546487,-37.81374119679658],[145.01555465505984,-37.81372529654185],[145.01560197271107,-37.81370401422394],[145.01564840736836,-37.8136815508751],[145.01569391181596,-37.81365792933692],[145.01573843978423,-37.81363317362862],[145.01578194599662,-37.813607308922684],[145.0158243862156,-37.81358036151921],[145.01586571728774,-37.81355235881922],[145.01589701738,-37.813530458519665],[145.01593705597168,-37.81350153436746],[145.0159759111703,-37.813471619909166],[145.0160135437496,-37.81344074534595],[145.01604991571793,-37.813408941848344],[145.0160849903564,-37.813376241524615],[145.016118732256,-37.81334267738844],[145.01615110735335,-37.81330828332553],[145.01617550711046,-37.8132814830396],[145.0162064039223,-37.81324638635678],[145.01623587749515,-37.81321053385334],[145.01626389823,-37.813173961537],[145.01629043798695,-37.813136706138316],[145.0163154701138,-37.81309880507384],[145.01633896947243,-37.81306029640854],[145.01636091246445,-37.8130212188175],[145.0163773119324,-37.81299071859963],[145.01639784203886,-37.81295077401692],[145.01641674595322,-37.812910331552416],[145.01643400436996,-37.81286943251347],[145.01644959966436,-37.81282811867372],[145.0164635159105,-37.81278643223033],[145.01647573889738,-37.81274441576107],[145.01648625614368,-37.81270211218062],[145.01649365542784,-37.812669612075496],[145.01650244596613,-37.81262711949187],[145.01650951548834,-37.812584426921696],[145.0165148567954,-37.812541577857864],[145.01651846444892,-37.812498615952634],[145.01652033477663,-37.812455584973094],[145.01652046587623,-37.81241252875669],[145.01651885761714,-37.812369491166436],[145.01651695685632,-37.81233649119386],[145.01651356083772,-37.81229300747973],[145.0165083892327,-37.812249633078785],[145.01650144743843,-37.81220641323106],[145.01649274269835,-37.81216339301537],[145.01648228409468,-37.812120617302206],[145.01647008253886,-37.812078130706965],[145.01645615076018,-37.81203597754342],[145.01644445007787,-37.812002777706134],[145.01642831005375,-37.81195976297531],[145.01641036840334,-37.811917196051894],[145.01639064497493,-37.81187512401913],[145.01636916158756,-37.81183359341274],[145.01634594200686,-37.81179265016954],[145.01632101191876,-37.81175233957656],[145.0162943989009,-37.81171270622098],[145.01627329847577,-37.81168250648762],[145.01624528662444,-37.81164393172601],[145.01621568056055,-37.81160610738931],[145.01618451246233,-37.811569074585],[145.01615181620556,-37.811532873560246],[145.01611762732657,-37.811497543658184],[145.0160819829838,-37.81146312327514],[145.01604492191728,-37.811429649818926],[145.01601562183714,-37.81140405013263],[145.01597631012058,-37.81137084553141],[145.0159356044251,-37.81133870638],[145.0158935509898,-37.81130766918503],[145.01585019758446,-37.811277769201325],[145.0158055934552,-37.81124904039195],[145.0157597892688,-37.81122151538961],[145.01571283705493,-37.81119522545958],[145.01567673734488,-37.811175725753706],[145.0156295715916,-37.811151143328296],[145.01558140215116,-37.81112780727801],[145.01553228177212,-37.81110574315689],[145.0154822642443,-37.81108497512607],[145.01543140433975,-37.81106552592744],[145.0153797577528,-37.8110474168587],[145.01532738103916,-37.811030667749996],[145.0152866816298,-37.81101826796136],[145.01523373296263,-37.811002924858656],[145.0151801718246,-37.81098897159317],[145.01512605664615,-37.810976423386606],[145.01507144646214,-37.810965293927865],[145.01501640084734,-37.810955595358145],[145.01496097985137,-37.81094733825765],[145.01490524393338,-37.810940531634095],[145.01487793207056,-37.810937560207506],[145.01483499753908,-37.81092318035092],[145.01478357531852,-37.810907484748725],[145.01473520357712,-37.810894121248836],[145.01469595592278,-37.810881791898204],[145.01464336621066,-37.81086682677406],[145.01459018467799,-37.81085322959523],[145.01453646831553,-37.81084101493276],[145.0144822746871,-37.81083019587613],[145.01442766186798,-37.81082078401926],[145.01437268838242,-37.81081278944811],[145.01431741314127,-37.81080622072978],[145.0141792155992,-37.81079162099418],[145.01416670712848,-37.810790463738556],[145.01413484366284,-37.81078493176592],[145.0140790797486,-37.81077677372566],[145.01402300368161,-37.81077008321108],[145.0139116056626,-37.81075828342477],[145.0138561594399,-37.81075313775736],[145.01380052993505,-37.81074942685104],[145.01374477661344,-37.8107471546726],[145.01369783453467,-37.81074645579216],[145.01365615070162,-37.81074257698655],[145.01360045177438,-37.81073884955308],[145.0135446282634,-37.8107365644822],[145.01348873999314,-37.81073572422275],[145.0134328468575,-37.810736329675215],[145.01337700875558,-37.81073838019074],[145.0133212855275,-37.81074187357188],[145.01326573689028,-37.81074680607483],[145.01321042237387,-37.8107531724136],[145.01315540125742,-37.81076096576553],[145.01310073250562,-37.81077017777872],[145.01304647470562,-37.8107807985809],[145.01299268600428,-37.810792816790055],[145.01293942404578,-37.81080621952654],[145.01288674590992,-37.810820992427026],[145.0128347080509,-37.810837119659745],[145.01278336623682,-37.810854583941556],[145.01273277549006,-37.81087336655638],[145.0126829900282,-37.81089344737531],[145.0126340632058,-37.81091480487818],[145.01258604745757,-37.8109374161766],[145.01253899424185,-37.81096125703851],[145.01249295398563,-37.81098630191409],[145.01244797603047,-37.81101252396322],[145.0124041085797,-37.81103989508416],[145.01236139864653,-37.8110683859437],[145.01231989200406,-37.81109796600861],[145.01227963313582,-37.81112860357832],[145.01224066518833,-37.81116026581891],[145.01220302992485,-37.81119291879831],[145.01216676768053,-37.81122652752261],[145.0121319173192,-37.811261055973574],[145.01209851619186,-37.8112964671473],[145.01206660009638,-37.81133272309382],[145.0120362032394,-37.81136978495772],[145.01200735819947,-37.811407613019846],[145.01198009589223,-37.81144616673989],[145.01195444553724,-37.81148540479976],[145.01193043462666,-37.81152528514788],[145.01192093789416,-37.81154248874193],[145.01191545082813,-37.811549683064555],[145.0118882114391,-37.811588192635845],[145.01186258042085,-37.81162738526513],[145.0118385851859,-37.81166721903965],[145.0118162513976,-37.8117076513609],[145.01179560294258,-37.81174863899023],[145.01177666190537,-37.811790138095105],[145.01175944854458,-37.81183210429587],[145.0117439812714,-37.811874492713336],[145.01173027662978,-37.81191725801666],[145.01171834927877,-37.811960354471935],[145.0117082119768,-37.812003735990984],[145.01169987556815,-37.812047356180706],[145.01167587239004,-37.81218855583732],[145.01166933844647,-37.812232425235976],[145.01166462604562,-37.812276440120606],[145.0116617402434,-37.812320553297766],[145.0116606841374,-37.812364717468604],[145.01166145886316,-37.81240888527947],[145.0116640635934,-37.8124530093727],[145.01166849553846,-37.8124970424375],[145.0116747499496,-37.81254093726053],[145.01168282012392,-37.812584646776614],[145.01169269741155,-37.81262812411916],[145.01170437122497,-37.81267132267047],[145.01171782905027,-37.812714196111685],[145.0117330564606,-37.812756698472434],[145.01175003713166,-37.8127987841802],[145.01176371660677,-37.81282920744814]]]}},{"type":"Feature","properties":{"id":"7e003232-4104-4c8a-a4d6-fa26056de275","name":"MyHealth Medical Centre - Carlton","category":"doctor","category_label":"Doctor / general practice","service_type":"Pregnancy termination","suburb":"CARLTON","state":"VIC","postcode":"3053","phone":"03 9347 7711","website":"https://myhealth.net.au/carlton","appointment_required":true,"geometry_source":"openstreetmap","boundary_status":"matched","zone_basis":"osm-containing-building","zone_confidence":"building-match","legal_note":"Public Health and Wellbeing Act 2008 (Vic) s 185B defines the safe access zone as the area within a 150 m radius of premises where abortions are provided, excluding pharmacies. This map uses the mapped building as a proxy for the legal premises.","osm_url":"https://www.openstreetmap.org/way/27521827","data_source":"Healthdirect National Health Services Directory (NHSD)","data_source_url":"https://www.healthdirect.gov.au/australian-health-services","source_synced_at":"2026-09-16T00:09:42Z"},"geometry":{"type":"Polygon","coordinates":[[[144.9670194728019,-37.79657101859777],[144.96701002680524,-37.79657366045559],[144.96695799541396,-37.79658974511341],[144.96690665796086,-37.79660716654738],[144.96685606943143,-37.79662590609829],[144.96680628400918,-37.79664594369512],[144.96675735501756,-37.79666725787655],[144.96670933486283,-37.79668982581399],[144.96666227497803,-37.79671362333594],[144.96661622576784,-37.79673862495395],[144.9665712365546,-37.79676480388991],[144.96652735552547,-37.796792132104656],[144.96648462968082,-37.79682058032812],[144.96644310478393,-37.796850118090546],[144.96640282531197,-37.796880713755186],[144.9663638344083,-37.79691233455221],[144.9663261738363,-37.79694494661374],[144.96628988393473,-37.79697851501014],[144.96625500357436,-37.797013003787455],[144.96622157011637,-37.79704837600585],[144.96618961937241,-37.79708459377924],[144.96615918556623,-37.79712161831584],[144.96613030129691,-37.797159409959704],[144.96610299750407,-37.79719792823316],[144.96607730343456,-37.79723713188025],[144.96605324661138,-37.79727697891083],[144.9660308528039,-37.79731742664559],[144.96601014600049,-37.797358431761744],[144.9659911483826,-37.79739995033942],[144.96597388030125,-37.79744193790872],[144.96595836025497,-37.797484349497374],[144.96594460487015,-37.7975271396788],[144.96593262888308,-37.7975702626209],[144.96592244512428,-37.797613672135036],[144.96591406450466,-37.797657321725566],[144.96586770202578,-37.7979286657224],[144.9658524437697,-37.7980177101772],[144.96584585288866,-37.798061559736],[144.96584108181943,-37.798105556256836],[144.9658381356776,-37.79814965259655],[144.96583701762322,-37.79819380150495],[144.9658377288576,-37.798237955675404],[144.96584026862197,-37.79828206779555],[144.9658446341981,-37.79832609059804],[144.9658508209115,-37.79836997691111],[144.96585882213603,-37.7984136797092],[144.9658686293014,-37.798457152163266],[144.96588023190205,-37.79850034769104],[144.96589361750847,-37.79854322000687],[144.96590877178056,-37.79858572317141],[144.96592567848296,-37.798627811640756],[144.96594431950234,-37.798669440315294],[144.96596467486694,-37.798710564588035],[144.96598672276792,-37.79875114039242],[144.9660104395826,-37.79879112424947],[144.9660357998999,-37.7988304733145],[144.9660627765476,-37.798869145422934],[144.96609134062126,-37.798907099135526],[144.96612146151529,-37.79894429378279],[144.96615310695577,-37.79898068950853],[144.966186243035,-37.79901624731263],[144.9662208342478,-37.7990509290927],[144.96625684352958,-37.799084697685124],[144.96629423229604,-37.79911751690471],[144.96633296048446,-37.79914935158355],[144.96637298659684,-37.79918016760868],[144.96641426774403,-37.79920993195865],[144.96645675969194,-37.79923861273892],[144.96650041690887,-37.799266179216026],[144.96651333418276,-37.799273801844585],[144.9665385833366,-37.79929596282061],[144.96657730435368,-37.799327788808],[144.96661732264553,-37.799358596574386],[144.96665859535136,-37.79938835312249],[144.96670107826665,-37.799417026580905],[144.9667447258905,-37.799444586238295],[144.96678949147426,-37.79947100257622],[144.9668353270719,-37.79949624730077],[144.966882183591,-37.79952029337296],[144.96693001084563,-37.799543115037544],[144.9669787576099,-37.79956468785076],[144.9670283716729,-37.79958498870638],[144.9670787998947,-37.79960399586059],[144.96712998826322,-37.799621688955185],[144.96718188195206,-37.799638049039395],[144.96723442537916,-37.79965305859021],[144.96728756226656,-37.79966670153116],[144.96734123570053,-37.79967896324952],[144.9673953881925,-37.79968983061194],[144.96744996174073,-37.79969929197854],[144.96750489789247,-37.799707337215416],[144.96756013780646,-37.79971395770541],[144.96774954117174,-37.79973415807099],[144.96780503343697,-37.79973934725562],[144.96786071090872,-37.79974309864417],[144.96791651393508,-37.799745408217476],[144.96797238272953,-37.79974627350111],[144.96802825743507,-37.79974569356798],[144.9680840781884,-37.79974366903946],[144.96813978518412,-37.79974020208457],[144.96819531873857,-37.79973529641775],[144.968250619354,-37.799728957294896],[144.9683056277823,-37.79972119150759],[144.96836028508847,-37.799712007375994],[144.96841453271367,-37.79970141473985],[144.96846831253816,-37.799689424947886],[144.9685215669434,-37.799676050845804],[144.96855903309861,-37.799665563211185],[144.96856814768216,-37.799666178858864],[144.9686239437576,-37.799668497659624],[144.96867980598284,-37.79966937250615],[144.96873567452147,-37.79966880246139],[144.96879148953016,-37.79966678813591],[144.96884719122303,-37.79966333168738],[144.96890271993556,-37.79965843681811],[144.96895801618854,-37.799652108771234],[144.96901302075182,-37.799644354325004],[144.96906767470776,-37.79963518178552],[144.96912191951424,-37.79962460097791],[144.9691756970676,-37.79961262323572],[144.96922894976464,-37.79959926138879],[144.96928162056454,-37.799584529749566],[144.96933365304974,-37.79956844409771],[144.9693849914867,-37.7995510216632],[144.9694355808852,-37.7995322811079],[144.96948536705764,-37.79951224250554],[144.96953429667684,-37.79949092732023],[144.96958231733322,-37.79946835838344],[144.96962937759096,-37.79944455986958],[144.9696754270432,-37.79941955727007],[144.96972041636582,-37.79939337736603],[144.9697642973704,-37.79936604819961],[144.96980702305595,-37.799337599043966],[144.96984854765898,-37.79930806037183],[144.96988882670277,-37.79927746382294],[144.96992781704492,-37.79924584217012],[144.96996547692348,-37.79921322928415],[144.97000176600181,-37.79917966009752],[144.9700366454117,-37.79914517056696],[144.9700700777951,-37.799109797634976],[144.97010202734396,-37.79907357919026],[144.9701324598387,-37.79903655402706],[144.97016134268486,-37.798998761803674],[144.97018864494797,-37.798960242999975],[144.97021433738666,-37.798921038873985],[144.9702383924841,-37.798881191417735],[144.9702607844772,-37.79884074331224],[144.97028148938446,-37.798799737881886],[144.9703004850316,-37.79875821904784],[144.97031775107507,-37.798716231281155],[144.9703332690242,-37.79867381955511],[144.97034702226065,-37.798631029296956],[144.9703589960565,-37.798587906339364],[144.97036917758962,-37.79854449687121],[144.9703775559579,-37.79850084738825],[144.97038990860955,-37.79842852920202],[144.9704141771268,-37.7982861947062],[144.97046934153138,-37.79796325976303],[144.97047590677988,-37.79791942832093],[144.97048065381145,-37.79787545062595],[144.9704835775474,-37.79783137375807],[144.9704846748611,-37.79778724490335],[144.97048394458105,-37.79774311130335],[144.97048138749233,-37.7976990202047],[144.97047700633564,-37.797655018808435],[144.97047080580444,-37.79761115421946],[144.9704627925398,-37.79756747339613],[144.97045297512332,-37.79752402310002],[144.97044136406802,-37.79748084984579],[144.97042797180697,-37.79743799985151],[144.97041281267994,-37.79739551898905],[144.9703959029181,-37.797353452735045],[144.97037726062672,-37.79731184612225],[144.97035690576553,-37.79727074369124],[144.97033486012762,-37.79723018944279],[144.97031114731587,-37.797190226790796],[144.97028579271782,-37.79715089851574],[144.97025882347842,-37.79711224671894],[144.970230268471,-37.79707431277747],[144.97020015826624,-37.79703713729987],[144.9701685250997,-37.79700076008268],[144.97013540283695,-37.79696522006785],[144.97010082693757,-37.796930555301],[144.9700648344171,-37.79689680289083],[144.97002746380738,-37.79686399896923],[144.96998875511542,-37.79683217865273],[144.9699487497804,-37.796801376004844],[144.96990749062942,-37.796771623999646],[144.9698650218316,-37.79674295448647],[144.96982138885087,-37.7967153981558],[144.96977663839718,-37.79668898450644],[144.96973081837663,-37.79666374181391],[144.9696839778401,-37.796639697100275],[144.96963616693077,-37.79661687610506],[144.96958743683044,-37.79659530325787],[144.9695378397048,-37.79657500165209],[144.96948742864748,-37.79655599302029],[144.96943625762327,-37.7965382977109],[144.9693843814105,-37.79652193466647],[144.9693318555421,-37.796506921403335],[144.96927873624648,-37.796493273992915],[144.96922508038716,-37.796481007044505],[144.96917094540188,-37.796470133689645],[144.96911638924126,-37.796460665568006],[144.96906147030677,-37.796452612815074],[144.96900624738805,-37.7964459840511],[144.96900234332404,-37.79644556693343],[144.96899069097503,-37.79644154685002],[144.9689387626292,-37.79642520908224],[144.96888618529584,-37.79641022332351],[144.96883301533236,-37.796396605636886],[144.96877930973113,-37.79638437061896],[144.96872512605873,-37.79637353138428],[144.96867052239395,-37.79636409955126],[144.9686155572658,-37.79635608522974],[144.9685602895906,-37.79634949701012],[144.96847539109953,-37.79634049717301],[144.96841993805788,-37.79633534669925],[144.96836430153027,-37.796331631914455],[144.9683085410284,-37.79632935679215],[144.9682527161966,-37.79632852376591],[144.96819688674793,-37.79632913372678],[144.9681411124005,-37.79633118602233],[144.96808545281345,-37.79633467845731],[144.96802996752314,-37.796339607296055],[144.96797471587954,-37.79634596726639],[144.96791975698278,-37.796353751565384],[144.96786514961988,-37.79636295186651],[144.9678109522019,-37.796373558328675],[144.96778268129586,-37.796379873056864],[144.96774043549485,-37.79638250421974],[144.9676849288108,-37.7963874095048],[144.96762965489447,-37.79639374694407],[144.96757467290766,-37.796401509754325],[144.96752004169983,-37.796410689626754],[144.967465819745,-37.79642127673577],[144.9674120650793,-37.79643325974957],[144.96735883523868,-37.79644662584228],[144.96730618719752,-37.796461360707596],[144.96725417730752,-37.79647744857422],[144.96720286123747,-37.79649487222263],[144.96715229391364,-37.79651361300356],[144.96710252946096,-37.79653365085793],[144.96705362114528,-37.79655496433836],[144.9670194728019,-37.79657101859777]]]}},{"type":"Feature","properties":{"id":"66547b30-8da7-40e4-8d14-5455f12aa58f","name":"MSI St Kilda (Melbourne) Abortion & Contraception Clinic","category":"clinic","category_label":"Abortion clinic","service_type":"Pregnancy termination","suburb":"ELWOOD","state":"VIC","postcode":"3184","phone":"1300 003 707","website":"https://www.msiaustralia.org.au/find-a-clinic/msi-melbourne-clinic/","appointment_required":true,"geometry_source":"openstreetmap","boundary_status":"matched","zone_basis":"osm-containing-building","zone_confidence":"reviewed","legal_note":"Public Health and Wellbeing Act 2008 (Vic) s 185B defines the safe access zone as the area within a 150 m radius of premises where abortions are provided, excluding pharmacies. This map uses the mapped building as a proxy for the legal premises.","osm_url":"https://www.openstreetmap.org/way/409011952","data_source":"Healthdirect National Health Services Directory (NHSD)","data_source_url":"https://www.healthdirect.gov.au/australian-health-services","source_synced_at":"2026-09-16T00:09:42Z"},"geometry":{"type":"Polygon","coordinates":[[[144.98116853027105,-37.87188218269111],[144.98105323179513,-37.87192358200108],[144.9810026983918,-37.87194252056665],[144.9809529772732,-37.871962754565075],[144.98090412171487,-37.87198426231619],[144.98085618406498,-37.87200702077501],[144.9808092156884,-37.87203100555642],[144.9807632669115,-37.87205619096132],[144.9807183869685,-37.87208255000414],[144.98067462394837,-37.872110054441755],[144.98063202474353,-37.87213867480375],[144.98059063499954,-37.87216838042396],[144.98055049906628,-37.87219913947338],[144.98051165995025,-37.87223091899422],[144.9804741592687,-37.872263684935234],[144.98043803720483,-37.87229740218819],[144.98040333246487,-37.8723320346255],[144.98037008223665,-37.8723675451389],[144.9803383221495,-37.87240389567924],[144.98030808623633,-37.87244104729724],[144.98027940689704,-37.87247896018518],[144.9802523148638,-37.87251759371959],[144.98022683916824,-37.872556906504826],[144.98020300711,-37.872596856417275],[144.98018084422785,-37.872637400650625],[144.9801603742722,-37.872678495761676],[144.98014161917942,-37.87272009771685],[144.9801245990487,-37.87276216193947],[144.98010933212018,-37.87280464335744],[144.98009583475553,-37.8728474964515],[144.98008412142048,-37.872890675304134],[144.98007420466908,-37.87293413364866],[144.98006609513055,-37.87297782491882],[144.98005980149753,-37.873021702298736],[144.98005533051708,-37.873065718772956],[144.98005268698313,-37.87310982717697],[144.98005187373167,-37.87315398024762],[144.98005289163734,-37.87319813067386],[144.98005573961277,-37.87324223114736],[144.9800604146095,-37.87328623441322],[144.98006691162146,-37.873330093320654],[144.9800752236901,-37.87337376087342],[144.980085341912,-37.87341719028029],[144.9800972554483,-37.87346033500511],[144.98011095153632,-37.87350314881669],[144.9801264155033,-37.873545585838365],[144.98014363078198,-37.8735876005971],[144.98016257892843,-37.873629148072276],[144.98018323964178,-37.87367018374394],[144.98020559078594,-37.87371066364043],[144.98028798839675,-37.8738534647243],[144.98031200945118,-37.87389335076571],[144.98033767169497,-37.87393259474238],[144.98036494762493,-37.87397115459101],[144.98039380800807,-37.87400898898159],[144.98042422191304,-37.87404605736161],[144.98045615674317,-37.87408231999951],[144.98048957827143,-37.8741177380273],[144.9805244506772,-37.874152273482274],[144.98056073658447,-37.874185889347615],[144.98059839710209,-37.87421854959214],[144.98063739186537,-37.87425021920888],[144.98067767907932,-37.87428086425266],[144.98071921556345,-37.87431045187643],[144.9807619567981,-37.874338950366486],[144.98080585697215,-37.874366329176546],[144.98085086903208,-37.87439255896035],[144.9808969447324,-37.87441761160329],[144.9809440346874,-37.87444146025237],[144.98099208842416,-37.87446407934514],[144.9810410544365,-37.874485444637045],[144.98109088024023,-37.874505533227364],[144.98114151242956,-37.87452432358387],[144.98119289673414,-37.8745417955658],[144.98124497807734,-37.87455793044552],[144.9812977006353,-37.87457271092859],[144.98135100789682,-37.87458612117228],[144.9814048427238,-37.87459814680256],[144.98145914741255,-37.87460877492954],[144.98151386375574,-37.87461799416125],[144.98156893310474,-37.874625794615845],[144.98162429643233,-37.87463216793229],[144.9816798943963,-37.87463710727918],[144.9817356674029,-37.87464060736219],[144.98179155567055,-37.874642664429665],[144.98184749929433,-37.87464327627672],[144.9819034383098,-37.874642442247506],[144.98195931275757,-37.874640163236],[144.98201506274734,-37.87463644168503],[144.98207062852245,-37.87463128158359],[144.98212595052348,-37.87462468846266],[144.98218096945257,-37.87461666938921],[144.98223562633657,-37.87460723295867],[144.98228986259065,-37.87459638928562],[144.9823436200807,-37.874584149993105],[144.98239684118604,-37.874570528200046],[144.98244946886095,-37.874555538507174],[144.9825014466959,-37.8745391969815],[144.98255271897796,-37.87452152113897],[144.9826679204973,-37.874480020447635],[144.98271837981002,-37.87446104972352],[144.98276802622925,-37.874440786670185],[144.9828168066527,-37.87441925296146],[144.98286466890434,-37.87439647163032],[144.98291156179064,-37.8743724670442],[144.9829574351548,-37.87434726487892],[144.9830022399308,-37.874320892091234],[144.98304592819585,-37.87429337689001],[144.98308845322134,-37.874264748706],[144.98312976952323,-37.8742350381604],[144.9831698329104,-37.87420427703208],[144.98320860053207,-37.87417249822361],[144.98324603092357,-37.874139735726004],[144.98328208405076,-37.87410602458243],[144.9833167213527,-37.87407140085065],[144.9833499057831,-37.874035901564554],[144.98338160184971,-37.87399956469442],[144.98341177565254,-37.87396242910637],[144.98344039491982,-37.873924534520796],[144.9834674290428,-37.873885921469835],[144.98349284910822,-37.87384663125405],[144.9835166279294,-37.87380670589821],[144.9835387400753,-37.873766188106394],[144.98355916189757,-37.87372512121624],[144.98357787155607,-37.873683549152666],[144.98359484904196,-37.87364151638079],[144.98361007619928,-37.8735990678585],[144.98362353674426,-37.87355624898822],[144.9836352162828,-37.87351310556845],[144.9836451023258,-37.873469683744744],[144.98365318430243,-37.873426029960314],[144.98365945357162,-37.87338219090644],[144.98366390343114,-37.873338213472444],[144.98366652912478,-37.8732941446956],[144.9836673278474,-37.873250031710775],[144.983666298748,-37.87320592170004],[144.9836634429306,-37.873161861842185],[144.98365876345295,-37.873117899262326],[144.9836522653233,-37.87307408098137],[144.98364395549507,-37.87303045386588],[144.9836338428594,-37.87298706457782],[144.98362193823553,-37.87294395952473],[144.98360825435927,-37.872901184810026],[144.98359280586945,-37.87285878618378],[144.9835756092921,-37.87281680899369],[144.9835566830229,-37.872775298136645],[144.98353604730738,-37.872734298010705],[144.98351372421928,-37.87269385246757],[144.98343142183114,-37.87255115355024],[144.98340742584782,-37.87251129070634],[144.98338179078712,-37.8724720688279],[144.98335454409042,-37.872433529896625],[144.98332571492406,-37.87239571516312],[144.9832953341481,-37.872358665102794],[144.98326343428317,-37.87232241937254],[144.98323004947576,-37.8722870167682],[144.98319521546156,-37.87225249518319],[144.9831589695274,-37.87221889156783],[144.98312135047104,-37.87218624188985],[144.98308239855996,-37.87215458109588],[144.983042155488,-37.87212394307405],[144.98300066433083,-37.87209436061773],[144.98295796949995,-37.87206586539042],[144.9829141166949,-37.87203848789187],[144.98286915285462,-37.87201225742546],[144.982823126107,-37.87198720206679],[144.98277608571755,-37.87196334863369],[144.98272808203646,-37.87194072265749],[144.98267916644488,-37.87191934835565],[144.98262939129987,-37.87189924860597],[144.98257880987842,-37.87188044492198],[144.98252747632029,-37.871862957429954],[144.9824754455702,-37.87184680484742],[144.982422773319,-37.87183200446308],[144.98236951594404,-37.8718185721183],[144.98231573044893,-37.8718065221902],[144.98226147440226,-37.87179586757621],[144.9822068058764,-37.87178661968034],[144.982151783385,-37.871778788400945],[144.9820964658206,-37.871772382120064],[144.98204091239145,-37.87176740769457],[144.98198518255828,-37.87176387044875],[144.98192933597048,-37.87176177416864],[144.9818734324025,-37.87176112109793],[144.98181753168976,-37.871761911935664],[144.98176169366457,-37.87176414583534],[144.98170597809215,-37.871767820405985],[144.98165044460677,-37.871772931714546],[144.98159515264774,-37.87177947429026],[144.98154016139588,-37.87178744113036],[144.98148552971037,-37.8717968237077],[144.98143131606543,-37.87180761197977],[144.98137757848795,-37.87181979439953],[144.98132437449536,-37.87183335792771],[144.9812717610341,-37.8718482880468],[144.9812197944186,-37.871864568776545],[144.98116853027105,-37.87188218269111]]]}},{"type":"Feature","properties":{"id":"dcac0ab0-e1d4-415d-94d9-1681e46e79d6","name":"Supernova Medical Centre","category":"doctor","category_label":"Doctor / general practice","service_type":"Pregnancy termination","suburb":"TARNEIT","state":"VIC","postcode":"3029","phone":"0388665544","website":"https://supernovamedical.com.au/","appointment_required":true,"geometry_source":"manual","boundary_status":"manual","zone_basis":"manual-premises","zone_confidence":"reviewed","legal_note":"Public Health and Wellbeing Act 2008 (Vic) s 185B defines the safe access zone as the area within a 150 m radius of premises where abortions are provided, excluding pharmacies. This map uses the mapped building as a proxy for the legal premises.","osm_url":"","data_source":"Healthdirect National Health Services Directory (NHSD)","data_source_url":"https://www.healthdirect.gov.au/australian-health-services","source_synced_at":"2026-09-16T00:09:42Z"},"geometry":{"type":"Polygon","coordinates":[[[144.70269520879617,-37.851189371491685],[144.7027507735266,-37.85119490704544],[144.70280653819447,-37.85119900150914],[144.70286244286893,-37.8512016504824],[144.70291842746863,-37.85120285111835],[144.70297443182625,-37.85120260212667],[144.70303039575333,-37.851200903774924],[144.70308625910482,-37.851197757888364],[144.70314196184373,-37.85119316784792],[144.7031974441057,-37.85118713858654],[144.70325264626354,-37.851179676583946],[144.70330750899092,-37.851170789859616],[144.70336197332645,-37.851160487964236],[144.70341598073702,-37.851148781969314],[144.70346947318052,-37.851135684455414],[144.7035223931685,-37.85112120949854],[144.70357468382778,-37.851105372655034],[144.7036262889616,-37.85108819094489],[144.70367715311008,-37.85106968283339],[144.70372722160985,-37.85104986821132],[144.70377644065266,-37.85102876837354],[144.7038247573433,-37.85100640599616],[144.70387211975662,-37.850982805112054],[144.70391847699304,-37.85095799108519],[144.7039637792334,-37.8509319905832],[144.70400797779251,-37.850904831548846],[144.70405102517148,-37.85087654316988],[144.7040928751088,-37.85084715584779],[144.7041334826299,-37.85081670116501],[144.7041728040957,-37.85078521185103],[144.70421079724926,-37.85075272174723],[144.70424742126144,-37.850719265770465],[144.70428263677468,-37.85068487987558],[144.70431640594515,-37.85064960101672],[144.70434869248373,-37.85061346710766],[144.7043794616947,-37.85057651698099],[144.70440868051315,-37.85053879034648],[144.70443631754048,-37.85050032774828],[144.70446234307826,-37.85046117052146],[144.7044867291599,-37.85042136074746],[144.7045094495809,-37.85038094120899],[144.70453047992697,-37.85033995534397],[144.70454979760012,-37.85029844719884],[144.7045673818431,-37.85025646138129],[144.7045832137616,-37.850214043012265],[144.70459727634463,-37.85017123767743],[144.70460955448263,-37.85012809137831],[144.70462003498386,-37.85008465048271],[144.7047892288221,-37.849314919675805],[144.70479793856475,-37.84927101450547],[144.70480481206633,-37.849226906620984],[144.70480984187023,-37.84918264389271],[144.704813022521,-37.84913827435901],[144.70481435057002,-37.849093846174014],[144.70481382457928,-37.84904940755548],[144.70481144512303,-37.84900500673237],[144.704807214787,-37.84896069189256],[144.7048011381656,-37.84891651113049],[144.70479322185716,-37.84887251239503],[144.70478347445632,-37.84882874343741],[144.70477190654506,-37.848785251759395],[144.70475853068106,-37.84874208456173],[144.70474336138403,-37.848699288692934],[144.70472641511998,-37.84865691059844],[144.70470771028337,-37.84861499627023],[144.70468726717704,-37.84857359119684],[144.70466510799028,-37.84853274031411],[144.7046412567746,-37.84849248795632],[144.70461573941782,-37.84845287780809],[144.70458858361565,-37.84841395285708],[144.70455981884206,-37.84837575534719],[144.70452947631682,-37.84833832673281],[144.70449758897192,-37.84830170763381],[144.70446419141575,-37.848265937791474],[144.7044293198955,-37.848231056025355],[144.70439301225775,-37.84819710019117],[144.70435530790763,-37.84816410713968],[144.7043162477658,-37.84813211267676],[144.70427587422407,-37.848101151524524],[144.7042342310996,-37.8480712572836],[144.70419136358717,-37.84804246239673],[144.70414731821,-37.84801479811356],[144.70410214276967,-37.847988294456705],[144.70405588629382,-37.847962980189145],[144.70400859898317,-37.847938882783104],[144.703960332157,-37.84791602839016],[144.70391113819753,-37.847894441812905],[144.70386107049285,-37.84787414647799],[144.70381018337923,-37.84785516441078],[144.70375853208213,-37.84783751621137],[144.70370617265604,-37.8478212210323],[144.70365316192394,-37.847806296557735],[144.70359955741554,-37.84779275898431],[144.70354541730478,-37.84778062300348],[144.70349080034674,-37.8477699017857],[144.70343576581402,-37.84776060696601],[144.702986996876,-37.84769089656855],[144.7029318134636,-37.84768306487025],[144.70287633431718,-37.84767666731019],[144.70282061919283,-37.847671710779125],[144.7027647281009,-37.84766820061569],[144.7027087212411,-37.847666140600666],[144.70265265893795,-37.84766553295283],[144.70259660157555,-37.84766637832672],[144.70254060953278,-37.84766867581178],[144.70248474311813,-37.8476724229334],[144.70242906250482,-37.847677615655584],[144.70237362766593,-37.84768424838533],[144.70231849830992,-37.84769231397855],[144.70226373381624,-37.84770180374788],[144.70220939317144,-37.847712707472],[144.7021555349056,-37.84772501340653],[144.70210221702928,-37.84773870829689],[144.7020494969711,-37.84775377739239],[144.701997431516,-37.8477702044622],[144.70194607674375,-37.84778797181281],[144.7018954879689,-37.84780706030709],[144.701845719681,-37.84782744938493],[144.70179682548607,-37.847849117085275],[144.70174885804872,-37.847872040069916],[144.70170186903547,-37.84789619364852],[144.70165590905924,-37.847921551805285],[144.70161102762455,-37.847948087226904],[144.70156727307455,-37.84797577133204],[144.7015246925387,-37.848004574302024],[144.70148333188206,-37.848034465113074],[144.70144323565597,-37.8480654115696],[144.70140444704995,-37.84809738033899],[144.70136700784528,-37.848130336987396],[144.7013309583699,-37.84816424601685],[144.70129633745512,-37.8481990709036],[144.70126318239355,-37.8482347741373],[144.70123152889917,-37.84827131726148],[144.70120141106875,-37.84830866091494],[144.70117286134504,-37.84834676487419],[144.701145910482,-37.848385588096704],[144.7011205875115,-37.84842508876521],[144.7010969197121,-37.84846522433262],[144.7010749325797,-37.84850595156793],[144.70105464980006,-37.84854722660277],[144.70103609322314,-37.84858900497866],[144.70101928283978,-37.84863124169485],[144.70100423675996,-37.84867389125686],[144.70099097119342,-37.84871690772539],[144.70097950043208,-37.848760244765884],[144.7009698368347,-37.84880385569842],[144.7008116438177,-37.84959391492762],[144.70080375249682,-37.84963803890029],[144.70079771113464,-37.8496823446086],[144.70079352632695,-37.84972678370541],[144.70079120264364,-37.84977130769791],[144.70079074262375,-37.84981586800058],[144.70079214677264,-37.8498604159882],[144.7007954135614,-37.849904903048895],[144.70080053942863,-37.84994928063716],[144.7008075187842,-37.84999350032688],[144.70081634401532,-37.85003751386418],[144.7008270054949,-37.85008127322002],[144.70083949159203,-37.85012473064267],[144.70085378868464,-37.85016783870979],[144.70086988117433,-37.850210550380176],[144.70088775150344,-37.85025281904514],[144.7009073801742,-37.85029459857928],[144.70092874576974,-37.85033584339096],[144.70095182497803,-37.85037650847188],[144.7009765926166,-37.8504165494464],[144.7010030216605,-37.85045592261977],[144.70103108327174,-37.85049458502598],[144.70106074683045,-37.85053249447453],[144.7010919799686,-37.850569609596555],[144.70112474860508,-37.85060588988991],[144.7011590169832,-37.85064129576343],[144.7011947477093,-37.85067578858012],[144.7012319017939,-37.85070933069928],[144.701270438694,-37.85074188551764],[144.70131031635745,-37.85077341750929],[144.7013514912688,-37.85080389226443],[144.70139391849682,-37.85083327652696],[144.7014375517435,-37.85086153823077],[144.7014823433945,-37.85088864653469],[144.70152824457125,-37.85091457185623],[144.70157520518418,-37.8509392859038],[144.70162317398757,-37.85096276170762],[144.7016720986351,-37.85098497364913],[144.70172192573742,-37.85100589748901],[144.7017726009201,-37.85102551039354],[144.70182406888313,-37.85104379095961],[144.70187627346118,-37.851060719238035],[144.70192915768504,-37.85107627675535],[144.70198266384358,-37.85109044653393],[144.70203673354695,-37.85110321311061],[144.70209130779017,-37.851114562553434],[144.70214632701766,-37.85112448247699],[144.702201731188,-37.85113296205582],[144.70225745983979,-37.85113999203634],[144.70269520879617,-37.851189371491685]]]}},{"type":"Feature","properties":{"id":"7848de12-d72f-429f-8be0-f525ebdf1e7c","name":"MSI Gold Coast Abortion & Contraception Clinic","category":"clinic","category_label":"Abortion clinic","service_type":"Pregnancy termination","suburb":"VARSITY LAKES","state":"QLD","postcode":"4227","phone":"1300 003 707","website":"https://www.msiaustralia.org.au/find-a-clinic/msi-gold-coast-clinic/","appointment_required":true,"geometry_source":"openstreetmap","boundary_status":"matched","zone_basis":"osm-containing-building","zone_confidence":"building-match","legal_note":"Termination of Pregnancy Act 2018 (Qld) s 14 covers the premises and places no more than 150 m from an entrance, unless another distance is prescribed. This map instead buffers the entire mapped building, so its boundary can differ from the legal zone.","osm_url":"https://www.openstreetmap.org/way/544073292","data_source":"Healthdirect National Health Services Directory (NHSD)","data_source_url":"https://www.healthdirect.gov.au/australian-health-services","source_synced_at":"2026-09-16T00:09:42Z"},"geometry":{"type":"Polygon","coordinates":[[[153.40858219251479,-28.080158030637474],[153.4088034926225,-28.080347932347372],[153.40883992254322,-28.08037818603435],[153.40887745484582,-28.08040737193828],[153.40891604934475,-28.080435458809443],[153.40895566471718,-28.080462416574814],[153.40899625854712,-28.080488216370316],[153.40903778737078,-28.0805128305717],[153.40908020672316,-28.080536232824134],[153.40912347118572,-28.080558398070423],[153.40916753443497,-28.08057930257785],[153.409212349292,-28.08059892396355],[153.40925786777305,-28.08061724121855],[153.409304041141,-28.080634234730198],[153.40935081995733,-28.080649886303185],[153.40939815413523,-28.080664179179063],[153.40944599299326,-28.08067709805414],[153.40949428530948,-28.080688629095896],[153.40954297937637,-28.0806987599578],[153.4095920230562,-28.0807074797925],[153.40964136383693,-28.080714779263477],[153.40969094888825,-28.08072065055502],[153.4097051720102,-28.08072191834096],[153.40973861818074,-28.080726080274754],[153.40978865629535,-28.080730831023455],[153.40983884452072,-28.08073412621421],[153.4098891284784,-28.08073596227672],[153.4099394536862,-28.080736337221623],[153.40998976561727,-28.080735250642668],[153.4100400097591,-28.080732703717164],[153.41009013167263,-28.08072869920467],[153.4101400770513,-28.080723241444037],[153.4101897917798,-28.0807163363487],[153.41023922199278,-28.080707991400256],[153.4102883141332,-28.080698215640368],[153.41033701501033,-28.080687019660978],[153.41038527185742,-28.080674415592796],[153.4104330323889,-28.0806604170922],[153.410480244857,-28.080645039326395],[153.41052685810786,-28.080628298957],[153.41057282163683,-28.080610214122],[153.41061808564342,-28.080590804416076],[153.41066260108505,-28.080570090869376],[153.4107063197304,-28.080548095924733],[153.4107491942114,-28.080524843413347],[153.4107911780748,-28.08050035852895],[153.4108322258324,-28.080474667800498],[153.41087229301033,-28.08044779906347],[153.4109113361973,-28.08041978142966],[153.41094931309158,-28.080390645255648],[153.4109861825468,-28.0803604221099],[153.4110219046166,-28.08032914473859],[153.41105644059795,-28.08029684703007],[153.41108975307293,-28.080263563978185],[153.41112180594942,-28.080229331644347],[153.41131890507302,-28.08001162993773],[153.41134916158768,-28.07997707844864],[153.41137813486603,-28.079941681121255],[153.4114057945552,-28.079905475039862],[153.41143211167875,-28.07986849813602],[153.4114570586667,-28.07983078914877],[153.4114806093848,-28.079792387584114],[153.41150273916148,-28.079753333673576],[153.41152342481402,-28.079713668332076],[153.41154264467266,-28.07967343311506],[153.41156037860344,-28.07963267017494],[153.41157660802907,-28.07959142221697],[153.41159131594858,-28.079549732454474],[153.4116044869551,-28.079507644563567],[153.41161610725183,-28.079465202637437],[153.41162616466676,-28.0794224511401],[153.4116346486651,-28.07937943485985],[153.41164155036063,-28.079336198862332],[153.41164686252475,-28.0792927884433],[153.41165057959415,-28.079249249081197],[153.41165269767666,-28.07920562638951],[153.41165321455517,-28.079161966068938],[153.41165212969022,-28.079118313859567],[153.41164944422027,-28.079074715492936],[153.41164516096066,-28.079031216644097],[153.4116392844006,-28.078987862883814],[153.41163182069843,-28.078944699630778],[153.41162277767535,-28.078901772104043],[153.41161216480685,-28.078859125275677],[153.4115999932132,-28.07881680382361],[153.41158627564744,-28.078774852084855],[153.41157102648228,-28.07873331400903],[153.41155426169482,-28.078692233112363],[153.4115359988499,-28.078651652432097],[153.4115162570818,-28.078611614481332],[153.41149505707395,-28.07857216120461],[153.41147242103747,-28.078533333933873],[153.41144837268783,-28.07849517334521],[153.4114229372199,-28.07845771941625],[153.4113961412817,-28.07842101138426],[153.41136801294635,-28.07838508770507],[153.41133858168283,-28.07834998601276],[153.41130787832483,-28.078315743080253],[153.41127593503882,-28.078282394780793],[153.4112427852899,-28.07824997605037],[153.41120846380716,-28.078218520851106],[153.41097776378396,-28.078013822663994],[153.41094210248542,-28.077983194122346],[153.41090533028157,-28.07795360584311],[153.410867486134,-28.077925089175526],[153.41082861014007,-28.077897674333435],[153.41078874349014,-28.077871390363242],[153.4107479284242,-28.077846265113156],[153.41070620818695,-28.077822325203698],[153.41066362698206,-28.077799595999483],[153.41062022992537,-28.07777810158235],[153.41057606299694,-28.077757864725864],[153.41053117299248,-28.07773890687117],[153.41048560747373,-28.077721248104286],[153.41043941471813,-28.07770490713483],[153.4103926436675,-28.077689901276194],[153.4103453438764,-28.077676246427206],[153.41029756545944,-28.07766395705526],[153.41024935903837,-28.07765304618105],[153.41020077568837,-28.07764352536471],[153.41015186688384,-28.0776354046936],[153.41010268444398,-28.07762869277163],[153.41005328047802,-28.07762339671011],[153.41000370732974,-28.077619522120255],[153.40995401752207,-28.077617073107202],[153.40990426370178,-28.077616052265707],[153.40985449858323,-28.077616460677355],[153.40980477489282,-28.077618297909428],[153.4097551453131,-28.07762156201536],[153.4097056624269,-28.077626249536824],[153.40965637866157,-28.077632355507372],[153.4096073462336,-28.077639873457674],[153.40955861709327,-28.077648795422434],[153.40951024286937,-28.07765911194877],[153.4094622748149,-28.077670812106255],[153.4094147637524,-28.07768388349849],[153.40936776002042,-28.077698312276254],[153.40932131341995,-28.077714083152138],[153.4092754731618,-28.07773117941678],[153.40923028781444,-28.07774958295654],[153.40918580525243,-28.0777692742727],[153.4091420726059,-28.07779023250213],[153.40909913621047,-28.077812435439366],[153.40905704155827,-28.077835859560157],[153.4090158332496,-28.07786048004639],[153.40897555494578,-28.07788627081235],[153.4089362493229,-28.077913204532397],[153.40889795802653,-28.077941252669874],[153.40886072162766,-28.077970385507378],[153.4088245795797,-28.07800057217823],[153.40878957017668,-28.078031780699142],[153.40854416998584,-28.078257778735406],[153.40851031393674,-28.07828999194605],[153.40847766467712,-28.07832316074532],[153.40844625683454,-28.07835724995591],[153.4084161237199,-28.078392223424324],[153.4083872972923,-28.07842804405922],[153.40835980812517,-28.078464673870748],[153.4083336853738,-28.078502074010874],[153.40830895674435,-28.078540204814487],[153.40828564846453,-28.078579025841574],[153.4082637852557,-28.07861849592003],[153.4082433903069,-28.07865857318933],[153.40822448524986,-28.078699215144976],[153.40820709013636,-28.078740378683502],[153.4081912234168,-28.07878202014823],[153.4081769019207,-28.078824095375563],[153.40816414083886,-28.078866559741822],[153.40815295370712,-28.078909368210546],[153.40814335239216,-28.078952475380294],[153.40813534707874,-28.07899583553277],[153.4081289462591,-28.079039402681307],[153.4081241567237,-28.079083130619665],[153.4081209835541,-28.079126972971007],[153.40811943011786,-28.079170883237087],[153.40811949806437,-28.07921481484759],[153.40812118732362,-28.07925872120951],[153.40812449610593,-28.07930255575653],[153.40812942090412,-28.07934627199848],[153.40813595649695,-28.07938982357058],[153.40814409595484,-28.079433164282648],[153.40815383064708,-28.079476248168085],[153.40816515025114,-28.079519029532626],[153.40817804276338,-28.07956146300279],[153.40819249451206,-28.07960350357401],[153.40820849017152,-28.07964510665841],[153.4082260127787,-28.079686228132015],[153.4082450437509,-28.07972682438161],[153.4082655629057,-28.079766852350986],[153.4082875484822,-28.07980626958659],[153.4083109771641,-28.07984503428257],[153.40833582410448,-28.079883105325123],[153.40836206295225,-28.079920442336068],[153.4083896658798,-28.079957005715716],[153.4084186036128,-28.07999275668484],[153.40844884546107,-28.080027657325825],[153.40848035935124,-28.080061670622893],[153.40851311186069,-28.080094760501325],[153.408547068253,-28.080126891865785],[153.40858219251479,-28.080158030637474]]]}},{"type":"Feature","properties":{"id":"89cb7ece-0ec3-422c-8e12-0483ed1e5eec","name":"Myhealth Benowa Village","category":"doctor","category_label":"Doctor / general practice","service_type":"Pregnancy termination","suburb":"BENOWA","state":"QLD","postcode":"4217","phone":"07 5618 8616","website":"https://myhealth.net.au/benowa-village/","appointment_required":true,"geometry_source":"openstreetmap","boundary_status":"matched","zone_basis":"osm-containing-building","zone_confidence":"building-match","legal_note":"Termination of Pregnancy Act 2018 (Qld) s 14 covers the premises and places no more than 150 m from an entrance, unless another distance is prescribed. This map instead buffers the entire mapped building, so its boundary can differ from the legal zone.","osm_url":"https://www.openstreetmap.org/way/673306833","data_source":"Healthdirect National Health Services Directory (NHSD)","data_source_url":"https://www.healthdirect.gov.au/australian-health-services","source_synced_at":"2026-09-16T00:09:42Z"},"geometry":{"type":"Polygon","coordinates":[[[153.37415952885397,-28.000042028787924],[153.37416089861634,-28.000065438204523],[153.3741650563484,-28.000109017745988],[153.3741708118388,-28.00015245538518],[153.37417815904013,-28.00019570546661],[153.3741870902319,-28.000238722531886],[153.3741975960289,-28.000281461367457],[153.37420966539065,-28.000323877052153],[153.37422328563332,-28.000365925004427],[153.37423844244304,-28.000407561029167],[153.37425511989073,-28.00044874136417],[153.374273300449,-28.000489422726176],[153.3742929650106,-28.000529562356284],[153.3743140929083,-28.000569118064973],[153.37433666193678,-28.000608048276412],[153.37436064837598,-28.00064631207218],[153.3743860270159,-28.00068386923422],[153.37441277118313,-28.000720680287206],[153.37444085276894,-28.000756706539946],[153.3744702422588,-28.00079191012614],[153.37450090876334,-28.00082625404409],[153.3745328200509,-28.000859702195676],[153.3745659425813,-28.000892219424237],[153.37460024154123,-28.00092377155158],[153.37463568088071,-28.000954325413858],[153.37467222335107,-28.00098384889646],[153.37470983054402,-28.00101231096778],[153.37474846293213,-28.00103968171181],[153.3747880799102,-28.001065932359566],[153.37482863983817,-28.001091035319398],[153.37487010008473,-28.00111496420594],[153.3749124170721,-28.00113769386786],[153.37491337881843,-28.00113817344615],[153.37491664007942,-28.00114182483326],[153.37494922141516,-28.001175921506576],[153.37498306186063,-28.001209048318035],[153.37501812440692,-28.001241169038078],[153.37503214744282,-28.001253193135284],[153.37503600132823,-28.00125737246854],[153.37506891755137,-28.001290767549392],[153.37510305716168,-28.001323190983907],[153.3751383833906,-28.001354607850836],[153.37517485819149,-28.001384984313013],[153.37521244228049,-28.0014142876538],[153.37525109517892,-28.00144248631232],[153.37529077525681,-28.001469549917466],[153.3753314397779,-28.00149544932062],[153.37537304494543,-28.001520156627002],[153.37541554594944,-28.001543645225787],[153.3754588970151,-28.00156588981872],[153.3755030514518,-28.001586866447376],[153.37554796170377,-28.001606552518982],[153.37559357940097,-28.001624926830715],[153.37563985541132,-28.00164196959261],[153.37568673989372,-28.001657662448807],[153.37576184066327,-28.00168156273028],[153.37580932732104,-28.001695901382],[153.3758573217473,-28.001708855221178],[153.37590577215423,-28.00172041027006],[153.37595462626177,-28.001730554060234],[153.3760038313543,-28.00173927564609],[153.37605333433734,-28.001746565616656],[153.37610308179504,-28.00175241610571],[153.37615302004764,-28.00175682080032],[153.37620309520946,-28.001759774947608],[153.37625325324717,-28.001761275359918],[153.376303440038,-28.001761320418243],[153.376353601428,-28.001759910073957],[153.3764036832908,-28.001757045848887],[153.3764536315858,-28.001752730833665],[153.37650339241648,-28.001746969684387],[153.3765529120887,-28.001739768617597],[153.37660213716853,-28.00173113540357],[153.37665101454002,-28.001721079357942],[153.37669949146232,-28.001709611331613],[153.37674751562687,-28.001696743699117],[153.37679503521366,-28.00168249034519],[153.37684199894713,-28.001666866649813],[153.37688835615174,-28.001649889471647],[153.37693405680628,-28.001631577129775],[153.3769790515982,-28.00161194938399],[153.37702329197663,-28.001591027413454],[153.3770667302049,-28.00156883379383],[153.37710931941186,-28.00154539247293],[153.37715101364262,-28.001520728744865],[153.3771917679082,-28.00149486922276],[153.37723153823376,-28.001467841810033],[153.37727028170647,-28.001439675670262],[153.3773079565215,-28.001410401195752],[153.3773445220273,-28.001380049974703],[153.3773799387693,-28.001348654757138],[153.37741416853274,-28.001316249419567],[153.3774471743836,-28.001282868928413],[153.3774789207087,-28.001248549302293],[153.37750937325396,-28.00121332757314],[153.37753849916152,-28.001177241746262],[153.37756626700494,-28.0011403307593],[153.37759264682344,-28.00110263444023],[153.37761761015395,-28.001064193464387],[153.37764113006187,-28.001025049310567],[153.37766318117033,-28.000985244216256],[153.37768373968723,-28.000944821132077],[153.37770278343123,-28.00090382367541],[153.37772029185544,-28.000862296083376],[153.3781313798528,-27.999835991799575],[153.3781472536576,-27.999794201782308],[153.37816157268148,-27.999751976170135],[153.3781743216384,-27.999709360045543],[153.3781854869187,-27.999666398907895],[153.37819505660372,-27.999623138624862],[153.3782030204782,-27.999579625383443],[153.37820937004142,-27.999535905640652],[153.37821409851628,-27.999492026073913],[153.37821720085643,-27.999448033531248],[153.37821867375158,-27.99940397498121],[153.37821851563126,-27.999359897462792],[153.37821672666627,-27.999315848035174],[153.37821330876855,-27.99927187372748],[153.37820826558925,-27.999228021488584],[153.37820160251462,-27.999184338136974],[153.3781933266604,-27.999140870310764],[153.37818344686417,-27.999097664417913],[153.37817197367585,-27.999054766586692],[153.3781589193466,-27.999012222616386],[153.37814429781554,-27.998970077928448],[153.3781281246949,-27.998928377517984],[153.37811041725345,-27.998887165905735],[153.378091194398,-27.998846487090525],[153.3780704766531,-27.9988063845023],[153.37804828613935,-27.99876690095575],[153.3780246465495,-27.99872807860462],[153.3779995831234,-27.99868995889672],[153.37797312262092,-27.998652582529612],[153.37794529329338,-27.99861598940724],[153.37791612485336,-27.99858021859728],[153.3778856484431,-27.998545308289454],[153.37785389660112,-27.998511295754753],[153.37782090322753,-27.99847821730567],[153.37778670354783,-27.998446108257383],[153.3777513340753,-27.99841500289012],[153.37771483257197,-27.998384934412506],[153.3776772380084,-27.99835593492616],[153.377638590522,-27.99832803539138],[153.37759893137425,-27.99830126559413],[153.37755830290646,-27.998275654114224],[153.37751674849488,-27.99825122829482],[153.37747431250412,-27.998228014213222],[153.37743104023988,-27.998206036653073],[153.37738697790067,-27.998185319077855],[153.37734217252827,-27.99816588360586],[153.37729667195777,-27.998147750986615],[153.37725052476634,-27.99813094057866],[153.37720378022144,-27.998115470328933],[153.37702228209,-27.99805837100225],[153.37697514261293,-27.998044300436938],[153.37692750919496,-27.998031592785086],[153.37687943236443,-27.998020261526644],[153.37683096312006,-27.998010318681477],[153.37678215287676,-27.99800177479669],[153.37673305341107,-27.99799463893538],[153.3766837168064,-27.997988918667062],[153.3766341953976,-27.997984620059643],[153.37658454171557,-27.99798174767295],[153.37653480843147,-27.99798030455393],[153.3764850483009,-27.997980292233404],[153.37643531410802,-27.997981710724435],[153.37638565860934,-27.99798455852234],[153.376336134478,-27.997988832606246],[153.37628679424782,-27.99799452844234],[153.3762376902574,-27.998001639988633],[153.37623342996775,-27.998002383530324],[153.37622776608487,-27.99800135945235],[153.3761780846777,-27.997993874896085],[153.37612815071608,-27.997987841299672],[153.3760780185382,-27.997983265228893],[153.37602774269783,-27.99798015166341],[153.37597737790512,-27.9979785039914],[153.37592697896702,-27.997978324005864],[153.37587660072757,-27.99797961190266],[153.37582629800838,-27.9979823662803],[153.37577612554875,-27.99798658414147],[153.37572613794643,-27.997992260896304],[153.37567638959786,-27.997999390367358],[153.37562693463926,-27.99800796479634],[153.37557782688756,-27.998017974852566],[153.37552911978196,-27.998029409643074],[153.37548086632566,-27.998042256724542],[153.3754331190283,-27.998056502116754],[153.37538592984873,-27.998072130317855],[153.37533935013857,-27.998089124321215],[153.37529343058628,-27.99810746563392],[153.37524822116194,-27.998127134296915],[153.37522577581197,-27.998137725557523],[153.37522036584778,-27.998139529528057],[153.37517449283592,-27.99815635002159],[153.3751292633251,-27.998174478303252],[153.37508472512266,-27.998193895211706],[153.37504092530529,-27.998214580223504],[153.37499791016936,-27.99823651147485],[153.37495572518185,-27.99825966578465],[153.37491441493236,-27.99828401867905],[153.37487402308602,-27.99830954441729],[153.37483459233738,-27.99833621601888],[153.37479616436508,-27.998364005292185],[153.37475877978798,-27.99839288286414],[153.3747224781222,-27.998422818211356],[153.37468729773926,-27.99845377969235],[153.3746532758257,-27.99848573458099],[153.37462044834353,-27.99851864910109],[153.37458884999245,-27.99855248846211],[153.37455851417297,-27.99858721689592],[153.37452947295128,-27.9986227976946],[153.37450175702523,-27.99865919324926],[153.37447539569195,-27.998696365089767],[153.37445041681684,-27.9987342739254],[153.3744268468041,-27.998772879686424],[153.3744047105689,-27.99881214156636],[153.37438403151089,-27.99885201806521],[153.37436483148963,-27.99889246703324],[153.3743471308013,-27.998933445715597],[153.37420932692112,-27.999268744283768],[153.37419308219373,-27.99931037699616],[153.37417838505695,-27.99935245566778],[153.37416525117283,-27.999394935462625],[153.37415369453782,-27.999437771117236],[153.37414372746767,-27.999480916988936],[153.37413536058455,-27.99952432710443],[153.37412860280557,-27.999567955208814],[153.3741234613334,-27.999611754814858],[153.3741199416484,-27.99965567925251],[153.37411804750286,-27.999699681718685],[153.3741177809171,-27.999743715327078],[153.37411914217716,-27.99978773315814],[153.37412212983457,-27.999831688309083],[153.37412674070785,-27.99987553394385],[153.3741329698859,-27.999919223343024],[153.3741408107331,-27.999962709953593],[153.3741502548968,-28.00000594743858],[153.37415952885397,-28.000042028787924]]]}},{"type":"Feature","properties":{"id":"9987039c-8515-4816-b447-0690a4c615f0","name":"Gynaehealth","category":"clinic","category_label":"Abortion clinic","service_type":"Pregnancy termination","suburb":"SPRINGWOOD","state":"QLD","postcode":"4127","phone":"07 3397 1211","website":"https://www.gynaehealth.com.au","appointment_required":true,"geometry_source":"manual","boundary_status":"manual","zone_basis":"manual-premises","zone_confidence":"reviewed","legal_note":"Termination of Pregnancy Act 2018 (Qld) s 14 covers the premises and places no more than 150 m from an entrance, unless another distance is prescribed. This map instead buffers the entire mapped building, so its boundary can differ from the legal zone.","osm_url":"","data_source":"Healthdirect National Health Services Directory (NHSD)","data_source_url":"https://www.healthdirect.gov.au/australian-health-services","source_synced_at":"2026-09-16T00:09:42Z"},"geometry":{"type":"Polygon","coordinates":[[[153.12437069671833,-27.617734571627945],[153.12444043060202,-27.61801025818949],[153.12445206333405,-27.61805297449426],[153.12446526008918,-27.618095332425966],[153.1244800068661,-27.618137287038437],[153.12449628801866,-27.618178793813446],[153.12451408627263,-27.618219808707902],[153.1245333827438,-27.618260288200617],[153.1245541569582,-27.61830018933845],[153.12457638687368,-27.618339469781933],[153.12460004890343,-27.61837808785017],[153.12462511794087,-27.618416002565073],[153.1246515673864,-27.618453173694842],[153.12467936917548,-27.618489561796686],[153.12470849380858,-27.618525128258632],[153.12473891038238,-27.618559835340527],[153.1247705866225,-27.618593646214112],[153.1248034889179,-27.618626525002046],[153.12483758235638,-27.61865843681602],[153.12487283076175,-27.61868934779377],[153.12490919673212,-27.61871922513501],[153.12494664167974,-27.61874803713624],[153.1249851258717,-27.618775753224387],[153.1250246084723,-27.618802343989273],[153.1250650475863,-27.618827781214787],[153.12510640030345,-27.61885203790884],[153.12514862274384,-27.618875088332043],[153.12519167010473,-27.618896908024972],[153.1252354967078,-27.618917473834173],[153.12528005604787,-27.61893676393668],[153.12532530084215,-27.618954757863232],[153.12537118308043,-27.618971436519953],[153.125417654076,-27.618986782208616],[153.1254646645173,-27.61900077864548],[153.1255121645204,-27.619013410978475],[153.12556010368164,-27.619024665803067],[153.1256084311315,-27.619034531176396],[153.1256570955883,-27.61904299663002],[153.1257060454127,-27.619050053180974],[153.12575522866257,-27.619055693341323],[153.125804593148,-27.619059911126115],[153.12585408648678,-27.619062702059725],[153.12590365615992,-27.61906406318061],[153.12595324956746,-27.61906399304443],[153.12600281408422,-27.619062491725614],[153.12605229711573,-27.619059560817263],[153.12610164615396,-27.619055203429443],[153.12615080883302,-27.61904942418593],[153.1261997329849,-27.61904222921927],[153.12624836669468,-27.619033626164267],[153.1262966583557,-27.619023624149875],[153.1263445567242,-27.619012233789572],[153.12639201097394,-27.618999467170006],[153.12643897074986,-27.618985337838225],[153.12698614692206,-27.618811843968935],[153.12703238046387,-27.6187964303522],[153.1270780253033,-27.618779695845888],[153.12712303338645,-27.618761658067786],[153.12716735733,-27.61874233600777],[153.12721095047078,-27.61872175000775],[153.12725376691526,-27.61869992174029],[153.1272957615875,-27.61867687418577],[153.12733689027692,-27.618652631608217],[153.12737710968463,-27.618627219529703],[153.12741637746916,-27.618600664703536],[153.1274546522909,-27.618572995086055],[153.12749189385582,-27.61854423980721],[153.12752806295768,-27.618514429139886],[153.1275631215194,-27.618483594468035],[153.12759703263316,-27.618451768253607],[153.12762976059926,-27.618418984002425],[153.1276612709636,-27.618385276228864],[153.1276915305542,-27.618350680419518],[153.1277205075158,-27.618315232995855],[153.12774817134348,-27.618278971275867],[153.12777449291505,-27.618241933434756],[153.12779944452137,-27.6182041584648],[153.12782299989559,-27.618165686134205],[153.1278451342409,-27.61812655694536],[153.12786582425667,-27.618086812092056],[153.1278850481627,-27.61804649341625],[153.12790278572245,-27.618005643363922],[153.1279190182642,-27.617964304940422],[153.12793372870064,-27.617922521665182],[153.127946901547,-27.617880337525914],[153.12795852293726,-27.617837796932307],[153.12796858063876,-27.61779494466923],[153.127977064065,-27.617751825849624],[153.1279839642869,-27.617708485867],[153.1279892740421,-27.617664970347644],[153.1279929877427,-27.61762132510257],[153.12799510148096,-27.61757759607933],[153.1279956130336,-27.61753382931359],[153.12799452186397,-27.617490070880727],[153.12799182912272,-27.61744636684726],[153.12798753764656,-27.617402763222405],[153.1279816519552,-27.617359305909613],[153.12797417824666,-27.617316040658235],[153.12796512439067,-27.617273013015403],[153.1279544999205,-27.617230268278032],[153.12794231602274,-27.617187851445184],[153.12792858552564,-27.617145807170647],[153.12783470494927,-27.61687487511149],[153.12781944510257,-27.616833254674898],[153.1278026696973,-27.616792094716068],[153.12778439638913,-27.616751438550782],[153.12776464441015,-27.61671132896459],[153.12774343454845,-27.61667180816781],[153.12772078912627,-27.616632917751044],[153.12769673197653,-27.6165946986415],[153.12767128841776,-27.616557191059844],[153.1276444852274,-27.616520434477938],[153.1276163506136,-27.61648446757725],[153.1275869141857,-27.616449328208205],[153.1275562069228,-27.616415053350284],[153.12752426114136,-27.61638167907319],[153.12749111046114,-27.61634924049883],[153.1274567897697,-27.616317771764386],[153.12742133518594,-27.616287305986383],[153.12738478402176,-27.616257875225855],[153.1273471747431,-27.616229510454588],[153.1273085469293,-27.616202241522537],[153.12726894123145,-27.616176097126424],[153.12722839932957,-27.616151104779533],[153.12718696388896,-27.616127290782757],[153.12714467851504,-27.616104680196948],[153.1271015877076,-27.616083296816473],[153.127057736814,-27.616063163144286],[153.12701317198133,-27.616044300368156],[153.12696794010802,-27.616026728338415],[153.1269220887943,-27.616010465547074],[153.12687566629225,-27.61599552910833],[153.12682872145493,-27.615981934740606],[153.12678130368514,-27.615969696749968],[153.1267334628832,-27.615958828015096],[153.12668524939457,-27.61594933997374],[153.12663671395697,-27.61594124261064],[153.12658790764678,-27.615934544447082],[153.12653888182544,-27.615929252531892],[153.12648968808534,-27.615925372434017],[153.12644037819564,-27.61592290823668],[153.12639100404763,-27.61592186253309],[153.12634161760027,-27.615922236423682],[153.1262922708254,-27.615924029515007],[153.12624301565316,-27.615927239920094],[153.12619390391734,-27.615931864260475],[153.1261449873007,-27.61593789766971],[153.1260963172808,-27.61594533379854],[153.1260479450756,-27.61595416482154],[153.12599992158988,-27.615964381445377],[153.12595229736124,-27.61597597291855],[153.12590512250733,-27.615988927042746],[153.12585844667294,-27.616003230185672],[153.12533542116492,-27.616171967309622],[153.1252888225354,-27.61618777172632],[153.12524283340758,-27.616204920678577],[153.12519750317787,-27.616223395747024],[153.12515288053498,-27.616243177087927],[153.12510901340772,-27.61626424345447],[153.1250659489135,-27.61628657221964],[153.12502373330767,-27.61631013940046],[153.12498241193398,-27.61633491968378],[153.1249420291757,-27.616360886453464],[153.1249026284081,-27.616388011818962],[153.12486425195175,-27.616416266645277],[153.12482694102712,-27.61644562058424],[153.12479073571038,-27.616476042107145],[153.12475567489017,-27.616507498538528],[153.12472179622594,-27.61653995609135],[153.12468913610766,-27.61657337990324],[153.1246577296163,-27.61660773407394],[153.12462761048664,-27.616642981703865],[153.12459881107074,-27.616679084933736],[153.12457136230316,-27.616716004985243],[153.12454529366798,-27.616753702202693],[153.1245206331668,-27.616792136095604],[153.12449740728906,-27.616831265382174],[153.1244756409831,-27.616871048033662],[153.12445535762978,-27.61691144131947],[153.12443657901716,-27.616952401853094],[153.12441932531706,-27.61699388563869],[153.12440361506356,-27.617035848118327],[153.12438946513285,-27.617078244219883],[153.12437689072536,-27.617121028405386],[153.12436590534915,-27.61716415472002],[153.12435652080566,-27.61720757684138],[153.1243487471768,-27.617251248129303],[153.12434259281426,-27.617295121675937],[153.1243380643305,-27.617339150356127],[153.12433516659152,-27.617383286878006],[153.12433390271187,-27.617427483833847],[153.12433427405108,-27.61747169375093],[153.12433628021225,-27.61751586914258],[153.12433991904246,-27.617559962559113],[153.1243451866352,-27.617603926638875],[153.12435207733435,-27.617647714159055],[153.1243605837404,-27.61769127808645],[153.12437069671833,-27.617734571627945]]]}},{"type":"Feature","properties":{"id":"756b93ea-944c-4289-910f-907613094ad3","name":"MSI Brisbane Abortion & Contraception Clinic","category":"clinic","category_label":"Abortion clinic","service_type":"Pregnancy termination","suburb":"BOWEN HILLS","state":"QLD","postcode":"4006","phone":"1300 003 707","website":"https://www.msiaustralia.org.au/find-a-clinic/msi-brisbane-clinic/","appointment_required":true,"geometry_source":"openstreetmap","boundary_status":"matched","zone_basis":"osm-containing-building","zone_confidence":"building-match","legal_note":"Termination of Pregnancy Act 2018 (Qld) s 14 covers the premises and places no more than 150 m from an entrance, unless another distance is prescribed. This map instead buffers the entire mapped building, so its boundary can differ from the legal zone.","osm_url":"https://www.openstreetmap.org/way/551871973","data_source":"Healthdirect National Health Services Directory (NHSD)","data_source_url":"https://www.healthdirect.gov.au/australian-health-services","source_synced_at":"2026-09-16T00:09:42Z"},"geometry":{"type":"Polygon","coordinates":[[[153.03549247938915,-27.447591142157638],[153.03544867631453,-27.447823841688752],[153.03544128250073,-27.4478675063546],[153.03543550295777,-27.44791136237187],[153.0354313438797,-27.447955362753948],[153.03542880972444,-27.44799946035952],[153.035427903209,-27.44804360794303],[153.0354286253066,-27.44808775820533],[153.03543097524545,-27.448131863844342],[153.03543495050988,-27.448175877605756],[153.03544054684278,-27.448219752333614],[153.03544775825011,-27.448263441020874],[153.03545657700764,-27.448306896859776],[153.03546699366888,-27.448350073291945],[153.03547899707524,-27.44839292405834],[153.03549257436825,-27.448435403248766],[153.03550771100296,-27.44847746535107],[153.03552439076378,-27.448519065299934],[153.03554259578175,-27.448560158525147],[153.0355623065537,-27.448600700999314],[153.03558350196298,-27.448640649285114],[153.0356061593024,-27.44867996058176],[153.03563025429833,-27.44871859277092],[153.03565576113667,-27.448756504461798],[153.0356826524907,-27.448793655035505],[153.0357108995501,-27.44883000468858],[153.03574047205208,-27.44886551447565],[153.0357713383135,-27.44890014635112],[153.03580346526516,-27.44893386320999],[153.03583681848693,-27.448966628927568],[153.0358713622448,-27.4489984083982],[153.03590705952902,-27.449029167572885],[153.03594387209395,-27.449058873495762],[153.03598176049888,-27.449087494339395],[153.0360206841503,-27.449114999438905],[153.0360606013454,-27.449141359324823],[153.03610146931692,-27.449166545754657],[153.0361432442787,-27.44919053174317],[153.0361858814727,-27.449213291591256],[153.03622933521712,-27.449234800913548],[153.0362735589551,-27.44925503666447],[153.03631850530465,-27.44927397716298],[153.03634819430593,-27.449285447091057],[153.03637198802502,-27.4492965366132],[153.0364165046468,-27.449315671317084],[153.03646169924437,-27.44933351058053],[153.0365075239637,-27.449350035514453],[153.03655393028373,-27.449365228621446],[153.03660086906726,-27.44937907381429],[153.03664829061339,-27.44939155643301],[153.03669614470994,-27.449402663260365],[153.03674438068668,-27.449412382535893],[153.03679294746902,-27.449420703968325],[153.03699114978198,-27.449451704341687],[153.03703966899175,-27.449458577560335],[153.03708841317066,-27.449464055664766],[153.0371373313927,-27.449468132931695],[153.03718637255017,-27.44947080510136],[153.03723548540682,-27.449472069381965],[153.0372846186515,-27.44947192445266],[153.03733372095186,-27.44947037046485],[153.03738274100772,-27.44946740904209],[153.03743162760495,-27.449463043278353],[153.03748032966882,-27.449457277734798],[153.03752879631742,-27.44945011843505],[153.03757697691483,-27.449441572858834],[153.037624821124,-27.449431649934226],[153.03767227895943,-27.449420360028302],[153.0377193008392,-27.449407714936267],[153.03776583763704,-27.449393727869186],[153.0378118407334,-27.449378413440158],[153.03785726206652,-27.449361787649043],[153.0379020541824,-27.449343867865743],[153.03794617028447,-27.449324672812082],[153.03798956428258,-27.449304222542185],[153.03803219084105,-27.44928253842159],[153.038074005426,-27.449259643104877],[153.03811496435208,-27.44923556051202],[153.03815502482783,-27.449210315803388],[153.03819414500057,-27.449183935353457],[153.03822684512093,-27.449161135134204],[153.03826495100446,-27.44913367114965],[153.03830203769925,-27.44910512957587],[153.03833806652784,-27.449075540179262],[153.03837299991625,-27.449044933818996],[153.03840680143284,-27.449013342414798],[153.03843943582672,-27.448980798913702],[153.03847086906416,-27.448947337255646],[153.03850106836427,-27.448912992338112],[153.03853000223313,-27.44887779997969],[153.03855764049655,-27.448841796882743],[153.03858395433178,-27.448805020595138],[153.0386089162973,-27.44876750947104],[153.03863250036156,-27.44872930263097],[153.03865468193007,-27.448690439920945],[153.0386754378712,-27.448650961870978],[153.03869474654005,-27.448610909652754],[153.0387125878012,-27.448570325036727],[153.03872894304968,-27.44852925034852],[153.0387437952303,-27.44848772842484],[153.03875712885545,-27.448445802568738],[153.03876893002135,-27.44840351650449],[153.0387791864224,-27.448360914331968],[153.038787887364,-27.448318040480668],[153.03882758451152,-27.448102540055498],[153.0388350881714,-27.44805692276118],[153.03884083099817,-27.448011104571094],[153.03884480628687,-27.447965138996413],[153.03884700939705,-27.44791907972035],[153.03884743775788,-27.447872980535493],[153.03884609087132,-27.44782689528097],[153.03884297031257,-27.447780877779575],[153.0388380797284,-27.447734981774904],[153.03883337922397,-27.447697681825606],[153.0388271284889,-27.447654423558376],[153.03881930529462,-27.447611367212225],[153.03880991781998,-27.4475685577905],[153.0387989758788,-27.447526040038394],[153.03878649090947,-27.44748385839619],[153.03877247596327,-27.447442056952823],[153.03875694569064,-27.447400679399777],[153.03873991632562,-27.44735976898544],[153.03872140566924,-27.44731936846988],[153.03870143307063,-27.447279520080187],[153.03868001940697,-27.447240265466302],[153.03865718706152,-27.44720164565748],[153.03863295990027,-27.447163701019484],[153.03860736324708,-27.447126471212293],[153.03858042385707,-27.447089995148723],[153.0385521698888,-27.447054310953725],[153.0385226308746,-27.44701945592456],[153.03850633079466,-27.447000856064196],[153.03847550626867,-27.44696683314627],[153.03844345735104,-27.446933713185103],[153.0384102176072,-27.446901530866825],[153.03837582184985,-27.446870319895577],[153.03834030610204,-27.446840112958185],[153.0383037075599,-27.446810941689918],[153.0382660645533,-27.446782836641425],[153.03822741650598,-27.44675582724664],[153.0381878038941,-27.44672994179206],[153.03814726820383,-27.446705207387055],[153.03810585188813,-27.44668164993551],[153.0380635983221,-27.446659294108695],[153.03802055175748,-27.44663816331942],[153.03797675727654,-27.446618279697535],[153.0379322607447,-27.446599664066742],[153.03788710876256,-27.446582335922777],[153.0378413486171,-27.44656631341304],[153.03779502823213,-27.446551613317528],[153.03774819611817,-27.446538251031317],[153.03770090132153,-27.446526240548422],[153.0376531933731,-27.44651559444714],[153.03760512223636,-27.446506323876864],[153.03755673825515,-27.446498438546442],[153.03740624001983,-27.446476138815424],[153.03735706560792,-27.446469584254828],[153.0373076759311,-27.446464460560765],[153.03725812384064,-27.44646077321604],[153.03720846236172,-27.44645852616643],[153.03715874463643,-27.44645772181649],[153.03710902386715,-27.446458361026927],[153.03705935325945,-27.446460443113743],[153.03700978596524,-27.446463965848917],[153.03700378807858,-27.446464567886633],[153.03699485144236,-27.446464422172422],[153.03694510999833,-27.44646505594078],[153.03689541855803,-27.4464671337856],[153.03684583033976,-27.446470653481555],[153.0367963984512,-27.446475611259153],[153.03674717583263,-27.446482001808732],[153.03669821520023,-27.446489818286185],[153.0366495689897,-27.446499052320263],[153.03660128929997,-27.44650969402155],[153.03655342783745,-27.44652173199305],[153.03650603586078,-27.446535153342396],[153.03645916412574,-27.446549943695647],[153.03641286283107,-27.446566087212684],[153.03636718156469,-27.446583566604186],[153.03632216925044,-27.44660236315012],[153.03627787409582,-27.446622456719822],[153.03623434354043,-27.446643825793497],[153.036191624205,-27.446666447485345],[153.03614976184159,-27.446690297567997],[153.03610880128448,-27.446715350498476],[153.03606878640232,-27.446741579445586],[153.03602976005095,-27.446768956318614],[153.03599176402767,-27.446797451797412],[153.03595483902643,-27.4468270353638],[153.03591902459414,-27.44685767533426],[153.03588435908844,-27.446889338893858],[153.03585087963666,-27.446921992131358],[153.03581862209586,-27.44695560007559],[153.0357876210146,-27.446990126732857],[153.0357579095959,-27.4470255351255],[153.03572951966166,-27.44706178733151],[153.03570248161847,-27.44709884452511],[153.0356768244253,-27.44713666701835],[153.03565257556224,-27.447175214303613],[153.03562976100116,-27.447214445096982],[153.03560840517787,-27.447254317382487],[153.03558853096598,-27.447294788457054],[153.03557015965237,-27.447335814976267],[153.03555331091437,-27.44737735300079],[153.03553800279866,-27.447419358043398],[153.0355242517021,-27.447461785116662],[153.0355120723539,-27.447504588781083],[153.0355014778,-27.447547723193793],[153.03549247938915,-27.447591142157638]]]}},{"type":"Feature","properties":{"id":"f5318dd4-75ef-48e9-80af-d8855b99490c","name":"Brewer Street Medical Centre","category":"doctor","category_label":"Doctor / general practice","service_type":"Pregnancy termination","suburb":"KALLANGUR","state":"QLD","postcode":"4503","phone":"07 3448 0438","website":"https://brewerstreetmedical.com.au","appointment_required":true,"geometry_source":"manual","boundary_status":"manual","zone_basis":"manual-premises","zone_confidence":"reviewed","legal_note":"Termination of Pregnancy Act 2018 (Qld) s 14 covers the premises and places no more than 150 m from an entrance, unless another distance is prescribed. This map instead buffers the entire mapped building, so its boundary can differ from the legal zone.","osm_url":"","data_source":"Healthdirect National Health Services Directory (NHSD)","data_source_url":"https://www.healthdirect.gov.au/australian-health-services","source_synced_at":"2026-09-16T00:09:42Z"},"geometry":{"type":"Polygon","coordinates":[[[152.99799685322242,-27.24942816867186],[152.99800413936603,-27.249384930934184],[152.99800984562648,-27.249341505996114],[152.99801396601183,-27.249297939471326],[152.99801649619582,-27.249254277122144],[152.99801743352262,-27.24921056481152],[152.99801677700958,-27.24916684845481],[152.99801452734818,-27.249123173971565],[152.99801068690326,-27.249079587237322],[152.99800525971074,-27.249036134035357],[152.99799825147315,-27.248992860008666],[152.99798966955373,-27.24894981061197],[152.99797952296868,-27.24890703106398],[152.99796782237766,-27.248864566299922],[152.99795458007262,-27.248822460924327],[152.99793980996486,-27.248780759164166],[152.99792352757038,-27.248739504822414],[152.99790574999375,-27.24869874123203],[152.99788649590977,-27.248658511210458],[152.99786578554423,-27.24861885701463],[152.99784364065252,-27.248579820296616],[152.99782008449665,-27.248541442059825],[152.99779514182103,-27.248503762615993],[152.9977688388263,-27.24846682154281],[152.99774120314183,-27.248430657642352],[152.99771226379684,-27.248395308900346],[152.9976820511897,-27.24836081244624],[152.9976505970562,-27.24832720451424],[152.997617934436,-27.248294520405242],[152.99758409763808,-27.248262794449744],[152.99754912220465,-27.24823205997179],[152.99751304487384,-27.24820234925399],[152.99747590354104,-27.248173693503595],[152.9974377372192,-27.248146122819726],[152.99739858599776,-27.248119666161756],[152.99735849100057,-27.24809435131892],[152.99731749434275,-27.248070204881074],[152.99727563908635,-27.24804725221083],[152.99723296919527,-27.248025517416895],[152.99718952948885,-27.248005023328737],[152.9971453655951,-27.247985791472605],[152.9971005239025,-27.247967842048947],[152.99705505151147,-27.247951193911184],[152.99700899618477,-27.24793586454591],[152.99696240629737,-27.247921870054498],[152.9969153307858,-27.247909225136233],[152.9968678190965,-27.24789794307286],[152.996819921134,-27.247888035714617],[152.99677168720856,-27.247879513467804],[152.99672316798328,-27.24787238528386],[152.9960683168581,-27.247785843642948],[152.99601859039123,-27.24778001700718],[152.99596867448457,-27.24777565466219],[152.99591862367674,-27.247772761374335],[152.99586849265376,-27.24777134030483],[152.99581833618925,-27.247771393006353],[152.99576820908462,-27.247772919421326],[152.99571816610924,-27.247775917881977],[152.99566826194055,-27.24778038511215],[152.99561855110434,-27.24778631623091],[152.9955690879152,-27.247793704757868],[152.99551992641716,-27.247802542620224],[152.99547112032462,-27.247812820161663],[152.99542272296378,-27.247824526152826],[152.99537478721425,-27.247837647803614],[152.9953273654513,-27.247852170777165],[152.99528050948877,-27.247868079205524],[152.99523427052225,-27.24788535570693],[152.99518869907334,-27.247903981404885],[152.99514384493432,-27.247923935948688],[152.99509975711385,-27.247945197535742],[152.9950564837834,-27.247967742935323],[152.9950140722245,-27.247991547514008],[152.9949725687773,-27.24801658526254],[152.99493201878974,-27.248042828824257],[152.99489246656813,-27.248070249525007],[152.9948539553287,-27.248098817404433],[152.9948165271503,-27.248128501248743],[152.99478022292865,-27.248159268624796],[152.9947450823314,-27.248191085915522],[152.99471114375496,-27.24822391835667],[152.99467844428239,-27.248257730074783],[152.9946470196431,-27.248292484126395],[152.9946169041736,-27.248328142538387],[152.99458813078004,-27.24836466634947],[152.99456073090244,-27.248402015652765],[152.99453473447997,-27.248440149639407],[152.9945101699185,-27.2484790266431],[152.9944870640596,-27.248518604185684],[152.99446544215095,-27.248558839023513],[152.994445327819,-27.248599687194716],[152.994426743043,-27.248641104067218],[152.99440970813097,-27.248683044387523],[152.99439424169773,-27.248725462330142],[152.99438036064424,-27.248768311547654],[152.99436808013925,-27.248811545221393],[152.99435741360287,-27.24885511611252],[152.9943483726917,-27.248898976613706],[152.9942192598571,-27.249589528806926],[152.99421186266474,-27.249633575205436],[152.99420610492731,-27.249677814676545],[152.99420199292214,-27.249722199004147],[152.9941995311328,-27.249766679814186],[152.9941987222443,-27.24981120862739],[152.99419956714033,-27.24985573691212],[152.9942020649019,-27.249900216137263],[152.99420621280882,-27.249944597825095],[152.99421200634217,-27.24998883360415],[152.9942194391896,-27.250032875261944],[152.994228503252,-27.250076674797484],[152.9942391886523,-27.250120184473616],[152.99425148374644,-27.250163356869063],[152.99426537513577,-27.250206144930083],[152.9942808476818,-27.25024850202177],[152.99429788452278,-27.250290381978875],[152.99431646709186,-27.25033173915614],[152.99433657513745,-27.25037252847804],[152.99435818674527,-27.250412705487886],[152.99438127836223,-27.25045222639634],[152.99440582482202,-27.25049104812909],[152.99443179937268,-27.25052912837381],[152.99445917370562,-27.250566425626303],[152.9944879179865,-27.250602899235744],[152.99451800088787,-27.25063850944893],[152.99454938962302,-27.250673217453667],[152.99458204998206,-27.25070698542107],[152.99461594636892,-27.250739776546773],[152.99465104184037,-27.250771555091045],[152.99468729814606,-27.250802286417777],[152.99472467577044,-27.25083193703222],[152.99476313397557,-27.25086047461747],[152.99480263084584,-27.250887868069718],[152.99484312333328,-27.250914087532173],[152.99488456730484,-27.250939104427573],[152.99492691759022,-27.250962891489326],[152.9949701280313,-27.250985422791278],[152.99501415153233,-27.25100667377594],[152.99505894011128,-27.25102662128125],[152.99510444495215,-27.25104524356584],[152.99515061645823,-27.251062520332745],[152.99519740430614,-27.251078432751477],[152.9952447575006,-27.25109296347862],[152.99529262443005,-27.25110609667667],[152.99534095292304,-27.251117818031346],[152.99538969030496,-27.25112811476717],[152.9954387834554,-27.251136975661396],[152.99590728745372,-27.25121440012885],[152.99595779313537,-27.251221964936963],[152.99600855722883,-27.25122801010656],[152.99605952189674,-27.251232528750155],[152.99611062907334,-27.251235515719507],[152.99616182053035,-27.251236967611447],[152.9962130379435,-27.25123688277178],[152.99626422295896,-27.25123526129718],[152.99631531725979,-27.25123210503504],[152.99636626263242,-27.251227417581404],[152.99641700103302,-27.251221204276863],[152.99646747465357,-27.251213472200448],[152.99651762598768,-27.251204230161576],[152.99656739789634,-27.251193488690056],[152.99661673367277,-27.251181260024],[152.99681440016263,-27.251129053192134],[152.99686194885706,-27.25111573529611],[152.99690897976942,-27.251101035978824],[152.99695544213347,-27.251084971107105],[152.99700128579676,-27.251067558021816],[152.99704646127472,-27.25104881551909],[152.99709091980415,-27.251028763830085],[152.99713461339573,-27.2510074245991],[152.99717749488602,-27.250984820860204],[152.9972195179882,-27.250960977012443],[152.99726063734215,-27.250935918793402],[152.99730080856332,-27.250909673251506],[152.99733998829066,-27.250882268716765],[152.99737813423351,-27.250853734770203],[152.99741520521724,-27.250824102211944],[152.99745116122747,-27.250793403027956],[152.99748596345367,-27.2507616703555],[152.99751957433062,-27.250728938447388],[152.9975519575793,-27.250695242634986],[152.99758307824584,-27.25066061929009],[152.99761290273926,-27.250625105785648],[152.99764139886796,-27.25058874045542],[152.99766853587408,-27.250551562552616],[152.99769428446706,-27.250513612207484],[152.99771861685497,-27.250474930384026],[152.99774150677476,-27.250435558835786],[152.99776292952038,-27.25039554006072],[152.99778286196954,-27.250354917255383],[152.99780128260866,-27.250313734268282],[152.9978181715562,-27.250272035552527],[152.99783351058377,-27.250229866117852],[152.9978472831363,-27.25018727148205],[152.99785947434935,-27.25014429762182],[152.99787007106568,-27.250100990923134],[152.997879061849,-27.25005739813119],[152.99799685322242,-27.24942816867186]]]}},{"type":"Feature","properties":{"id":"098c0872-7bf7-47ad-8f65-a5835e6610ed","name":"Hyde Park Medical Centre","category":"doctor","category_label":"Doctor / general practice","service_type":"Pregnancy termination","suburb":"HYDE PARK","state":"QLD","postcode":"4812","phone":"07 4772 6222","website":"https://hydeparkmedicalcentre.com.au/","appointment_required":true,"geometry_source":"openstreetmap","boundary_status":"matched","zone_basis":"osm-containing-building","zone_confidence":"reviewed","legal_note":"Termination of Pregnancy Act 2018 (Qld) s 14 covers the premises and places no more than 150 m from an entrance, unless another distance is prescribed. This map instead buffers the entire mapped building, so its boundary can differ from the legal zone.","osm_url":"https://www.openstreetmap.org/way/600714515","data_source":"Healthdirect National Health Services Directory (NHSD)","data_source_url":"https://www.healthdirect.gov.au/australian-health-services","source_synced_at":"2026-09-16T00:09:42Z"},"geometry":{"type":"Polygon","coordinates":[[[146.79782600247142,-19.27609734840569],[146.79777974202977,-19.276093718539055],[146.7977333811024,-19.27609150878234],[146.7976869686027,-19.276090721466986],[146.79764055349847,-19.276091357423642],[146.7975941847603,-19.276093415981336],[146.79754791130983,-19.276096894968184],[146.79750178196815,-19.27610179071365],[146.79745584540436,-19.276108098052443],[146.79741015008412,-19.276115810329973],[146.79736474421875,-19.276124919409337],[146.79731967571396,-19.276135415679942],[146.79727499211975,-19.27614728806762],[146.79723074057995,-19.276160524046315],[146.79718696778255,-19.276175109651312],[146.7971437199106,-19.276191029493955],[146.79710104259325,-19.27620826677787],[146.79705898085774,-19.276226803316717],[146.79701757908194,-19.276246619553362],[146.7969768809474,-19.276267694580493],[146.79693692939335,-19.2762900061627],[146.79689776657145,-19.276313530759914],[146.79685943380113,-19.276338243552274],[146.7968219715262,-19.27636411846626],[146.79678541927214,-19.276391128202256],[146.79674981560424,-19.276419244263312],[146.79671519808716,-19.27644843698522],[146.79668160324505,-19.276478675567827],[146.79664906652323,-19.27650992810749],[146.79661762225058,-19.276542161630772],[146.7965873036036,-19.276575342129213],[146.79655814257103,-19.276609434595215],[146.79653016992052,-19.27664440305897],[146.7965034151658,-19.276680210626406],[146.79647790653578,-19.276716819518125],[146.79645367094463,-19.27675419110925],[146.79643073396346,-19.276792285970167],[146.7964091197933,-19.276831063908148],[146.79638885123958,-19.27687048400974],[146.79636994968803,-19.276910504683922],[146.79635243508213,-19.27695108370601],[146.79633632590213,-19.276992178262176],[146.79632163914548,-19.277033744994654],[146.79630839030887,-19.27707574004744],[146.79629659337192,-19.27711811911261],[146.79628626078244,-19.27716083747702],[146.7962774034432,-19.277203850069526],[146.79627003070067,-19.277247111508498],[146.7962641503347,-19.277290576149728],[146.79625976855087,-19.277334198134575],[146.79624766729236,-19.277479798040787],[146.79624477755888,-19.27752376137051],[146.7962434099539,-19.277567790318567],[146.79624356593672,-19.277611837941347],[146.79624524534228,-19.27765585727531],[146.7962484463812,-19.277699801387016],[146.79625316564184,-19.277743623423202],[146.79625939809364,-19.277787276660725],[146.79626713709277,-19.277830714556373],[146.7962763743891,-19.277873890796503],[146.79628710013495,-19.277916759346418],[146.7962993028956,-19.27795927449942],[146.79631296966159,-19.278001390925596],[146.79632808586243,-19.278043063720105],[146.79634463538216,-19.27808424845109],[146.79636260057666,-19.27812490120704],[146.79638196229232,-19.278164978643584],[146.79640269988644,-19.278204438029746],[146.79642479124942,-19.278243237293506],[146.7964482128281,-19.278281335066616],[146.796472939651,-19.278318690728756],[146.79649894535498,-19.278355264450823],[146.79652620221324,-19.27839101723739],[146.79655468116488,-19.27842591096832],[146.796584351846,-19.278459908439363],[146.79661518262202,-19.278492973401885],[146.79664714062122,-19.278525070601454],[146.7966801917702,-19.278556165815484],[146.79671430082976,-19.278586225889697],[146.7967494314328,-19.278615218773478],[146.79678554612292,-19.278643113554057],[146.79682260639441,-19.27866988048947],[146.79686057273332,-19.27869549104027],[146.79689940465957,-19.278719917899945],[146.7969390607701,-19.278743135024072],[146.796979498783,-19.278765117658033],[146.79702067558273,-19.278785842363465],[146.7970625472659,-19.278805287043213],[146.79710506918823,-19.27882343096492],[146.79714819601205,-19.278840254783102],[146.79719188175466,-19.278855740559806],[146.79723607983743,-19.278869871783733],[146.79728074313545,-19.278882633387827],[146.7973258240277,-19.278894011765345],[146.7973712744479,-19.27890399478438],[146.7974170459357,-19.27891257180079],[146.79746308968848,-19.278919733669543],[146.79750935661323,-19.278925472754477],[146.79798816047875,-19.278977373179078],[146.79803464371292,-19.278981686518932],[146.7980812514493,-19.278984563739286],[146.79812793390278,-19.27898600176676],[146.79817464120845,-19.27898599906531],[146.7982213234749,-19.278984555637816],[146.79826793083737,-19.278981673026106],[146.7983144135112,-19.27897735430931],[146.79836072184494,-19.278971604100544],[146.7984068063733,-19.27896442854204],[146.7984526178701,-19.27895583529852],[146.79849810740092,-19.278945833549052],[146.7985432263751,-19.278934433977206],[146.79858792659797,-19.27892164875968],[146.79863216032217,-19.278907491553294],[146.79867588029865,-19.278891977480345],[146.7987190398271,-19.278875123112513],[146.79876159280604,-19.278856946453136],[146.79880349378186,-19.27883746691797],[146.79884469799742,-19.278816705314473],[146.79888516143996,-19.278794683819534],[146.79892484088796,-19.278771425955835],[146.7989636939575,-19.278746956566685],[146.7990016791473,-19.278721301789503],[146.79903875588326,-19.27869448902788],[146.7990748845617,-19.278666546922324],[146.79911002659168,-19.278637505319644],[146.79914414443618,-19.27860739524109],[146.79917720165236,-19.278576248849188],[146.79920916293023,-19.278544099413427],[146.79923999413057,-19.278510981274664],[146.7992696623213,-19.278476929808487],[146.79929813581276,-19.278441981387395],[146.7993253841914,-19.27840617334196],[146.79935137835233,-19.278369543920956],[146.7993760905305,-19.278332132250483],[146.79939949433023,-19.278293978292186],[146.79942156475343,-19.278255122800573],[146.79944227822642,-19.27821560727944],[146.7994616126249,-19.278175473937605],[146.7994795472977,-19.278134765643774],[146.79949606308887,-19.278093525880745],[146.79951114235806,-19.278051798699003],[146.79952476899936,-19.278009628669604],[146.79953692845856,-19.277967060836623],[146.79954760774865,-19.277924140669015],[146.79955679546373,-19.277880914012027],[146.79956448179107,-19.277837427038268],[146.79957065852173,-19.277793726198357],[146.79958945722345,-19.277641826053234],[146.7995940845883,-19.27759833094901],[146.79959721653074,-19.277554717157635],[146.7995988497631,-19.277511030477662],[146.79959898257158,-19.277467316784154],[146.79959761481786,-19.277423621980503],[146.79959474793944,-19.277379991950212],[146.79959038494798,-19.277336472508747],[146.79958453042624,-19.277293109355405],[146.7995771905231,-19.27724994802533],[146.79956837294736,-19.27720703384169],[146.79955808695934,-19.27716441186811],[146.79954634336133,-19.27712212686131],[146.79953315448628,-19.27708022322416],[146.7995185341847,-19.277038744958993],[146.7995024978102,-19.276997735621467],[146.7994850622034,-19.27695723827477],[146.79946624567407,-19.276917295444417],[146.79944606798213,-19.27687794907364],[146.7994245503168,-19.276839240479276],[146.7994017152742,-19.276801210308438],[146.79937758683388,-19.276763898495805],[146.7993521903335,-19.276727344221694],[146.79932555244213,-19.27669158587093],[146.79929770113242,-19.27665666099251],[146.79926866565108,-19.27662260626022],[146.7992384764884,-19.276589457434103],[146.79920716534588,-19.276557249322888],[146.79917476510315,-19.2765260157475],[146.79914130978355,-19.27649578950548],[146.7991068345181,-19.27646660233658],[146.7990713755089,-19.276438484889443],[146.79903496999097,-19.276411466689403],[146.79899765619308,-19.276385576107515],[146.79895947329788,-19.276360840330693],[146.7989204614004,-19.276337285333266],[146.79888066146626,-19.27631493584961],[146.7988401152884,-19.276293815348236],[146.79879886544344,-19.276273946007134],[146.79875695524677,-19.27625534869046],[146.79871442870717,-19.27623804292668],[146.7986713304806,-19.276222046888016],[146.79862770582324,-19.27620737737138],[146.79858360054408,-19.276194049780763],[146.79853906095664,-19.276182078111017],[146.7984941338307,-19.276171474933196],[146.79844886634268,-19.276162251381358],[146.79840330602653,-19.27615441714082],[146.79835750072365,-19.276147980438058],[146.79831149853266,-19.27614294803205],[146.79782600247142,-19.27609734840569]]]}},{"type":"Feature","properties":{"id":"12b8df52-0190-4296-f330-e8867dfb10df","name":"Nanyara Clinic","category":"clinic","category_label":"Abortion clinic","service_type":"Pregnancy termination","suburb":"RIVERVALE","state":"WA","postcode":"6103","phone":"08 9277 6070","website":"","appointment_required":true,"geometry_source":"openstreetmap","boundary_status":"matched","zone_basis":"osm-containing-building","zone_confidence":"building-match","legal_note":"Public Health Act 2016 (WA) s 202O includes the abortion premises and the area within 150 m outside its boundary. This map buffers the mapped building, which may not exactly match the legal premises boundary.","osm_url":"https://www.openstreetmap.org/way/882598058","data_source":"Healthdirect National Health Services Directory (NHSD)","data_source_url":"https://www.healthdirect.gov.au/australian-health-services","source_synced_at":"2026-09-16T00:09:42Z"},"geometry":{"type":"Polygon","coordinates":[[[115.91423631790768,-31.956476777955253],[115.91431541775393,-31.95655017868269],[115.91435116008232,-31.95658227473834],[115.9143881213894,-31.956613361067657],[115.9144262620724,-31.9566434043617],[115.91446554126475,-31.95667237242909],[115.91450591687982,-31.95670023423053],[115.91454734565602,-31.956726959912068],[115.91458978320328,-31.956752520837053],[115.91463318405044,-31.95677688961689],[115.91467750169404,-31.956800040140315],[115.91472268864818,-31.95682194760143],[115.91476869649539,-31.956842588526268],[115.91481547593848,-31.956861940797936],[115.91486297685341,-31.956879983680338],[115.914911148343,-31.956896697840374],[115.91495993879143,-31.956912065368694],[115.9150092959196,-31.956926069798847],[115.91505916684108,-31.956938696124936],[115.91510949811895,-31.956949930817757],[115.9151602358228,-31.956959761839187],[115.91521132558681,-31.956968178655195],[115.91526271266775,-31.95697517224707],[115.91531434200394,-31.956980735121096],[115.9153661582739,-31.956984861316577],[115.91541810595592,-31.956987546412275],[115.91547012938744,-31.956988787531046],[115.9155221728248,-31.956988583343037],[115.91557418050273,-31.95698693406702],[115.91562609669445,-31.956983841470237],[115.91567786577113,-31.956979308866423],[115.9157294322616,-31.956973341112334],[115.91578074091186,-31.95696594460247],[115.91583173674417,-31.95695712726228],[115.91588236511596,-31.956946898539638],[115.91593257177861,-31.95693526939475],[115.91598230293528,-31.95692225228834],[115.91603150529876,-31.956907861168386],[115.91608012614851,-31.95689211145511],[115.9161281133872,-31.956875020024455],[115.91617541559641,-31.95685660519003],[115.91622198209197,-31.956836886683487],[115.91626776297795,-31.95681588563335],[115.91631270920045,-31.956793624542357],[115.91635677259994,-31.956770127263404],[115.91639990596299,-31.956745418973934],[115.91644206307278,-31.956719526148976],[115.91648319875871,-31.956692476532783],[115.91652326894473,-31.956664299109068],[115.91656223069656,-31.956635024069968],[115.9166857309138,-31.95653912303095],[115.91672352131764,-31.95650879919235],[115.9167601223979,-31.956477442770492],[115.91679549498231,-31.95644508732565],[115.91682960121351,-31.956411767487314],[115.91686240458954,-31.95637751891713],[115.91689387000307,-31.95634237827068],[115.91692396377887,-31.956306383158307],[115.91695265370984,-31.956269572104787],[115.91697990909151,-31.95623198450816],[115.91700570075487,-31.95619366059754],[115.9170300010976,-31.95615464139004],[115.91705278411361,-31.956114968646858],[115.91707402542087,-31.956074684828632],[115.91709370228746,-31.95603383304995],[115.91711179365596,-31.955992457033204],[115.91712828016591,-31.955950601061815],[115.91714314417453,-31.955908309932802],[115.91715636977568,-31.955865628908896],[115.91716794281677,-31.955822603670008],[115.91717785091392,-31.95577928026442],[115.9171860834653,-31.955735705059443],[115.91719263166232,-31.95569192469183],[115.9171974884991,-31.955647986017837],[115.91720064878007,-31.95560393606307],[115.91720210912531,-31.9555598219722],[115.91720186797438,-31.95551569095842],[115.91719992558784,-31.955471590253026],[115.9171962840469,-31.955427567054766],[115.9171909472514,-31.955383668479364],[115.91718392091546,-31.955339941509134],[115.91717521256138,-31.955296432942635],[115.91716483151157,-31.955253189344635],[115.91715278887865,-31.95521025699625],[115.91713909755346,-31.9551676818454],[115.91712377219123,-31.95512550945767],[115.91710682919604,-31.955083784967524],[115.91708828670302,-31.955042553030022],[115.91706816455915,-31.95500185777299],[115.91704648430193,-31.954961742749873],[115.91702326913622,-31.954922250893013],[115.91699854390961,-31.954883424467788],[115.9169723350856,-31.954845305027362],[115.9169446707155,-31.95480793336822],[115.91691558040813,-31.954771349486492],[115.91688509529837,-31.954735592535165],[115.91685324801371,-31.95470070078216],[115.9168200726394,-31.954666711569423],[115.91678560468186,-31.954633661272943],[115.9167066045285,-31.954560361999423],[115.91667088279662,-31.95452828758716],[115.91663394372753,-31.954497221684687],[115.91659582685128,-31.95446719753588],[115.91655657295811,-31.954438247269795],[115.91651622405489,-31.954410401866276],[115.91647482332019,-31.954383691122846],[115.91643241505798,-31.95435814362277],[115.91638904465034,-31.954333786704495],[115.91634475850874,-31.95431064643242],[115.91629960402452,-31.954288747569002],[115.91625362951817,-31.954268113548224],[115.91620688418749,-31.954248766450544],[115.91615941805513,-31.954230726979276],[115.91611128191494,-31.954214014438428],[115.91606252727765,-31.95419864671207],[115.91601320631574,-31.95418464024515],[115.91596337180769,-31.954172010025967],[115.91591307708144,-31.95416076957005],[115.91586237595733,-31.95415093090576],[115.91581132269052,-31.954142504561446],[115.91575997191298,-31.954135499554063],[115.91570837857495,-31.95412992337966],[115.91565659788628,-31.954125782005253],[115.91560468525718,-31.954123079862523],[115.91555269623916,-31.954121819843],[115.91550068646528,-31.95412200329504],[115.915448711591,-31.954123630022327],[115.91539682723429,-31.954126698284096],[115.91534508891635,-31.954131204797033],[115.91529355200214,-31.95413714473874],[115.91524227164103,-31.954144511752897],[115.915191302708,-31.954153297956136],[115.91514069974474,-31.954163493946346],[115.91509051690142,-31.954175088812864],[115.91504080787867,-31.954188070148053],[115.91499162587012,-31.95420242406063],[115.91494302350559,-31.95421813519053],[115.91489505279468,-31.954235186725302],[115.91484776507104,-31.954253560418145],[115.91480121093771,-31.954273236607364],[115.9147554402127,-31.9542941942375],[115.91471050187582,-31.95431641088179],[115.91466644401623,-31.95433986276619],[115.91462331378106,-31.954364524794794],[115.91458115732478,-31.954390370576697],[115.91454001976005,-31.954417372454234],[115.91449994510924,-31.9544455015326],[115.91446097625746,-31.95447472771071],[115.91433737647927,-31.954570526671926],[115.91429953241597,-31.95460083736837],[115.91426287779628,-31.95463218271137],[115.91422745189348,-31.95466452911727],[115.91419329266462,-31.95469784192978],[115.91416043670972,-31.95473208545714],[115.91412891923252,-31.954767223010396],[115.91409877400285,-31.954803216942672],[115.91407003332044,-31.95484002868952],[115.9140427279802,-31.9548776188102],[115.91401688723941,-31.954915947029995],[115.91399253878612,-31.9549549722833],[115.9139697087097,-31.95499465275764],[115.91394842147281,-31.955034945938504],[115.91392869988513,-31.955075808654808],[115.91391056507895,-31.955117197125226],[115.91389403648655,-31.955159067005066],[115.91387913181934,-31.95520137343375],[115.91386586704886,-31.955244071082948],[115.9138542563897,-31.955287114205092],[115.91384431228418,-31.955330456682365],[115.91383604538917,-31.955374052076202],[115.9138294645645,-31.95541785367694],[115.91382457686353,-31.955461814553935],[115.91382138752553,-31.955505887605813],[115.91381989997016,-31.95555002561096],[115.9138201157937,-31.955594181278066],[115.91382203476735,-31.955638307296862],[115.91382565483748,-31.955682356388763],[115.91383097212783,-31.95572628135754],[115.91383798094367,-31.955770035139896],[115.9138466737778,-31.95581357085587],[115.91385704131861,-31.95585684185908],[115.9138690724602,-31.95589980178674],[115.91388275431409,-31.955942404609257],[115.913898072223,-31.955984604679614],[115.91391500977677,-31.956026356782274],[115.91393354882966,-31.956067616181592],[115.91395366952001,-31.95610833866979],[115.91397535029137,-31.956148480614324],[115.91399856791561,-31.956187999004577],[115.91402329751786,-31.956226851498045],[115.91404951260313,-31.956264996465634],[115.91407718508462,-31.956302393036268],[115.91410628531399,-31.956339001140723],[115.91413678211286,-31.95637478155457],[115.91416864280644,-31.95640969594013],[115.91420183325847,-31.956443706887626],[115.91423631790768,-31.956476777955253]]]}},{"type":"Feature","properties":{"id":"f6ee1077-09f4-4c26-9edf-99e2341a73cc","name":"MSI Perth Abortion & Contraception Clinic","category":"clinic","category_label":"Abortion clinic","service_type":"Pregnancy termination","suburb":"MIDLAND","state":"WA","postcode":"6056","phone":"1300 003 707","website":"https://www.msiaustralia.org.au/find-a-clinic/msi-perth-clinic/","appointment_required":true,"geometry_source":"openstreetmap","boundary_status":"matched","zone_basis":"osm-containing-building","zone_confidence":"reviewed","legal_note":"Public Health Act 2016 (WA) s 202O includes the abortion premises and the area within 150 m outside its boundary. This map buffers the mapped building, which may not exactly match the legal premises boundary.","osm_url":"https://www.openstreetmap.org/way/161783678","data_source":"Healthdirect National Health Services Directory (NHSD)","data_source_url":"https://www.healthdirect.gov.au/australian-health-services","source_synced_at":"2026-09-16T00:09:42Z"},"geometry":{"type":"Polygon","coordinates":[[[116.00900831021026,-31.893085629214646],[116.00901955860563,-31.893116700778407],[116.00903629127666,-31.893158090528757],[116.00905459634195,-31.89319899770648],[116.0090744545407,-31.893239379263896],[116.0090958449776,-31.893279192706355],[116.00911874514483,-31.893318396137026],[116.00914313094579,-31.893356948300916],[116.00916897672033,-31.89339480862837],[116.00919625527189,-31.893431937277708],[116.00922493789604,-31.893468295177172],[116.00925499441064,-31.893503844066032],[116.00928639318771,-31.8935385465349],[116.00931910118662,-31.893572366065023],[116.00935308398883,-31.893605267066793],[116.00938830583426,-31.893637214917153],[116.00942472965876,-31.893668175996044],[116.00946231713316,-31.8936981177218],[116.00950102870364,-31.893727008585444],[116.00954082363332,-31.893754818183822],[116.00958166004516,-31.893781517251618],[116.00962349496594,-31.893807077692163],[116.00966628437162,-31.893831472606994],[116.00970998323362,-31.893854676324157],[116.0097545455661,-31.893876664425235],[116.00979992447448,-31.89389741377107],[116.00984607220481,-31.893916902526044],[116.00989294019394,-31.893935110181157],[116.00994047912062,-31.893952017575547],[116.0099886389575,-31.89396760691665],[116.0100373690237,-31.893981861799006],[116.01016327059027,-31.89401676228507],[116.01020688450487,-31.894028265997893],[116.01025086983334,-31.894038700679797],[116.0102951902327,-31.894048057709117],[116.01033980908319,-31.894056329354548],[116.0104626107734,-31.89407752965892],[116.01051387690923,-31.894085638679783],[116.01056542887244,-31.89409231491759],[116.01061721112718,-31.894097551180153],[116.01066916788943,-31.89410134182654],[116.0107212431872,-31.89410368277319],[116.01077338092075,-31.89410457149821],[116.01082552492309,-31.894104007044223],[116.01087761902046,-31.89410199001928],[116.01092960709288,-31.894098522596295],[116.0109814331346,-31.894093608510644],[116.01103304131446,-31.894087253056213],[116.01108437603598,-31.894079463079574],[116.0111353819974,-31.89407024697273],[116.0111860042511,-31.89405961466402],[116.01123618826287,-31.89404757760739],[116.0112858799707,-31.89403414877014],[116.011335025843,-31.89401934261885],[116.01138357293625,-31.894003175103883],[116.01143146895207,-31.89398566364213],[116.01147866229357,-31.893966827098318],[116.01152510212087,-31.893946685764586],[116.01157073840601,-31.89392526133873],[116.01161552198671,-31.893902576900736],[116.01165940461944,-31.893878656887992],[116.01170233903125,-31.89385352706887],[116.01174427897091,-31.89382721451508],[116.0117851792586,-31.893799747572366],[116.01182499583452,-31.893771155830063],[116.01186368580652,-31.893741470089218],[116.01190120749621,-31.893710722329338],[116.01193752048384,-31.893678945674022],[116.01197258565196,-31.893646174355172],[116.01200636522738,-31.893612443676236],[116.01203882282199,-31.893577789974056],[116.01206992347197,-31.893542250579795],[116.01209963367533,-31.89350586377871],[116.01212792142809,-31.893468668768858],[116.01213986864322,-31.89345176708604],[116.01215389369457,-31.89343343205125],[116.01218064625648,-31.893395832280632],[116.01220594270356,-31.893357512891686],[116.01222975621278,-31.893318514519116],[116.01225206153369,-31.893278878517595],[116.01227283501531,-31.893238646917883],[116.01229205463103,-31.893197862382273],[116.0123097000022,-31.893156568159327],[116.01232575241951,-31.89311480803807],[116.01234019486294,-31.893072626301475],[116.0123530120198,-31.893030067679543],[116.0123641903009,-31.892987177301883],[116.01237371785496,-31.89294400064985],[116.01239631599698,-31.892831500372758],[116.01240422869277,-31.892787798422354],[116.01241045025866,-31.89274389977547],[116.01241497401308,-31.892699851593584],[116.01241779509847,-31.892655701198777],[116.0124189104865,-31.892611496022873],[116.01241831898139,-31.89256728355645],[116.01241602122106,-31.89252311129791],[116.01241201967645,-31.892479026702322],[116.01240631864894,-31.892435077130575],[116.01239892426571,-31.892391309798356],[116.012389844473,-31.89234777172557],[116.01237908902777,-31.892304509685747],[116.01236666948706,-31.892261570155757],[116.01235259919567,-31.892218999266],[116.01233689327162,-31.892176842750725],[116.01231956859017,-31.892135145898965],[116.01230064376553,-31.892093953505874],[116.01228013913084,-31.892053309824625],[116.01225807671634,-31.89201325851882],[116.0122344802257,-31.891973842615627],[116.01220937501067,-31.89193510445955],[116.01218278804353,-31.891897085666905],[116.01215474788846,-31.891859827081202],[116.0121252846706,-31.891823368729156],[116.01209443004382,-31.8917877497778],[116.0120622171566,-31.891753008492316],[116.01202868061652,-31.891719182194993],[116.011993856453,-31.891686307225108],[116.01195778207867,-31.891654418899904],[116.01192049624906,-31.89162355147665],[116.01188203902107,-31.891593738115805],[116.01184245170992,-31.891565010845483],[116.01180177684469,-31.891537400526957],[116.01176005812273,-31.89151093682156],[116.01171734036261,-31.891485648158817],[116.01167366945609,-31.89146156170588],[116.0116290923188,-31.89143870333841],[116.01158365683969,-31.89141709761268],[116.0115374118298,-31.891396767739316],[116.01149040696973,-31.891377735558276],[116.01144269275625,-31.8913600215154],[116.01139432044803,-31.891343644640514],[116.01134534201073,-31.89132862252693],[116.01129581006101,-31.891314971312553],[116.01124577781015,-31.891302705662547],[116.0111952990067,-31.891291838753613],[116.01108160053741,-31.891269039078693],[116.01105395402094,-31.89126389854833],[116.01103268221249,-31.891259196603652],[116.0109775196857,-31.891248766765177],[116.0109219551912,-31.89124000918528],[116.01081705666452,-31.891225109400583],[116.0107662150963,-31.891218604006006],[116.01071515223884,-31.89121349875513],[116.01066392156514,-31.89120979899416],[116.01061257672409,-31.89120750859749],[116.01056117148394,-31.89120662996361],[116.01050975967628,-31.89120716401266],[116.01045839513958,-31.891209110185347],[116.01040713166282,-31.89121246644366],[116.01035602292907,-31.891217229272915],[116.01030512245947,-31.89122339368548],[116.0102544835571,-31.89123095322599],[116.01020415925109,-31.891239899978075],[116.0101542022412,-31.89125022457267],[116.01010466484266,-31.891261916197884],[116.01005559893127,-31.891274962610193],[116.01000705588913,-31.89128935014738],[116.00995908655096,-31.891305063742784],[116.00991174115067,-31.89132208694106],[116.00986506926893,-31.891340401915468],[116.00981911978113,-31.89135998948648],[116.00977394080627,-31.89138082914189],[116.00972957965658,-31.891402899058306],[116.00968608278797,-31.891426176123957],[116.0096434957513,-31.891450635962936],[116.00960186314484,-31.8914762529607],[116.0095612285674,-31.89150300029092],[116.00952163457282,-31.89153084994353],[116.0094831226253,-31.891559772754036],[116.00944573305605,-31.891589738434188],[116.00940950502101,-31.89162071560352],[116.00937447645984,-31.891652671822307],[116.0093406840563,-31.89168557362556],[116.0093081631996,-31.89171938655796],[116.00927694794758,-31.89175407521003],[116.00924707099094,-31.891789603255198],[116.00921856361892,-31.8918259334878],[116.00919145568672,-31.891863027862062],[116.00916577558402,-31.89190084753195],[116.00914155020543,-31.891939352891846],[116.00911880492217,-31.89197850361797],[116.00909756355558,-31.8920182587107],[116.00907784835222,-31.892058576537412],[116.00905967996036,-31.89209941487614],[116.00904307740859,-31.892140730959735],[116.00901787643522,-31.89220693066145],[116.00900223883933,-31.892250509793133],[116.00898834328866,-31.89229451238921],[116.00897620563335,-31.89233888826541],[116.00896583971877,-31.892383586811615],[116.00895573893305,-31.89243138668794],[116.00894745754266,-31.89247459975162],[116.00894083213656,-31.892518018225886],[116.00893586969578,-31.89256159637675],[116.00893257544983,-31.892605288301954],[116.00893095287101,-31.892649047979347],[116.00893100367082,-31.89269282931533],[116.00893272779817,-31.892736586193422],[116.00893612343928,-31.892780272522845],[116.00894118701984,-31.89282384228708],[116.00894791320852,-31.89286724959229],[116.00895629492264,-31.892910448715753],[116.00896632333574,-31.892953394153903],[116.00897798788671,-31.892996040670386],[116.00899127629101,-31.893038343343623],[116.00900617455358,-31.893080257614162],[116.00900831021026,-31.893085629214646]]]}},{"type":"Feature","properties":{"id":"e9b237c4-65ba-9db5-4498-34795e8073af","name":"Pregnancy Advisory Centre","category":"clinic","category_label":"Abortion clinic","service_type":"Pregnancy termination","suburb":"WOODVILLE PARK","state":"SA","postcode":"5011","phone":"08 7117 8999","website":"http://www.sahealth.sa.gov.au/AbortionSupportServices","appointment_required":true,"geometry_source":"manual","boundary_status":"manual","zone_basis":"manual-premises","zone_confidence":"reviewed","legal_note":"Health Care Act 2008 (SA) s 48B defines the health access zone as the protected premises plus public areas within 150 m. This map shows the full building buffer, including land that may not be a public area.","osm_url":"","data_source":"Healthdirect National Health Services Directory (NHSD)","data_source_url":"https://www.healthdirect.gov.au/australian-health-services","source_synced_at":"2026-09-16T00:09:42Z"},"geometry":{"type":"Polygon","coordinates":[[[138.54102692583803,-34.88575199070701],[138.54129514748539,-34.88594561287824],[138.54133588429806,-34.885974068474944],[138.54137772808403,-34.88600142191839],[138.5414206345476,-34.88602764425158],[138.54146455826782,-34.88605270771487],[138.54150945274685,-34.886076585775434],[138.54155527045899,-34.88609925315531],[138.54160196290104,-34.88612068585817],[138.54164948064374,-34.886140861194725],[138.54169777338396,-34.886159757806766],[138.54174678999803,-34.88617735568978],[138.5417964785959,-34.88619363621409],[138.54184678657606,-34.88620858214462],[138.54189766068114,-34.88622217765911],[138.54194904705437,-34.88623440836491],[138.5420008912967,-34.88624526131419],[138.54205313852418,-34.88625472501763],[138.54210573342624,-34.88626278945665],[138.54215862032422,-34.886269446093934],[138.54221174323018,-34.88627468788256],[138.54226504590648,-34.886278509273374],[138.542318471925,-34.886280906220904],[138.54237196472707,-34.88628187618767],[138.54242546768333,-34.88628141814683],[138.5424789241536,-34.88627953258327],[138.542532277547,-34.886276221493155],[138.54258547138178,-34.88627148838167],[138.54263844934508,-34.88626533825948],[138.54269115535263,-34.8862577776373],[138.54274353360807,-34.8862488145191],[138.54279552866214,-34.886238458393514],[138.54284708547124,-34.886226720223924],[138.5428981494558,-34.88621361243672],[138.542948666558,-34.886199148908254],[138.54299858329918,-34.88618334495009],[138.54304784683615,-34.886166217292796],[138.54309640501745,-34.88614778406825],[138.54314420643837,-34.88612806479044],[138.54319120049547,-34.88610708033479],[138.54323733744013,-34.88608485291603],[138.5432825684311,-34.886061406064755],[138.5433268455865,-34.88603676460243],[138.5433701220342,-34.886010954615195],[138.54341235196162,-34.88598400342614],[138.54345349066415,-34.88595593956644],[138.54349349459255,-34.885926792745195],[138.54353232139897,-34.88589659381786],[138.54356992998189,-34.885865374753664],[138.54360628052947,-34.88583316860173],[138.5436413345619,-34.885800009456105],[138.54383713495238,-34.885608587878394],[138.54387097295168,-34.88557438774038],[138.54390343173196,-34.885539299623304],[138.54393447668838,-34.88550336093718],[138.54396407472348,-34.885466609998836],[138.5439921942827,-34.88542908599105],[138.54401880538785,-34.88539082892073],[138.54404387966923,-34.88535187957636],[138.54406739039558,-34.88531227948441],[138.544089312503,-34.88527207086508],[138.5441096226212,-34.885231296587335],[138.54412829909873,-34.88519000012313],[138.54414532202597,-34.88514822550112],[138.54416067325639,-34.88510601725963],[138.54417433642567,-34.885063420399284],[138.54418629696943,-34.88502048033493],[138.54419654213856,-34.88497724284728],[138.5442050610129,-34.884933754034016],[138.54421184451272,-34.88489006026078],[138.54421688540867,-34.884846208111576],[138.54422017832917,-34.88480224433924],[138.5442217197663,-34.884758215815545],[138.54422150807946,-34.88471416948117],[138.5442195434972,-34.88467015229575],[138.54421582811682,-34.884626211187744],[138.54421036590225,-34.88458239300446],[138.54420316267974,-34.88453874446205],[138.54419422613165,-34.88449531209572],[138.54418356578825,-34.88445214221018],[138.54417119301763,-34.884409280830155],[138.5441571210134,-34.88436677365146],[138.5441413647807,-34.88432466599217],[138.54412394112032,-34.884283002744354],[138.54410486861056,-34.88424182832627],[138.54408416758747,-34.884201186634876],[138.5440618601233,-34.88416112099916],[138.5440379700028,-34.8841216741339],[138.5440125226979,-34.88408288809411],[138.5439855453406,-34.88404480423025],[138.54395706669402,-34.8840074631441],[138.54392711712163,-34.88397090464552],[138.54389572855496,-34.883935167709964],[138.5438629344596,-34.88390029043699],[138.54382876979938,-34.88386631000959],[138.54379327099923,-34.88383326265457],[138.54375647590626,-34.88380118360396],[138.5437184237494,-34.88377010705739],[138.54367915509766,-34.88374006614573],[138.54363871181675,-34.8837110928957],[138.5435971370246,-34.88368321819573],[138.54331550643747,-34.883500601473315],[138.54327248813001,-34.883473638959835],[138.5432284112378,-34.883447852632145],[138.54318332353103,-34.88342327043666],[138.54313727387515,-34.883399919014785],[138.54309031217798,-34.88337782367397],[138.5430424893358,-34.88335700836041],[138.5429938571779,-34.88333749563302],[138.5429444684106,-34.883319306638974],[138.54289437656018,-34.883302461090835],[138.5428436359147,-34.88328697724518],[138.54279230146523,-34.883272871882795],[138.54274042884643,-34.88326016029056],[138.54268807427601,-34.88324885624477],[138.54263529449395,-34.88323897199633],[138.54258214670105,-34.88323051825735],[138.5425286884968,-34.88322350418969],[138.54247497781708,-34.88321793739489],[138.5424210728714,-34.883213823906026],[138.54236703207977,-34.883211168181106],[138.54231291400933,-34.88320997309831],[138.542258777311,-34.883210239952824],[138.5422046806559,-34.88321196845545],[138.54215068267177,-34.883215156732874],[138.54209684187938,-34.8832198013298],[138.54204321662922,-34.883225897212604],[138.54198986503818,-34.88323343777482],[138.54193684492665,-34.88324241484426],[138.54188421375576,-34.88325281869199],[138.54183202856527,-34.883264638042704],[138.54178034591163,-34.88327786008706],[138.54172922180672,-34.88329247049553],[138.54167871165717,-34.8833084534339],[138.54162887020436,-34.88332579158049],[138.5415797514651,-34.883344466144834],[138.54153140867288,-34.88336445688814],[138.5414838942206,-34.883385742145165],[138.54143725960333,-34.88340829884766],[138.54139155536288,-34.88343210254948],[138.54134683103277,-34.883457127452914],[138.54130313508477,-34.883483346436805],[138.54126051487617,-34.88351073108584],[138.54121901659855,-34.88353925172135],[138.54117868522772,-34.8835688774335],[138.54113956447503,-34.883599576114776],[138.54110169673984,-34.883631314494735],[138.54106512306376,-34.88366405817617],[138.54102988308597,-34.883697771672246],[138.54084749200516,-34.88387818862862],[138.54081375015488,-34.883912701624034],[138.54078140605728,-34.8839481036809],[138.54075049450148,-34.88398435672294],[138.54072104873597,-34.88402142175861],[138.54069310043295,-34.884059258922925],[138.540666679654,-34.88409782752042],[138.5406418148181,-34.884137086068876],[138.54061853267066,-34.884176992343946],[138.54059685825507,-34.884217503424544],[138.54057681488564,-34.88425857573905],[138.54055842412245,-34.88430016511214],[138.54054170574827,-34.88434222681226],[138.54052667774718,-34.884384715599836],[138.54051335628523,-34.88442758577583],[138.5405017556931,-34.884470791230925],[138.54049188845065,-34.88451428549516],[138.5404837651734,-34.8845580217878],[138.54047739460128,-34.88460195306778],[138.54047278358902,-34.884646032084234],[138.54046993709895,-34.88469021142726],[138.54046885819545,-34.88473444357905],[138.54046954804187,-34.88477868096487],[138.54047200589903,-34.884822876004314],[138.54047622912617,-34.8848669811624],[138.54048221318382,-34.88491094900078],[138.5404899516384,-34.884954732228714],[138.54049943616943,-34.88499828375395],[138.54051065657836,-34.88504155673339],[138.5405236007994,-34.88508450462344],[138.5405382549127,-34.8851270812301],[138.54055460315914,-34.88516924075864],[138.5405726279574,-34.88521093786289],[138.54059230992274,-34.885252127693946],[138.540613627888,-34.88529276594846],[138.5406365589261,-34.885332808916345],[138.54066107837494,-34.88537221352766],[138.5406871598639,-34.88541093739906],[138.54071477534194,-34.88544893887932],[138.54074389510808,-34.88548617709417],[138.54077448784315,-34.885522611990254],[138.5408065206436,-34.885558204378185],[138.54083995905674,-34.88559291597477],[138.54087476711786,-34.88562670944411],[138.54091090738893,-34.885659548437815],[138.54094834099888,-34.885691397634105],[138.54098702768536,-34.88572222277575],[138.54102692583803,-34.88575199070701]]]}},{"type":"Feature","properties":{"id":"e40324eb-f974-4ad3-aa19-e0ee90461952","name":"Pandanus Medical NT","category":"doctor","category_label":"Doctor / general practice","service_type":"Pregnancy termination","suburb":"MILLNER","state":"NT","postcode":"0810","phone":"0889452488","website":"https://www.pandanusmedicalnt.com.au","appointment_required":true,"geometry_source":"openstreetmap","boundary_status":"matched","zone_basis":"osm-containing-building","zone_confidence":"building-match","legal_note":"Termination of Pregnancy Law Reform Act 2017 (NT) s 4 includes the premises for terminations and the area within 150 m outside its boundary. This map buffers the mapped building, which may not exactly match the legal premises boundary.","osm_url":"https://www.openstreetmap.org/way/233928611","data_source":"Healthdirect National Health Services Directory (NHSD)","data_source_url":"https://www.healthdirect.gov.au/australian-health-services","source_synced_at":"2026-09-16T00:09:42Z"},"geometry":{"type":"Polygon","coordinates":[[[130.8567099549469,-12.389849523200537],[130.85669281697062,-12.389849587605546],[130.85625481923586,-12.389853887583326],[130.8562092792346,-12.38985506847958],[130.85616380387967,-12.38985771564392],[130.85611844264557,-12.389861826196388],[130.8560732448827,-12.38986739566494],[130.85602825976355,-12.38987441799032],[130.85598353622936,-12.389882885532655],[130.85593912293675,-12.389892789079743],[130.85591162306656,-12.389899389046594],[130.85586527645825,-12.389911348916533],[130.85581938269905,-12.389924872474717],[130.85577399707404,-12.38993994343025],[130.8557291742563,-12.389956543628186],[130.85568496824087,-12.389974653071404],[130.8556414322799,-12.389994249944705],[130.85559861881825,-12.390015310641063],[130.8555565794307,-12.390037809790094],[130.85553307950187,-12.390050909731244],[130.8554938429424,-12.390073629038886],[130.85545539588267,-12.390097601414453],[130.8554177802565,-12.390122800711637],[130.85538103709095,-12.390149199445949],[130.85534520646155,-12.390176768824663],[130.8553103274485,-12.390205478778261],[130.8552764380942,-12.390235297993197],[130.85524357536167,-12.390266193946054],[130.85521177509423,-12.390298132939023],[130.8551810719764,-12.390331080136662],[130.8551514994961,-12.390364999603863],[130.85512308990815,-12.390399854345072],[130.85509587419904,-12.39043560634462],[130.85508837417777,-12.39044580631384],[130.85506205364544,-12.390482896042707],[130.85503701801892,-12.390520824894642],[130.85501329531644,-12.390559550422946],[130.85500539527536,-12.390572950388355],[130.85498473594947,-12.390609275007991],[130.85496523187814,-12.390646203868252],[130.8549469015677,-12.390683701930133],[130.85492976241102,-12.390721733614527],[130.85491383067063,-12.390760262836011],[130.85489912146355,-12.390799253037057],[130.85488564874674,-12.390838667222745],[130.85487342530416,-12.390878467995837],[130.85486762521043,-12.390898467967638],[130.85485573987353,-12.390942240299427],[130.85484536550678,-12.39098637760964],[130.85483651380233,-12.391030830157701],[130.8548291947364,-12.39107554784776],[130.85482341655802,-12.391120480285135],[130.85481918577972,-12.391165576833107],[130.8548165071702,-12.391210786669983],[130.85481538374893,-12.391256058846382],[130.85481581678275,-12.391301342342635],[130.85483225033056,-12.391915569932062],[130.85483436507317,-12.392259993058675],[130.85483530786604,-12.392302390156683],[130.8548376146311,-12.392344737361356],[130.8548412830893,-12.392386992823141],[130.85484630961602,-12.392429114783127],[130.85485268924438,-12.392471061614327],[130.8548604156704,-12.392512791862785],[130.85486948125907,-12.392554264288586],[130.85487678110755,-12.392585264324529],[130.85488741174055,-12.392627307736246],[130.85489941864563,-12.392668996200253],[130.8549127894489,-12.39271028675176],[130.85492751037086,-12.39275113683604],[130.8549435662405,-12.392791504352305],[130.85496094051098,-12.392831347697099],[130.85497961527668,-12.392870625807154],[130.8549995712916,-12.392909298201733],[130.85502078798928,-12.39294732502434],[130.85504324350393,-12.392984667083802],[130.85506691469297,-12.393021285894653],[130.8550917771609,-12.393057143716813],[130.85511780528446,-12.393092203594474],[130.85514497223897,-12.393126429394192],[130.8551650722027,-12.393150929473444],[130.85519369930248,-12.393184684595049],[130.85522343409085,-12.393217513536007],[130.85525424517587,-12.393249381637313],[130.85528610002928,-12.393280255254357],[130.85531896502073,-12.39331010179243],[130.85535280545355,-12.393338889741155],[130.85538758560105,-12.393366588707746],[130.85542326874452,-12.393393169449094],[130.85545981721185,-12.393418603902647],[130.8554971924173,-12.39344286521603],[130.8555353549023,-12.393465927775415],[130.85557426437703,-12.39348776723253],[130.85560646447814,-12.393505167311293],[130.85564626615914,-12.393525853664945],[130.8556867379354,-12.393545260169397],[130.8557278366797,-12.39356336614477],[130.85576951859667,-12.393580152297044],[130.85581173926954,-12.393595600738621],[130.8558544537073,-12.393609695007388],[130.85589761639284,-12.39362242008425],[130.85594118133133,-12.393633762409157],[130.85598510209925,-12.39364370989553],[130.85602933189392,-12.39365225194316],[130.85607382358336,-12.39365937944949],[130.85611852975646,-12.393665084819325],[130.85616340277355,-12.393669361972925],[130.85620839481717,-12.393672206352482],[130.856253457943,-12.393673614926971],[130.85629265814575,-12.393674214930076],[130.85630777937536,-12.39367436551186],[130.85676328173176,-12.393676465522738],[130.85680870011058,-12.393675945398478],[130.85685407641793,-12.393673966910034],[130.8568993615781,-12.393670532197193],[130.856944506614,-12.393665644974687],[130.85698946270014,-12.39365931052818],[130.8570341812153,-12.393651535708539],[130.8570786137953,-12.39364232892443],[130.85712271238518,-12.39363170013324],[130.85716642929117,-12.39361966083027],[130.8572097172324,-12.393606224036345],[130.85725252939193,-12.393591404283697],[130.8572948194674,-12.393575217600267],[130.8573365417211,-12.393557681492362],[130.85737765102957,-12.393538814925721],[130.85741810293212,-12.393518638305002],[130.8574578536792,-12.393497173451713],[130.85749686027964,-12.393474443580619],[130.85753508054702,-12.393450473274621],[130.85757247314544,-12.393425288458173],[130.8576089976342,-12.393398916369241],[130.85764461451149,-12.393371385529852],[130.85767928525712,-12.393342725715234],[130.8577129723742,-12.393312967921613],[130.85774563942977,-12.393282144332709],[130.857777251094,-12.393250288284896],[130.85780777317868,-12.393217434231167],[130.8578371726739,-12.393183617703867],[130.85786541778393,-12.393148875276264],[130.85789247796163,-12.39311324452299],[130.85791832394136,-12.393076763979398],[130.85794292777072,-12.3930394730999],[130.85794554459818,-12.393035204899629],[130.8579781816861,-12.393022983702219],[130.8580194715658,-12.393006002495492],[130.85806017582777,-12.392987722268149],[130.85810025164363,-12.39296816225442],[130.85813965684625,-12.3929473430351],[130.85817834997414,-12.392925286515908],[130.8582162903151,-12.392902015904417],[130.858253437949,-12.392877555685656],[130.85828975378988,-12.392851931596326],[130.858325199627,-12.392825170597737],[130.8583597381649,-12.392797300847425],[130.85839333306305,-12.392768351669533],[130.8584259489737,-12.392738353523953],[130.8584575515792,-12.392707337974269],[130.8584881076282,-12.39267533765455],[130.85851758497049,-12.392642386235025],[130.8585459525909,-12.392608518386622],[130.85857318064197,-12.392573769744521],[130.85859924047526,-12.392538176870643],[130.85862410467155,-12.392501777215173],[130.8586477470697,-12.39246460907717],[130.85867014279418,-12.392426711564244],[130.85869126828112,-12.392388124551445],[130.85871110130333,-12.392348888639267],[130.85872962099344,-12.39230904511095],[130.85874680786605,-12.392268635889037],[130.85876264383813,-12.392227703491264],[130.858777112248,-12.39218629098581],[130.858790197873,-12.392144441946016],[130.8588018869454,-12.392102200404487],[130.85881216716692,-12.392059610806806],[130.85882102772163,-12.392016717964744],[130.8588284592874,-12.391973567009117],[130.85883445404556,-12.391930203342302],[130.85883900568933,-12.39188667259046],[130.85884210943038,-12.391843020555532],[130.85884376200366,-12.391799293167049],[130.85885285972932,-12.391369593121158],[130.85885305963245,-12.391325856118424],[130.85885180773263,-12.391282135774818],[130.85884910534665,-12.391238478050207],[130.85884495531604,-12.391194928838607],[130.85883936200412,-12.39115153391992],[130.8588323312914,-12.391108338911856],[130.85882387056947,-12.391065389221932],[130.85881398873312,-12.391022729999767],[130.858802696171,-12.39098040608961],[130.85879000475478,-12.390938461983204],[130.8587759278266,-12.390896941773008],[130.85876048018505,-12.390855889105861],[130.8587436780696,-12.390815347137083],[130.85872553914362,-12.390775358485119],[130.8587060824756,-12.390735965186744],[130.85868532851936,-12.390697208652863],[130.85866329909237,-12.390659129624988],[130.85864001735288,-12.390621768132402],[130.85861550777554,-12.390585163450096],[130.85858979612567,-12.390549354057466],[130.8585629094323,-12.39051437759787],[130.8585348759595,-12.39048027083907],[130.85850572517694,-12.390447069634561],[130.85850107069263,-12.390442103702059],[130.858483452051,-12.390417101486081],[130.8584566160518,-12.390381567940645],[130.85842860377585,-12.390346911248427],[130.85839944523516,-12.390313168539635],[130.8583691716699,-12.390280375965252],[130.8583378155146,-12.390248568658293],[130.85830541036376,-12.390217780696178],[130.8582719909357,-12.390188045064221],[130.85823759303523,-12.390159393620278],[130.85820225351566,-12.390131857060643],[130.85816601023888,-12.390105464887137],[130.85812890203508,-12.390080245375518],[130.85809096866112,-12.390056225545175],[130.8580522507578,-12.390033431130199],[130.85801278980642,-12.390011886551797],[130.8579726280844,-12.389991614892132],[130.8579318086199,-12.38997263786961],[130.85789037514556,-12.389954975815584],[130.8578483720521,-12.3899386476526],[130.85780584434025,-12.389923670874115],[130.85776283757292,-12.38991006152574],[130.8577193978262,-12.389897834188083],[130.85767557163996,-12.3898870019611],[130.85763140596822,-12.38987757645007],[130.85758694812856,-12.389869567753168],[130.85754224575166,-12.38986298445064],[130.8574973467301,-12.389857833595606],[130.8574522991672,-12.389854120706522],[130.85740715132536,-12.389851849761248],[130.8573619515744,-12.389851023192795],[130.8567099549469,-12.389849523200537]]]}}]}
